[
{
    "model": "auth.group",
    "pk": 1,
    "fields": {
        "name": "instructor",
        "permissions": []
    }
},
{
    "model": "sites.site",
    "pk": 1,
    "fields": {
        "domain": "127.0.0.1",
        "name": "127.0.0.1"
    }
},
{
    "model": "authtools.user",
    "pk": 1,
    "fields": {
        "password": "argon2$argon2i$v=19$m=512,t=2,p=2$VlpTV3RVZUU5dkh1$iFEi/ej6nCIXpLiOgRLdVA",
        "last_login": "2019-12-07T10:08:06.026Z",
        "is_superuser": false,
        "email": "instructor01@bogus.com",
        "is_staff": false,
        "is_active": true,
        "date_joined": "2019-09-21T06:41:06.771Z",
        "name": "User Name",
        "groups": [
            [
                "instructor"
            ]
        ],
        "user_permissions": []
    }
},
{
    "model": "authtools.user",
    "pk": 2,
    "fields": {
        "password": "argon2$argon2i$v=19$m=512,t=2,p=2$NGhTbTVHZkxNZk85$oKvjCjqK/Si2dP8PJ46BUA",
        "last_login": null,
        "is_superuser": false,
        "email": "instructor02@bogus.com",
        "is_staff": false,
        "is_active": true,
        "date_joined": "2019-09-21T06:41:06.891Z",
        "name": "User Name",
        "groups": [
            [
                "instructor"
            ]
        ],
        "user_permissions": []
    }
},
{
    "model": "authtools.user",
    "pk": 3,
    "fields": {
        "password": "argon2$argon2i$v=19$m=512,t=2,p=2$Ymk0NlRtN215aWVz$kOv6vR1I3GQkuJgDHP7vBQ",
        "last_login": null,
        "is_superuser": false,
        "email": "instructor03@bogus.com",
        "is_staff": false,
        "is_active": true,
        "date_joined": "2019-09-21T06:41:06.948Z",
        "name": "User Name",
        "groups": [
            [
                "instructor"
            ]
        ],
        "user_permissions": []
    }
},
{
    "model": "authtools.user",
    "pk": 4,
    "fields": {
        "password": "argon2$argon2i$v=19$m=512,t=2,p=2$UmNYNmhQcjhKVmN5$XzrEpF1l7va2RFUw/THvGQ",
        "last_login": null,
        "is_superuser": false,
        "email": "instructor04@bogus.com",
        "is_staff": false,
        "is_active": true,
        "date_joined": "2019-09-21T06:41:06.961Z",
        "name": "User Name",
        "groups": [
            [
                "instructor"
            ]
        ],
        "user_permissions": []
    }
},
{
    "model": "authtools.user",
    "pk": 5,
    "fields": {
        "password": "argon2$argon2i$v=19$m=512,t=2,p=2$N0JnOG1iM0NoNWZl$uPvehhgSue+uBCkqW5zvoA",
        "last_login": null,
        "is_superuser": false,
        "email": "instructor05@bogus.com",
        "is_staff": false,
        "is_active": true,
        "date_joined": "2019-09-21T06:41:06.974Z",
        "name": "User Name",
        "groups": [
            [
                "instructor"
            ]
        ],
        "user_permissions": []
    }
},
{
    "model": "authtools.user",
    "pk": 6,
    "fields": {
        "password": "argon2$argon2i$v=19$m=512,t=2,p=2$dnFDeVlYOXJjeVhT$TL76B/TqoYn37OFn73Phow",
        "last_login": null,
        "is_superuser": false,
        "email": "instructor06@bogus.com",
        "is_staff": false,
        "is_active": true,
        "date_joined": "2019-09-21T06:41:06.990Z",
        "name": "User Name",
        "groups": [
            [
                "instructor"
            ]
        ],
        "user_permissions": []
    }
},
{
    "model": "authtools.user",
    "pk": 7,
    "fields": {
        "password": "argon2$argon2i$v=19$m=512,t=2,p=2$aW1DdndvWTl5d3Q5$+DQce8dM/rGliN9dV6dfEw",
        "last_login": null,
        "is_superuser": false,
        "email": "instructor07@bogus.com",
        "is_staff": false,
        "is_active": true,
        "date_joined": "2019-09-21T06:41:07.048Z",
        "name": "User Name",
        "groups": [
            [
                "instructor"
            ]
        ],
        "user_permissions": []
    }
},
{
    "model": "authtools.user",
    "pk": 8,
    "fields": {
        "password": "argon2$argon2i$v=19$m=512,t=2,p=2$NHdIYk5XUklwNlll$WNn1d4PxKq6BXc/Ik0A7NQ",
        "last_login": null,
        "is_superuser": false,
        "email": "instructor08@bogus.com",
        "is_staff": false,
        "is_active": true,
        "date_joined": "2019-09-21T06:41:07.061Z",
        "name": "User Name",
        "groups": [
            [
                "instructor"
            ]
        ],
        "user_permissions": []
    }
},
{
    "model": "authtools.user",
    "pk": 9,
    "fields": {
        "password": "argon2$argon2i$v=19$m=512,t=2,p=2$dW9CSzVwTHJnSTFJ$TmOC15+hF4vBxevnZTi+5Q",
        "last_login": null,
        "is_superuser": false,
        "email": "instructor09@bogus.com",
        "is_staff": false,
        "is_active": true,
        "date_joined": "2019-09-21T06:41:07.072Z",
        "name": "User Name",
        "groups": [
            [
                "instructor"
            ]
        ],
        "user_permissions": []
    }
},
{
    "model": "authtools.user",
    "pk": 10,
    "fields": {
        "password": "argon2$argon2i$v=19$m=512,t=2,p=2$OUtvSU1PTE5Lb3FH$2gTYI921IUCUSJYFJNmKZg",
        "last_login": null,
        "is_superuser": false,
        "email": "instructor10@bogus.com",
        "is_staff": false,
        "is_active": true,
        "date_joined": "2019-09-21T06:41:07.084Z",
        "name": "User Name",
        "groups": [
            [
                "instructor"
            ]
        ],
        "user_permissions": []
    }
},
{
    "model": "authtools.user",
    "pk": 11,
    "fields": {
        "password": "argon2$argon2i$v=19$m=512,t=2,p=2$eE9jckxFbnBRUUxZ$wfTMcSjhk8rUmVnxSqfG9A",
        "last_login": null,
        "is_superuser": false,
        "email": "student01@bogus.com",
        "is_staff": false,
        "is_active": true,
        "date_joined": "2019-09-21T06:41:10.143Z",
        "name": "User Name",
        "groups": [],
        "user_permissions": []
    }
},
{
    "model": "authtools.user",
    "pk": 12,
    "fields": {
        "password": "argon2$argon2i$v=19$m=512,t=2,p=2$VXB5UFFiSDV5MmRW$DwxquQT+q64xD9aEIbHNPA",
        "last_login": null,
        "is_superuser": false,
        "email": "student02@bogus.com",
        "is_staff": false,
        "is_active": true,
        "date_joined": "2019-09-21T06:41:10.204Z",
        "name": "User Name",
        "groups": [],
        "user_permissions": []
    }
},
{
    "model": "authtools.user",
    "pk": 13,
    "fields": {
        "password": "argon2$argon2i$v=19$m=512,t=2,p=2$alZEajQ1VEJNaHdz$pt7BEipZTbp+BF6iNqKSHQ",
        "last_login": null,
        "is_superuser": false,
        "email": "student03@bogus.com",
        "is_staff": false,
        "is_active": true,
        "date_joined": "2019-09-21T06:41:10.212Z",
        "name": "User Name",
        "groups": [],
        "user_permissions": []
    }
},
{
    "model": "authtools.user",
    "pk": 14,
    "fields": {
        "password": "argon2$argon2i$v=19$m=512,t=2,p=2$bEV6azVqSzE0SWk5$7aXzQZR+dvlMiK9vscgyxw",
        "last_login": null,
        "is_superuser": false,
        "email": "student04@bogus.com",
        "is_staff": false,
        "is_active": true,
        "date_joined": "2019-09-21T06:41:10.220Z",
        "name": "User Name",
        "groups": [],
        "user_permissions": []
    }
},
{
    "model": "authtools.user",
    "pk": 15,
    "fields": {
        "password": "argon2$argon2i$v=19$m=512,t=2,p=2$TTVMdzFqWUdBSlhZ$M6Hv52hV3Gq7gSzrpnsDGQ",
        "last_login": null,
        "is_superuser": false,
        "email": "student05@bogus.com",
        "is_staff": false,
        "is_active": true,
        "date_joined": "2019-09-21T06:41:10.228Z",
        "name": "User Name",
        "groups": [],
        "user_permissions": []
    }
},
{
    "model": "authtools.user",
    "pk": 16,
    "fields": {
        "password": "argon2$argon2i$v=19$m=512,t=2,p=2$OTI3MEVkY3FOdkgx$Jlw3RbWdbhykPkcLePjIIw",
        "last_login": null,
        "is_superuser": false,
        "email": "student06@bogus.com",
        "is_staff": false,
        "is_active": true,
        "date_joined": "2019-09-21T06:41:10.235Z",
        "name": "User Name",
        "groups": [],
        "user_permissions": []
    }
},
{
    "model": "authtools.user",
    "pk": 17,
    "fields": {
        "password": "argon2$argon2i$v=19$m=512,t=2,p=2$ZExuaVRxMkFqS0NG$tn4MlVeN6A1dh9sJPFcqew",
        "last_login": null,
        "is_superuser": false,
        "email": "student07@bogus.com",
        "is_staff": false,
        "is_active": true,
        "date_joined": "2019-09-21T06:41:10.242Z",
        "name": "User Name",
        "groups": [],
        "user_permissions": []
    }
},
{
    "model": "authtools.user",
    "pk": 18,
    "fields": {
        "password": "argon2$argon2i$v=19$m=512,t=2,p=2$ZnBjTGVVWjhOeFBJ$qTPLFSxvQ05SVS6DJFsHnA",
        "last_login": null,
        "is_superuser": false,
        "email": "student08@bogus.com",
        "is_staff": false,
        "is_active": true,
        "date_joined": "2019-09-21T06:41:10.251Z",
        "name": "User Name",
        "groups": [],
        "user_permissions": []
    }
},
{
    "model": "authtools.user",
    "pk": 19,
    "fields": {
        "password": "argon2$argon2i$v=19$m=512,t=2,p=2$bWZCeE9qanVFVlBF$3JINVdGm/YsWvC4gh/5slw",
        "last_login": null,
        "is_superuser": false,
        "email": "student09@bogus.com",
        "is_staff": false,
        "is_active": true,
        "date_joined": "2019-09-21T06:41:10.262Z",
        "name": "User Name",
        "groups": [],
        "user_permissions": []
    }
},
{
    "model": "authtools.user",
    "pk": 20,
    "fields": {
        "password": "argon2$argon2i$v=19$m=512,t=2,p=2$cVFYYUlkZFNnR2Z6$pF7GPf7vGH2tcmZAbJmmog",
        "last_login": null,
        "is_superuser": false,
        "email": "student10@bogus.com",
        "is_staff": false,
        "is_active": true,
        "date_joined": "2019-09-21T06:41:10.269Z",
        "name": "User Name",
        "groups": [],
        "user_permissions": []
    }
},
{
    "model": "authtools.user",
    "pk": 21,
    "fields": {
        "password": "argon2$argon2i$v=19$m=512,t=2,p=2$STBhcmlYNGIweGtn$SDlxz/4KX/mP5TrzHUTVwQ",
        "last_login": "2019-12-07T08:57:49.344Z",
        "is_superuser": true,
        "email": "superuser@bogus.com",
        "is_staff": true,
        "is_active": true,
        "date_joined": "2019-09-21T06:42:14.164Z",
        "name": "Super User",
        "groups": [],
        "user_permissions": []
    }
},
{
    "model": "siteprefs.preference",
    "pk": 1,
    "fields": {
        "app": "ontask",
        "name": "notification_template",
        "text": "\n<html>\n<head/>\n<body>\n<p>Dear {{ user.name }}</p>\n\n<p>This message is to inform you that on {{ email_sent_datetime }}\n{{ num_messages }} email{% if num_messages > 1 %}s{% endif %} were sent\nresulting from the execution of the action with name \"{{ action.name }}\".</p>\n\n{% if filter_present %}\n<p>The action had a filter that reduced the number of messages from\n{{ num_rows }} to {{ num_selected }}.</p>\n{% else %}\n<p>All the data rows stored in the workflow table were used.</p>\n{% endif %}\n\nRegards.\nThe OnTask Support Team\n</body></html>"
    }
},
{
    "model": "siteprefs.preference",
    "pk": 2,
    "fields": {
        "app": "ontask",
        "name": "notification_subject",
        "text": "OnTask: Action executed"
    }
},
{
    "model": "siteprefs.preference",
    "pk": 3,
    "fields": {
        "app": "ontask",
        "name": "notification_sender",
        "text": "abelardo.pardo@unisa.edu.au"
    }
},
{
    "model": "siteprefs.preference",
    "pk": 4,
    "fields": {
        "app": "ontask",
        "name": "content_types",
        "text": "[\"text/csv\", \"application/json\", \"application/gzip\", \"application/x-gzip\", \"application/vnd.ms-excel\"]"
    }
},
{
    "model": "siteprefs.preference",
    "pk": 5,
    "fields": {
        "app": "ontask",
        "name": "max_upload_size",
        "text": "209715200"
    }
},
{
    "model": "siteprefs.preference",
    "pk": 6,
    "fields": {
        "app": "ontask",
        "name": "plugin_directory",
        "text": "/Users/pardosa/ontask_b/lib/plugins"
    }
},
{
    "model": "siteprefs.preference",
    "pk": 7,
    "fields": {
        "app": "ontask",
        "name": "max_log_list_size",
        "text": "200"
    }
},
{
    "model": "siteprefs.preference",
    "pk": 8,
    "fields": {
        "app": "ontask",
        "name": "help_url",
        "text": "html/index.html"
    }
},
{
    "model": "ontask.column",
    "pk": 1,
    "fields": {
        "name": "SID",
        "description_text": "",
        "workflow": 1,
        "data_type": "integer",
        "is_key": true,
        "position": 1,
        "in_viz": true,
        "categories": [],
        "active_from": null,
        "active_to": null
    }
},
{
    "model": "ontask.column",
    "pk": 2,
    "fields": {
        "name": "email",
        "description_text": "",
        "workflow": 1,
        "data_type": "string",
        "is_key": true,
        "position": 2,
        "in_viz": true,
        "categories": [],
        "active_from": null,
        "active_to": null
    }
},
{
    "model": "ontask.column",
    "pk": 3,
    "fields": {
        "name": "Surname",
        "description_text": "",
        "workflow": 1,
        "data_type": "string",
        "is_key": false,
        "position": 3,
        "in_viz": true,
        "categories": [],
        "active_from": null,
        "active_to": null
    }
},
{
    "model": "ontask.column",
    "pk": 4,
    "fields": {
        "name": "GivenName",
        "description_text": "",
        "workflow": 1,
        "data_type": "string",
        "is_key": false,
        "position": 4,
        "in_viz": true,
        "categories": [],
        "active_from": null,
        "active_to": null
    }
},
{
    "model": "ontask.column",
    "pk": 5,
    "fields": {
        "name": "MiddleInitial",
        "description_text": "",
        "workflow": 1,
        "data_type": "string",
        "is_key": false,
        "position": 5,
        "in_viz": true,
        "categories": [],
        "active_from": null,
        "active_to": null
    }
},
{
    "model": "ontask.column",
    "pk": 6,
    "fields": {
        "name": "Gender",
        "description_text": "",
        "workflow": 1,
        "data_type": "string",
        "is_key": false,
        "position": 6,
        "in_viz": true,
        "categories": [],
        "active_from": null,
        "active_to": null
    }
},
{
    "model": "ontask.column",
    "pk": 7,
    "fields": {
        "name": "UOS Code",
        "description_text": "",
        "workflow": 1,
        "data_type": "string",
        "is_key": false,
        "position": 7,
        "in_viz": true,
        "categories": [],
        "active_from": null,
        "active_to": null
    }
},
{
    "model": "ontask.column",
    "pk": 8,
    "fields": {
        "name": "Program",
        "description_text": "",
        "workflow": 1,
        "data_type": "string",
        "is_key": false,
        "position": 8,
        "in_viz": true,
        "categories": [
            "FEIT",
            "FSCI",
            "FASS",
            "SMED"
        ],
        "active_from": null,
        "active_to": null
    }
},
{
    "model": "ontask.column",
    "pk": 9,
    "fields": {
        "name": "Enrolment Type",
        "description_text": "",
        "workflow": 1,
        "data_type": "string",
        "is_key": false,
        "position": 9,
        "in_viz": true,
        "categories": [],
        "active_from": null,
        "active_to": null
    }
},
{
    "model": "ontask.column",
    "pk": 10,
    "fields": {
        "name": "Attendance",
        "description_text": "",
        "workflow": 1,
        "data_type": "string",
        "is_key": false,
        "position": 10,
        "in_viz": true,
        "categories": [],
        "active_from": null,
        "active_to": null
    }
},
{
    "model": "ontask.column",
    "pk": 11,
    "fields": {
        "name": "Difficult Week 1",
        "description_text": "What was the most difficult topic in this week's lecture?",
        "workflow": 1,
        "data_type": "string",
        "is_key": false,
        "position": 11,
        "in_viz": true,
        "categories": [
            "",
            "Concept 1",
            "Concept 2",
            "Concept 3",
            "Concept 4"
        ],
        "active_from": null,
        "active_to": null
    }
},
{
    "model": "ontask.column",
    "pk": 12,
    "fields": {
        "name": "Sat W1",
        "description_text": "What was the most relevant topic in this week's lecture?",
        "workflow": 1,
        "data_type": "string",
        "is_key": false,
        "position": 12,
        "in_viz": true,
        "categories": [
            "Metabolism",
            "DNA",
            "RNA",
            "No idea"
        ],
        "active_from": null,
        "active_to": null
    }
},
{
    "model": "ontask.column",
    "pk": 13,
    "fields": {
        "name": "Q01",
        "description_text": "",
        "workflow": 1,
        "data_type": "double",
        "is_key": false,
        "position": 13,
        "in_viz": true,
        "categories": [],
        "active_from": null,
        "active_to": null
    }
},
{
    "model": "ontask.column",
    "pk": 14,
    "fields": {
        "name": "Q02",
        "description_text": "",
        "workflow": 1,
        "data_type": "double",
        "is_key": false,
        "position": 14,
        "in_viz": true,
        "categories": [],
        "active_from": null,
        "active_to": null
    }
},
{
    "model": "ontask.column",
    "pk": 15,
    "fields": {
        "name": "Q03",
        "description_text": "",
        "workflow": 1,
        "data_type": "double",
        "is_key": false,
        "position": 15,
        "in_viz": true,
        "categories": [],
        "active_from": null,
        "active_to": null
    }
},
{
    "model": "ontask.column",
    "pk": 16,
    "fields": {
        "name": "Q04",
        "description_text": "",
        "workflow": 1,
        "data_type": "double",
        "is_key": false,
        "position": 16,
        "in_viz": true,
        "categories": [],
        "active_from": null,
        "active_to": null
    }
},
{
    "model": "ontask.column",
    "pk": 17,
    "fields": {
        "name": "Q05",
        "description_text": "",
        "workflow": 1,
        "data_type": "double",
        "is_key": false,
        "position": 17,
        "in_viz": true,
        "categories": [],
        "active_from": null,
        "active_to": null
    }
},
{
    "model": "ontask.column",
    "pk": 18,
    "fields": {
        "name": "Q06",
        "description_text": "",
        "workflow": 1,
        "data_type": "double",
        "is_key": false,
        "position": 18,
        "in_viz": true,
        "categories": [],
        "active_from": null,
        "active_to": null
    }
},
{
    "model": "ontask.column",
    "pk": 19,
    "fields": {
        "name": "Q07",
        "description_text": "",
        "workflow": 1,
        "data_type": "double",
        "is_key": false,
        "position": 19,
        "in_viz": true,
        "categories": [],
        "active_from": null,
        "active_to": null
    }
},
{
    "model": "ontask.column",
    "pk": 20,
    "fields": {
        "name": "Q08",
        "description_text": "",
        "workflow": 1,
        "data_type": "double",
        "is_key": false,
        "position": 20,
        "in_viz": true,
        "categories": [],
        "active_from": null,
        "active_to": null
    }
},
{
    "model": "ontask.column",
    "pk": 21,
    "fields": {
        "name": "Q09",
        "description_text": "",
        "workflow": 1,
        "data_type": "double",
        "is_key": false,
        "position": 21,
        "in_viz": true,
        "categories": [],
        "active_from": null,
        "active_to": null
    }
},
{
    "model": "ontask.column",
    "pk": 22,
    "fields": {
        "name": "Q10",
        "description_text": "",
        "workflow": 1,
        "data_type": "double",
        "is_key": false,
        "position": 22,
        "in_viz": true,
        "categories": [],
        "active_from": null,
        "active_to": null
    }
},
{
    "model": "ontask.column",
    "pk": 23,
    "fields": {
        "name": "Total",
        "description_text": "",
        "workflow": 1,
        "data_type": "double",
        "is_key": false,
        "position": 23,
        "in_viz": true,
        "categories": [],
        "active_from": null,
        "active_to": null
    }
},
{
    "model": "ontask.column",
    "pk": 24,
    "fields": {
        "name": "Days online 2",
        "description_text": "",
        "workflow": 1,
        "data_type": "integer",
        "is_key": false,
        "position": 24,
        "in_viz": true,
        "categories": [],
        "active_from": null,
        "active_to": null
    }
},
{
    "model": "ontask.column",
    "pk": 25,
    "fields": {
        "name": "Views 2",
        "description_text": "",
        "workflow": 1,
        "data_type": "integer",
        "is_key": false,
        "position": 25,
        "in_viz": true,
        "categories": [],
        "active_from": null,
        "active_to": null
    }
},
{
    "model": "ontask.column",
    "pk": 26,
    "fields": {
        "name": "Contributions 2",
        "description_text": "",
        "workflow": 1,
        "data_type": "integer",
        "is_key": false,
        "position": 26,
        "in_viz": true,
        "categories": [],
        "active_from": null,
        "active_to": null
    }
},
{
    "model": "ontask.column",
    "pk": 27,
    "fields": {
        "name": "Questions 2",
        "description_text": "",
        "workflow": 1,
        "data_type": "integer",
        "is_key": false,
        "position": 27,
        "in_viz": true,
        "categories": [],
        "active_from": null,
        "active_to": null
    }
},
{
    "model": "ontask.column",
    "pk": 28,
    "fields": {
        "name": "Days online 3",
        "description_text": "",
        "workflow": 1,
        "data_type": "integer",
        "is_key": false,
        "position": 28,
        "in_viz": true,
        "categories": [],
        "active_from": null,
        "active_to": null
    }
},
{
    "model": "ontask.column",
    "pk": 29,
    "fields": {
        "name": "Views 3",
        "description_text": "",
        "workflow": 1,
        "data_type": "integer",
        "is_key": false,
        "position": 29,
        "in_viz": true,
        "categories": [],
        "active_from": null,
        "active_to": null
    }
},
{
    "model": "ontask.column",
    "pk": 30,
    "fields": {
        "name": "Contributions 3",
        "description_text": "",
        "workflow": 1,
        "data_type": "integer",
        "is_key": false,
        "position": 30,
        "in_viz": true,
        "categories": [],
        "active_from": null,
        "active_to": null
    }
},
{
    "model": "ontask.column",
    "pk": 31,
    "fields": {
        "name": "Questions 3",
        "description_text": "",
        "workflow": 1,
        "data_type": "integer",
        "is_key": false,
        "position": 31,
        "in_viz": true,
        "categories": [],
        "active_from": null,
        "active_to": null
    }
},
{
    "model": "ontask.column",
    "pk": 32,
    "fields": {
        "name": "Days online 4",
        "description_text": "",
        "workflow": 1,
        "data_type": "integer",
        "is_key": false,
        "position": 32,
        "in_viz": true,
        "categories": [],
        "active_from": null,
        "active_to": null
    }
},
{
    "model": "ontask.column",
    "pk": 33,
    "fields": {
        "name": "Views 4",
        "description_text": "",
        "workflow": 1,
        "data_type": "integer",
        "is_key": false,
        "position": 33,
        "in_viz": true,
        "categories": [],
        "active_from": null,
        "active_to": null
    }
},
{
    "model": "ontask.column",
    "pk": 34,
    "fields": {
        "name": "Contributions 4",
        "description_text": "",
        "workflow": 1,
        "data_type": "integer",
        "is_key": false,
        "position": 34,
        "in_viz": true,
        "categories": [],
        "active_from": null,
        "active_to": null
    }
},
{
    "model": "ontask.column",
    "pk": 35,
    "fields": {
        "name": "Questions 4",
        "description_text": "",
        "workflow": 1,
        "data_type": "integer",
        "is_key": false,
        "position": 35,
        "in_viz": true,
        "categories": [],
        "active_from": null,
        "active_to": null
    }
},
{
    "model": "ontask.column",
    "pk": 36,
    "fields": {
        "name": "Days online 5",
        "description_text": "",
        "workflow": 1,
        "data_type": "integer",
        "is_key": false,
        "position": 36,
        "in_viz": true,
        "categories": [],
        "active_from": null,
        "active_to": null
    }
},
{
    "model": "ontask.column",
    "pk": 37,
    "fields": {
        "name": "Views 5",
        "description_text": "",
        "workflow": 1,
        "data_type": "integer",
        "is_key": false,
        "position": 37,
        "in_viz": true,
        "categories": [],
        "active_from": null,
        "active_to": null
    }
},
{
    "model": "ontask.column",
    "pk": 38,
    "fields": {
        "name": "Contributions 5",
        "description_text": "",
        "workflow": 1,
        "data_type": "integer",
        "is_key": false,
        "position": 38,
        "in_viz": true,
        "categories": [],
        "active_from": null,
        "active_to": null
    }
},
{
    "model": "ontask.column",
    "pk": 39,
    "fields": {
        "name": "Questions 5",
        "description_text": "",
        "workflow": 1,
        "data_type": "integer",
        "is_key": false,
        "position": 39,
        "in_viz": true,
        "categories": [],
        "active_from": null,
        "active_to": null
    }
},
{
    "model": "ontask.column",
    "pk": 40,
    "fields": {
        "name": "Days online",
        "description_text": "",
        "workflow": 1,
        "data_type": "integer",
        "is_key": false,
        "position": 40,
        "in_viz": true,
        "categories": [],
        "active_from": null,
        "active_to": null
    }
},
{
    "model": "ontask.column",
    "pk": 41,
    "fields": {
        "name": "Views",
        "description_text": "",
        "workflow": 1,
        "data_type": "integer",
        "is_key": false,
        "position": 41,
        "in_viz": true,
        "categories": [],
        "active_from": null,
        "active_to": null
    }
},
{
    "model": "ontask.column",
    "pk": 42,
    "fields": {
        "name": "Contributions",
        "description_text": "",
        "workflow": 1,
        "data_type": "integer",
        "is_key": false,
        "position": 42,
        "in_viz": true,
        "categories": [],
        "active_from": null,
        "active_to": null
    }
},
{
    "model": "ontask.column",
    "pk": 43,
    "fields": {
        "name": "Questions",
        "description_text": "",
        "workflow": 1,
        "data_type": "integer",
        "is_key": false,
        "position": 43,
        "in_viz": true,
        "categories": [],
        "active_from": null,
        "active_to": null
    }
},
{
    "model": "ontask.column",
    "pk": 44,
    "fields": {
        "name": "Video_1_W2",
        "description_text": "",
        "workflow": 1,
        "data_type": "double",
        "is_key": false,
        "position": 44,
        "in_viz": true,
        "categories": [],
        "active_from": null,
        "active_to": null
    }
},
{
    "model": "ontask.column",
    "pk": 45,
    "fields": {
        "name": "Questions_1_W2",
        "description_text": "",
        "workflow": 1,
        "data_type": "double",
        "is_key": false,
        "position": 45,
        "in_viz": true,
        "categories": [],
        "active_from": null,
        "active_to": null
    }
},
{
    "model": "ontask.column",
    "pk": 46,
    "fields": {
        "name": "Correct_1_W2",
        "description_text": "",
        "workflow": 1,
        "data_type": "double",
        "is_key": false,
        "position": 46,
        "in_viz": true,
        "categories": [],
        "active_from": null,
        "active_to": null
    }
},
{
    "model": "ontask.column",
    "pk": 47,
    "fields": {
        "name": "Video_2_W2",
        "description_text": "",
        "workflow": 1,
        "data_type": "double",
        "is_key": false,
        "position": 47,
        "in_viz": true,
        "categories": [],
        "active_from": null,
        "active_to": null
    }
},
{
    "model": "ontask.column",
    "pk": 48,
    "fields": {
        "name": "Questions_2_W2",
        "description_text": "",
        "workflow": 1,
        "data_type": "double",
        "is_key": false,
        "position": 48,
        "in_viz": true,
        "categories": [],
        "active_from": null,
        "active_to": null
    }
},
{
    "model": "ontask.column",
    "pk": 49,
    "fields": {
        "name": "Correct_2_W2",
        "description_text": "",
        "workflow": 1,
        "data_type": "double",
        "is_key": false,
        "position": 49,
        "in_viz": true,
        "categories": [],
        "active_from": null,
        "active_to": null
    }
},
{
    "model": "ontask.column",
    "pk": 50,
    "fields": {
        "name": "Video_1_W3",
        "description_text": "",
        "workflow": 1,
        "data_type": "double",
        "is_key": false,
        "position": 50,
        "in_viz": true,
        "categories": [],
        "active_from": null,
        "active_to": null
    }
},
{
    "model": "ontask.column",
    "pk": 51,
    "fields": {
        "name": "Questions_1_W3",
        "description_text": "",
        "workflow": 1,
        "data_type": "double",
        "is_key": false,
        "position": 51,
        "in_viz": true,
        "categories": [],
        "active_from": null,
        "active_to": null
    }
},
{
    "model": "ontask.column",
    "pk": 52,
    "fields": {
        "name": "Correct_1_W3",
        "description_text": "",
        "workflow": 1,
        "data_type": "double",
        "is_key": false,
        "position": 52,
        "in_viz": true,
        "categories": [],
        "active_from": null,
        "active_to": null
    }
},
{
    "model": "ontask.column",
    "pk": 53,
    "fields": {
        "name": "Video_2_W3",
        "description_text": "",
        "workflow": 1,
        "data_type": "double",
        "is_key": false,
        "position": 53,
        "in_viz": true,
        "categories": [],
        "active_from": null,
        "active_to": null
    }
},
{
    "model": "ontask.column",
    "pk": 54,
    "fields": {
        "name": "Questions_2_W3",
        "description_text": "",
        "workflow": 1,
        "data_type": "double",
        "is_key": false,
        "position": 54,
        "in_viz": true,
        "categories": [],
        "active_from": null,
        "active_to": null
    }
},
{
    "model": "ontask.column",
    "pk": 55,
    "fields": {
        "name": "Correct_2_W3",
        "description_text": "",
        "workflow": 1,
        "data_type": "double",
        "is_key": false,
        "position": 55,
        "in_viz": true,
        "categories": [],
        "active_from": null,
        "active_to": null
    }
},
{
    "model": "ontask.column",
    "pk": 56,
    "fields": {
        "name": "Video_1_W4",
        "description_text": "",
        "workflow": 1,
        "data_type": "double",
        "is_key": false,
        "position": 56,
        "in_viz": true,
        "categories": [],
        "active_from": null,
        "active_to": null
    }
},
{
    "model": "ontask.column",
    "pk": 57,
    "fields": {
        "name": "Questions_1_W4",
        "description_text": "",
        "workflow": 1,
        "data_type": "double",
        "is_key": false,
        "position": 57,
        "in_viz": true,
        "categories": [],
        "active_from": null,
        "active_to": null
    }
},
{
    "model": "ontask.column",
    "pk": 58,
    "fields": {
        "name": "Correct_1_W4",
        "description_text": "",
        "workflow": 1,
        "data_type": "double",
        "is_key": false,
        "position": 58,
        "in_viz": true,
        "categories": [],
        "active_from": null,
        "active_to": null
    }
},
{
    "model": "ontask.column",
    "pk": 59,
    "fields": {
        "name": "Video_2_W4",
        "description_text": "",
        "workflow": 1,
        "data_type": "double",
        "is_key": false,
        "position": 59,
        "in_viz": true,
        "categories": [],
        "active_from": null,
        "active_to": null
    }
},
{
    "model": "ontask.column",
    "pk": 60,
    "fields": {
        "name": "Questions_2_W4",
        "description_text": "",
        "workflow": 1,
        "data_type": "double",
        "is_key": false,
        "position": 60,
        "in_viz": true,
        "categories": [],
        "active_from": null,
        "active_to": null
    }
},
{
    "model": "ontask.column",
    "pk": 61,
    "fields": {
        "name": "Correct_2_W4",
        "description_text": "",
        "workflow": 1,
        "data_type": "double",
        "is_key": false,
        "position": 61,
        "in_viz": true,
        "categories": [],
        "active_from": null,
        "active_to": null
    }
},
{
    "model": "ontask.column",
    "pk": 62,
    "fields": {
        "name": "Video_1_W5",
        "description_text": "",
        "workflow": 1,
        "data_type": "double",
        "is_key": false,
        "position": 62,
        "in_viz": true,
        "categories": [],
        "active_from": null,
        "active_to": null
    }
},
{
    "model": "ontask.column",
    "pk": 63,
    "fields": {
        "name": "Questions_1_W5",
        "description_text": "",
        "workflow": 1,
        "data_type": "double",
        "is_key": false,
        "position": 63,
        "in_viz": true,
        "categories": [],
        "active_from": null,
        "active_to": null
    }
},
{
    "model": "ontask.column",
    "pk": 64,
    "fields": {
        "name": "Correct_1_W5",
        "description_text": "",
        "workflow": 1,
        "data_type": "double",
        "is_key": false,
        "position": 64,
        "in_viz": true,
        "categories": [],
        "active_from": null,
        "active_to": null
    }
},
{
    "model": "ontask.column",
    "pk": 65,
    "fields": {
        "name": "Video_2_W5",
        "description_text": "",
        "workflow": 1,
        "data_type": "double",
        "is_key": false,
        "position": 65,
        "in_viz": true,
        "categories": [],
        "active_from": null,
        "active_to": null
    }
},
{
    "model": "ontask.column",
    "pk": 66,
    "fields": {
        "name": "Questions_2_W5",
        "description_text": "",
        "workflow": 1,
        "data_type": "double",
        "is_key": false,
        "position": 66,
        "in_viz": true,
        "categories": [],
        "active_from": null,
        "active_to": null
    }
},
{
    "model": "ontask.column",
    "pk": 67,
    "fields": {
        "name": "Correct_2_W5",
        "description_text": "",
        "workflow": 1,
        "data_type": "double",
        "is_key": false,
        "position": 67,
        "in_viz": true,
        "categories": [],
        "active_from": null,
        "active_to": null
    }
},
{
    "model": "ontask.column",
    "pk": 68,
    "fields": {
        "name": "Presentation",
        "description_text": "Presentation must have a problem description, methodology, results and conclusions. Must be clearly presented, and within the allotted time.",
        "workflow": 1,
        "data_type": "string",
        "is_key": false,
        "position": 68,
        "in_viz": true,
        "categories": [
            "High",
            "Medium",
            "Poor"
        ],
        "active_from": null,
        "active_to": null
    }
},
{
    "model": "ontask.column",
    "pk": 69,
    "fields": {
        "name": "Structure",
        "description_text": "The project must contain an introduction session where the problem is described with respect to its context, a methodology where the steps to get the results are presented, the obtained results, and then the conclusions of the study.",
        "workflow": 1,
        "data_type": "string",
        "is_key": false,
        "position": 69,
        "in_viz": true,
        "categories": [
            "High",
            "Medium",
            "Poor"
        ],
        "active_from": null,
        "active_to": null
    }
},
{
    "model": "ontask.condition",
    "pk": 1,
    "fields": {
        "created": "2019-09-21T06:43:58.726Z",
        "modified": "2019-09-21T06:50:09.072Z",
        "action": 1,
        "name": "High engagement",
        "description_text": "High engagement with Video 1 in Week 2",
        "formula": {
            "not": false,
            "rules": [
                {
                    "id": "Video_1_W2",
                    "type": "double",
                    "field": "Video_1_W2",
                    "input": "number",
                    "value": "75",
                    "operator": "greater"
                }
            ],
            "valid": true,
            "condition": "AND"
        },
        "formula_text": "",
        "n_rows_selected": 6,
        "is_filter": false,
        "columns": [
            44
        ]
    }
},
{
    "model": "ontask.condition",
    "pk": 2,
    "fields": {
        "created": "2019-09-21T06:43:59.115Z",
        "modified": "2019-09-21T06:50:09.127Z",
        "action": 1,
        "name": "Low video engagement",
        "description_text": "Low activity detected in the first video of Week 2",
        "formula": {
            "not": false,
            "rules": [
                {
                    "not": false,
                    "rules": [
                        {
                            "id": "Video_1_W2",
                            "type": "double",
                            "field": "Video_1_W2",
                            "input": "number",
                            "value": "0",
                            "operator": "greater"
                        },
                        {
                            "id": "Video_1_W2",
                            "type": "double",
                            "field": "Video_1_W2",
                            "input": "number",
                            "value": "25",
                            "operator": "less_or_equal"
                        }
                    ],
                    "condition": "AND"
                }
            ],
            "valid": true,
            "condition": "OR"
        },
        "formula_text": "",
        "n_rows_selected": 1,
        "is_filter": false,
        "columns": [
            44
        ]
    }
},
{
    "model": "ontask.condition",
    "pk": 3,
    "fields": {
        "created": "2019-09-21T06:43:59.407Z",
        "modified": "2019-09-21T06:50:09.165Z",
        "action": 1,
        "name": "Medium engagement",
        "description_text": "Medium engagement with Video 1 in Week 2",
        "formula": {
            "not": false,
            "rules": [
                {
                    "not": false,
                    "rules": [
                        {
                            "id": "Video_1_W2",
                            "type": "double",
                            "field": "Video_1_W2",
                            "input": "number",
                            "value": "25",
                            "operator": "greater"
                        },
                        {
                            "id": "Video_1_W2",
                            "type": "double",
                            "field": "Video_1_W2",
                            "input": "number",
                            "value": "75",
                            "operator": "less_or_equal"
                        }
                    ],
                    "condition": "AND"
                }
            ],
            "valid": true,
            "condition": "OR"
        },
        "formula_text": "",
        "n_rows_selected": 5,
        "is_filter": false,
        "columns": [
            44
        ]
    }
},
{
    "model": "ontask.condition",
    "pk": 4,
    "fields": {
        "created": "2019-09-21T06:43:59.679Z",
        "modified": "2019-09-21T06:50:09.219Z",
        "action": 1,
        "name": "No_videos",
        "description_text": "No video activity",
        "formula": {
            "not": false,
            "rules": [
                {
                    "id": "Video_1_W2",
                    "type": "double",
                    "field": "Video_1_W2",
                    "input": "number",
                    "value": "0",
                    "operator": "equal"
                }
            ],
            "valid": true,
            "condition": "AND"
        },
        "formula_text": "",
        "n_rows_selected": 2,
        "is_filter": false,
        "columns": [
            44
        ]
    }
},
{
    "model": "ontask.condition",
    "pk": 5,
    "fields": {
        "created": "2019-09-21T06:44:00.554Z",
        "modified": "2019-09-21T06:50:09.297Z",
        "action": 2,
        "name": "Those with any video missing in Week 4",
        "description_text": "Either Video 1 or Video 2 in Week 4 have zero engagement",
        "formula": {
            "not": false,
            "rules": [
                {
                    "id": "Video_1_W4",
                    "type": "double",
                    "field": "Video_1_W4",
                    "input": "number",
                    "value": "0",
                    "operator": "equal"
                },
                {
                    "id": "Video_2_W4",
                    "type": "double",
                    "field": "Video_2_W4",
                    "input": "number",
                    "value": "0",
                    "operator": "equal"
                }
            ],
            "valid": true,
            "condition": "OR"
        },
        "formula_text": "",
        "n_rows_selected": 3,
        "is_filter": true,
        "columns": [
            56,
            59
        ]
    }
},
{
    "model": "ontask.condition",
    "pk": 6,
    "fields": {
        "created": "2019-09-21T06:44:01.086Z",
        "modified": "2019-09-21T06:50:09.338Z",
        "action": 2,
        "name": "No Video 1",
        "description_text": "Didn't watch Video 1 Week 4",
        "formula": {
            "not": false,
            "rules": [
                {
                    "id": "Correct_1_W4",
                    "type": "double",
                    "field": "Correct_1_W4",
                    "input": "number",
                    "value": "0",
                    "operator": "equal"
                }
            ],
            "valid": true,
            "condition": "AND"
        },
        "formula_text": "",
        "n_rows_selected": 1,
        "is_filter": false,
        "columns": [
            58
        ]
    }
},
{
    "model": "ontask.condition",
    "pk": 7,
    "fields": {
        "created": "2019-09-21T06:44:01.402Z",
        "modified": "2019-09-21T06:50:09.376Z",
        "action": 2,
        "name": "No Video 2",
        "description_text": "Didn't watch Video 2 Week 4",
        "formula": {
            "not": false,
            "rules": [
                {
                    "id": "Video_2_W4",
                    "type": "double",
                    "field": "Video_2_W4",
                    "input": "number",
                    "value": "0",
                    "operator": "equal"
                }
            ],
            "valid": true,
            "condition": "AND"
        },
        "formula_text": "",
        "n_rows_selected": 3,
        "is_filter": false,
        "columns": [
            59
        ]
    }
},
{
    "model": "ontask.condition",
    "pk": 8,
    "fields": {
        "created": "2019-09-21T06:44:02.434Z",
        "modified": "2019-09-21T06:50:09.468Z",
        "action": 3,
        "name": "Enrolled in FASS",
        "description_text": "",
        "formula": {
            "not": false,
            "rules": [
                {
                    "id": "Program",
                    "type": "string",
                    "field": "Program",
                    "input": "text",
                    "value": "FASS",
                    "operator": "equal"
                }
            ],
            "valid": true,
            "condition": "AND"
        },
        "formula_text": "",
        "n_rows_selected": 2,
        "is_filter": false,
        "columns": [
            8
        ]
    }
},
{
    "model": "ontask.condition",
    "pk": 9,
    "fields": {
        "created": "2019-09-21T06:44:02.996Z",
        "modified": "2019-09-21T06:50:09.514Z",
        "action": 3,
        "name": "Enrolled in FEIT",
        "description_text": "",
        "formula": {
            "not": false,
            "rules": [
                {
                    "id": "Program",
                    "type": "string",
                    "field": "Program",
                    "input": "text",
                    "value": "FEIT",
                    "operator": "equal"
                }
            ],
            "valid": true,
            "condition": "AND"
        },
        "formula_text": "",
        "n_rows_selected": 3,
        "is_filter": false,
        "columns": [
            8
        ]
    }
},
{
    "model": "ontask.condition",
    "pk": 10,
    "fields": {
        "created": "2019-09-21T06:44:03.374Z",
        "modified": "2019-09-21T06:50:09.564Z",
        "action": 3,
        "name": "Enrolled in FSCI",
        "description_text": "",
        "formula": {
            "not": false,
            "rules": [
                {
                    "id": "Program",
                    "type": "string",
                    "field": "Program",
                    "input": "text",
                    "value": "FSCI",
                    "operator": "equal"
                }
            ],
            "valid": true,
            "condition": "AND"
        },
        "formula_text": "",
        "n_rows_selected": 6,
        "is_filter": false,
        "columns": [
            8
        ]
    }
},
{
    "model": "ontask.condition",
    "pk": 11,
    "fields": {
        "created": "2019-09-21T06:44:03.618Z",
        "modified": "2019-09-21T06:50:09.594Z",
        "action": 3,
        "name": "Enrolled in SMED",
        "description_text": "",
        "formula": {
            "not": false,
            "rules": [
                {
                    "id": "Program",
                    "type": "string",
                    "field": "Program",
                    "input": "text",
                    "value": "SMED",
                    "operator": "equal"
                }
            ],
            "valid": true,
            "condition": "AND"
        },
        "formula_text": "",
        "n_rows_selected": 3,
        "is_filter": false,
        "columns": [
            8
        ]
    }
},
{
    "model": "ontask.condition",
    "pk": 12,
    "fields": {
        "created": "2019-09-21T06:44:04.091Z",
        "modified": "2019-09-21T06:50:09.672Z",
        "action": 4,
        "name": "",
        "description_text": "",
        "formula": {
            "not": false,
            "rules": [
                {
                    "id": "Q01",
                    "type": "double",
                    "field": "Q01",
                    "input": "number",
                    "value": null,
                    "operator": "is_not_null"
                }
            ],
            "valid": true,
            "condition": "AND"
        },
        "formula_text": "",
        "n_rows_selected": 12,
        "is_filter": true,
        "columns": [
            13
        ]
    }
},
{
    "model": "ontask.condition",
    "pk": 13,
    "fields": {
        "created": "2019-09-21T06:44:04.538Z",
        "modified": "2019-09-21T06:50:09.723Z",
        "action": 4,
        "name": "T1_HIGH",
        "description_text": "High score in topic 1",
        "formula": {
            "not": false,
            "rules": [
                {
                    "id": "Q01",
                    "type": "double",
                    "field": "Q01",
                    "input": "number",
                    "value": "1",
                    "operator": "equal"
                },
                {
                    "id": "Q02",
                    "type": "double",
                    "field": "Q02",
                    "input": "number",
                    "value": "1",
                    "operator": "equal"
                }
            ],
            "valid": true,
            "condition": "AND"
        },
        "formula_text": "",
        "n_rows_selected": 4,
        "is_filter": false,
        "columns": [
            13,
            14
        ]
    }
},
{
    "model": "ontask.condition",
    "pk": 14,
    "fields": {
        "created": "2019-09-21T06:44:05.055Z",
        "modified": "2019-09-21T06:50:09.760Z",
        "action": 4,
        "name": "T1_LOW",
        "description_text": "Low score in topic 1",
        "formula": {
            "not": false,
            "rules": [
                {
                    "id": "Q01",
                    "type": "double",
                    "field": "Q01",
                    "input": "number",
                    "value": "0",
                    "operator": "equal"
                },
                {
                    "id": "Q02",
                    "type": "double",
                    "field": "Q02",
                    "input": "number",
                    "value": "0",
                    "operator": "equal"
                }
            ],
            "valid": true,
            "condition": "AND"
        },
        "formula_text": "",
        "n_rows_selected": 2,
        "is_filter": false,
        "columns": [
            13,
            14
        ]
    }
},
{
    "model": "ontask.condition",
    "pk": 15,
    "fields": {
        "created": "2019-09-21T06:44:05.436Z",
        "modified": "2019-09-21T06:50:09.820Z",
        "action": 4,
        "name": "T1_MID",
        "description_text": "One answer was correctly answered for topic 1",
        "formula": {
            "not": false,
            "rules": [
                {
                    "not": false,
                    "rules": [
                        {
                            "id": "Q01",
                            "type": "double",
                            "field": "Q01",
                            "input": "number",
                            "value": "0",
                            "operator": "equal"
                        },
                        {
                            "id": "Q02",
                            "type": "double",
                            "field": "Q02",
                            "input": "number",
                            "value": "1",
                            "operator": "equal"
                        }
                    ],
                    "condition": "AND"
                },
                {
                    "not": false,
                    "rules": [
                        {
                            "id": "Q01",
                            "type": "double",
                            "field": "Q01",
                            "input": "number",
                            "value": "1",
                            "operator": "equal"
                        },
                        {
                            "id": "Q02",
                            "type": "double",
                            "field": "Q02",
                            "input": "number",
                            "value": "0",
                            "operator": "equal"
                        }
                    ],
                    "condition": "AND"
                }
            ],
            "valid": true,
            "condition": "OR"
        },
        "formula_text": "",
        "n_rows_selected": 6,
        "is_filter": false,
        "columns": [
            13,
            14
        ]
    }
},
{
    "model": "ontask.condition",
    "pk": 16,
    "fields": {
        "created": "2019-09-21T06:44:05.687Z",
        "modified": "2019-09-21T06:50:09.870Z",
        "action": 4,
        "name": "T2_HIGH",
        "description_text": "High score in topic 2",
        "formula": {
            "not": false,
            "rules": [
                {
                    "id": "Q03",
                    "type": "double",
                    "field": "Q03",
                    "input": "number",
                    "value": "1",
                    "operator": "equal"
                },
                {
                    "id": "Q04",
                    "type": "double",
                    "field": "Q04",
                    "input": "number",
                    "value": "1",
                    "operator": "equal"
                }
            ],
            "valid": true,
            "condition": "AND"
        },
        "formula_text": "",
        "n_rows_selected": 6,
        "is_filter": false,
        "columns": [
            15,
            16
        ]
    }
},
{
    "model": "ontask.condition",
    "pk": 17,
    "fields": {
        "created": "2019-09-21T06:44:05.925Z",
        "modified": "2019-09-21T06:50:09.929Z",
        "action": 4,
        "name": "T2_LOW",
        "description_text": "Low score in topic 2",
        "formula": {
            "not": false,
            "rules": [
                {
                    "id": "Q03",
                    "type": "double",
                    "field": "Q03",
                    "input": "number",
                    "value": "0",
                    "operator": "equal"
                },
                {
                    "id": "Q04",
                    "type": "double",
                    "field": "Q04",
                    "input": "number",
                    "value": "0",
                    "operator": "equal"
                }
            ],
            "valid": true,
            "condition": "AND"
        },
        "formula_text": "",
        "n_rows_selected": 3,
        "is_filter": false,
        "columns": [
            15,
            16
        ]
    }
},
{
    "model": "ontask.condition",
    "pk": 18,
    "fields": {
        "created": "2019-09-21T06:44:06.214Z",
        "modified": "2019-09-21T06:50:10.078Z",
        "action": 4,
        "name": "T2_MID",
        "description_text": "One answer was correctly answered for topic 2",
        "formula": {
            "not": false,
            "rules": [
                {
                    "not": false,
                    "rules": [
                        {
                            "id": "Q03",
                            "type": "double",
                            "field": "Q03",
                            "input": "number",
                            "value": "0",
                            "operator": "equal"
                        },
                        {
                            "id": "Q04",
                            "type": "double",
                            "field": "Q04",
                            "input": "number",
                            "value": "1",
                            "operator": "equal"
                        }
                    ],
                    "condition": "AND"
                },
                {
                    "not": false,
                    "rules": [
                        {
                            "id": "Q03",
                            "type": "double",
                            "field": "Q03",
                            "input": "number",
                            "value": "1",
                            "operator": "equal"
                        },
                        {
                            "id": "Q04",
                            "type": "double",
                            "field": "Q04",
                            "input": "number",
                            "value": "0",
                            "operator": "equal"
                        }
                    ],
                    "condition": "AND"
                }
            ],
            "valid": true,
            "condition": "OR"
        },
        "formula_text": "",
        "n_rows_selected": 3,
        "is_filter": false,
        "columns": [
            15,
            16
        ]
    }
},
{
    "model": "ontask.condition",
    "pk": 19,
    "fields": {
        "created": "2019-09-21T06:44:06.686Z",
        "modified": "2019-09-21T06:50:10.187Z",
        "action": 4,
        "name": "T3_HIGH",
        "description_text": "High score in topic 3",
        "formula": {
            "not": false,
            "rules": [
                {
                    "id": "Q05",
                    "type": "double",
                    "field": "Q05",
                    "input": "number",
                    "value": "1",
                    "operator": "equal"
                },
                {
                    "id": "Q06",
                    "type": "double",
                    "field": "Q06",
                    "input": "number",
                    "value": "1",
                    "operator": "equal"
                }
            ],
            "valid": true,
            "condition": "AND"
        },
        "formula_text": "",
        "n_rows_selected": 7,
        "is_filter": false,
        "columns": [
            17,
            18
        ]
    }
},
{
    "model": "ontask.condition",
    "pk": 20,
    "fields": {
        "created": "2019-09-21T06:44:07.251Z",
        "modified": "2019-09-21T06:50:10.289Z",
        "action": 4,
        "name": "T3_LOW",
        "description_text": "Low score in topic 3",
        "formula": {
            "not": false,
            "rules": [
                {
                    "id": "Q05",
                    "type": "double",
                    "field": "Q05",
                    "input": "number",
                    "value": "0",
                    "operator": "equal"
                },
                {
                    "id": "Q06",
                    "type": "double",
                    "field": "Q06",
                    "input": "number",
                    "value": "0",
                    "operator": "equal"
                }
            ],
            "valid": true,
            "condition": "AND"
        },
        "formula_text": "",
        "n_rows_selected": 2,
        "is_filter": false,
        "columns": [
            17,
            18
        ]
    }
},
{
    "model": "ontask.condition",
    "pk": 21,
    "fields": {
        "created": "2019-09-21T06:44:07.603Z",
        "modified": "2019-09-21T06:50:10.374Z",
        "action": 4,
        "name": "T3_MID",
        "description_text": "One answer was correctly answered for topic 3",
        "formula": {
            "not": false,
            "rules": [
                {
                    "not": false,
                    "rules": [
                        {
                            "id": "Q05",
                            "type": "double",
                            "field": "Q05",
                            "input": "number",
                            "value": "0",
                            "operator": "equal"
                        },
                        {
                            "id": "Q06",
                            "type": "double",
                            "field": "Q06",
                            "input": "number",
                            "value": "1",
                            "operator": "equal"
                        }
                    ],
                    "condition": "AND"
                },
                {
                    "not": false,
                    "rules": [
                        {
                            "id": "Q05",
                            "type": "double",
                            "field": "Q05",
                            "input": "number",
                            "value": "1",
                            "operator": "equal"
                        },
                        {
                            "id": "Q06",
                            "type": "double",
                            "field": "Q06",
                            "input": "number",
                            "value": "0",
                            "operator": "equal"
                        }
                    ],
                    "condition": "AND"
                }
            ],
            "valid": true,
            "condition": "OR"
        },
        "formula_text": "",
        "n_rows_selected": 3,
        "is_filter": false,
        "columns": [
            17,
            18
        ]
    }
},
{
    "model": "ontask.condition",
    "pk": 22,
    "fields": {
        "created": "2019-09-21T06:44:07.851Z",
        "modified": "2019-09-21T06:50:10.452Z",
        "action": 4,
        "name": "T4_HIGH",
        "description_text": "High score in topic 4",
        "formula": {
            "not": false,
            "rules": [
                {
                    "id": "Q07",
                    "type": "double",
                    "field": "Q07",
                    "input": "number",
                    "value": "1",
                    "operator": "equal"
                },
                {
                    "id": "Q08",
                    "type": "double",
                    "field": "Q08",
                    "input": "number",
                    "value": "1",
                    "operator": "equal"
                }
            ],
            "valid": true,
            "condition": "AND"
        },
        "formula_text": "",
        "n_rows_selected": 7,
        "is_filter": false,
        "columns": [
            19,
            20
        ]
    }
},
{
    "model": "ontask.condition",
    "pk": 23,
    "fields": {
        "created": "2019-09-21T06:44:08.106Z",
        "modified": "2019-09-21T06:50:10.526Z",
        "action": 4,
        "name": "T4_LOW",
        "description_text": "Low score in topic 4",
        "formula": {
            "not": false,
            "rules": [
                {
                    "id": "Q07",
                    "type": "double",
                    "field": "Q07",
                    "input": "number",
                    "value": "0",
                    "operator": "equal"
                },
                {
                    "id": "Q08",
                    "type": "double",
                    "field": "Q08",
                    "input": "number",
                    "value": "0",
                    "operator": "equal"
                }
            ],
            "valid": true,
            "condition": "AND"
        },
        "formula_text": "",
        "n_rows_selected": 2,
        "is_filter": false,
        "columns": [
            19,
            20
        ]
    }
},
{
    "model": "ontask.condition",
    "pk": 24,
    "fields": {
        "created": "2019-09-21T06:44:08.381Z",
        "modified": "2019-09-21T06:50:10.604Z",
        "action": 4,
        "name": "T4_MID",
        "description_text": "One answer was correctly answered for topic 4",
        "formula": {
            "not": false,
            "rules": [
                {
                    "not": false,
                    "rules": [
                        {
                            "id": "Q07",
                            "type": "double",
                            "field": "Q07",
                            "input": "number",
                            "value": "0",
                            "operator": "equal"
                        },
                        {
                            "id": "Q08",
                            "type": "double",
                            "field": "Q08",
                            "input": "number",
                            "value": "1",
                            "operator": "equal"
                        }
                    ],
                    "condition": "AND"
                },
                {
                    "not": false,
                    "rules": [
                        {
                            "id": "Q07",
                            "type": "double",
                            "field": "Q07",
                            "input": "number",
                            "value": "1",
                            "operator": "equal"
                        },
                        {
                            "id": "Q08",
                            "type": "double",
                            "field": "Q08",
                            "input": "number",
                            "value": "0",
                            "operator": "equal"
                        }
                    ],
                    "condition": "AND"
                }
            ],
            "valid": true,
            "condition": "OR"
        },
        "formula_text": "",
        "n_rows_selected": 3,
        "is_filter": false,
        "columns": [
            19,
            20
        ]
    }
},
{
    "model": "ontask.condition",
    "pk": 25,
    "fields": {
        "created": "2019-09-21T06:44:08.935Z",
        "modified": "2019-09-21T06:50:10.669Z",
        "action": 4,
        "name": "T5_HIGH",
        "description_text": "High score in topic 5",
        "formula": {
            "not": false,
            "rules": [
                {
                    "id": "Q09",
                    "type": "double",
                    "field": "Q09",
                    "input": "number",
                    "value": "1",
                    "operator": "equal"
                },
                {
                    "id": "Q10",
                    "type": "double",
                    "field": "Q10",
                    "input": "number",
                    "value": "1",
                    "operator": "equal"
                }
            ],
            "valid": true,
            "condition": "AND"
        },
        "formula_text": "",
        "n_rows_selected": 4,
        "is_filter": false,
        "columns": [
            21,
            22
        ]
    }
},
{
    "model": "ontask.condition",
    "pk": 26,
    "fields": {
        "created": "2019-09-21T06:44:09.414Z",
        "modified": "2019-09-21T06:50:10.754Z",
        "action": 4,
        "name": "T5_LOW",
        "description_text": "Low score in topic 5",
        "formula": {
            "not": false,
            "rules": [
                {
                    "id": "Q09",
                    "type": "double",
                    "field": "Q09",
                    "input": "number",
                    "value": "0",
                    "operator": "equal"
                },
                {
                    "id": "Q10",
                    "type": "double",
                    "field": "Q10",
                    "input": "number",
                    "value": "0",
                    "operator": "equal"
                }
            ],
            "valid": true,
            "condition": "AND"
        },
        "formula_text": "",
        "n_rows_selected": 4,
        "is_filter": false,
        "columns": [
            21,
            22
        ]
    }
},
{
    "model": "ontask.condition",
    "pk": 27,
    "fields": {
        "created": "2019-09-21T06:44:09.785Z",
        "modified": "2019-09-21T06:50:10.837Z",
        "action": 4,
        "name": "T5_MID",
        "description_text": "One answer was correctly answered for topic 5",
        "formula": {
            "not": false,
            "rules": [
                {
                    "not": false,
                    "rules": [
                        {
                            "id": "Q09",
                            "type": "double",
                            "field": "Q09",
                            "input": "number",
                            "value": "0",
                            "operator": "equal"
                        },
                        {
                            "id": "Q10",
                            "type": "double",
                            "field": "Q10",
                            "input": "number",
                            "value": "1",
                            "operator": "equal"
                        }
                    ],
                    "condition": "AND"
                },
                {
                    "not": false,
                    "rules": [
                        {
                            "id": "Q09",
                            "type": "double",
                            "field": "Q09",
                            "input": "number",
                            "value": "1",
                            "operator": "equal"
                        },
                        {
                            "id": "Q10",
                            "type": "double",
                            "field": "Q10",
                            "input": "number",
                            "value": "0",
                            "operator": "equal"
                        }
                    ],
                    "condition": "AND"
                }
            ],
            "valid": true,
            "condition": "OR"
        },
        "formula_text": "",
        "n_rows_selected": 4,
        "is_filter": false,
        "columns": [
            21,
            22
        ]
    }
},
{
    "model": "ontask.condition",
    "pk": 28,
    "fields": {
        "created": "2019-09-21T06:44:11.929Z",
        "modified": "2019-09-21T06:50:10.984Z",
        "action": 5,
        "name": "",
        "description_text": "There is an exam score",
        "formula": {
            "not": false,
            "rules": [
                {
                    "id": "Total",
                    "type": "double",
                    "field": "Total",
                    "input": "number",
                    "value": null,
                    "operator": "is_not_null"
                }
            ],
            "valid": true,
            "condition": "AND"
        },
        "formula_text": "",
        "n_rows_selected": 12,
        "is_filter": true,
        "columns": [
            23
        ]
    }
},
{
    "model": "ontask.condition",
    "pk": 29,
    "fields": {
        "created": "2019-09-21T06:44:12.131Z",
        "modified": "2019-09-21T06:50:11.055Z",
        "action": 5,
        "name": "Less than 50 in the midterm",
        "description_text": "",
        "formula": {
            "not": false,
            "rules": [
                {
                    "id": "Total",
                    "type": "double",
                    "field": "Total",
                    "input": "number",
                    "value": "50",
                    "operator": "less"
                }
            ],
            "valid": true,
            "condition": "AND"
        },
        "formula_text": "",
        "n_rows_selected": 2,
        "is_filter": false,
        "columns": [
            23
        ]
    }
},
{
    "model": "ontask.condition",
    "pk": 30,
    "fields": {
        "created": "2019-09-21T06:44:12.387Z",
        "modified": "2019-09-21T06:50:11.100Z",
        "action": 5,
        "name": "More or equal to 50 in midterm",
        "description_text": "",
        "formula": {
            "not": false,
            "rules": [
                {
                    "id": "Total",
                    "type": "double",
                    "field": "Total",
                    "input": "number",
                    "value": "50",
                    "operator": "greater_or_equal"
                }
            ],
            "valid": true,
            "condition": "AND"
        },
        "formula_text": "",
        "n_rows_selected": 10,
        "is_filter": false,
        "columns": [
            23
        ]
    }
},
{
    "model": "ontask.condition",
    "pk": 31,
    "fields": {
        "created": "2019-09-21T06:44:14.057Z",
        "modified": "2019-09-21T06:50:11.211Z",
        "action": 7,
        "name": "Students with days online <= 7",
        "description_text": "These are the students that haven't connected to the discussion forum yet.",
        "formula": {
            "not": false,
            "rules": [
                {
                    "id": "Days online",
                    "type": "integer",
                    "field": "Days online",
                    "input": "number",
                    "value": "7",
                    "operator": "less_or_equal"
                }
            ],
            "valid": true,
            "condition": "AND"
        },
        "formula_text": "",
        "n_rows_selected": 2,
        "is_filter": true,
        "columns": [
            40
        ]
    }
},
{
    "model": "ontask.actioncolumnconditiontuple",
    "pk": 1,
    "fields": {
        "action": 1,
        "column": 44,
        "condition": null,
        "changes_allowed": true
    }
},
{
    "model": "ontask.actioncolumnconditiontuple",
    "pk": 2,
    "fields": {
        "action": 2,
        "column": 44,
        "condition": null,
        "changes_allowed": true
    }
},
{
    "model": "ontask.actioncolumnconditiontuple",
    "pk": 3,
    "fields": {
        "action": 2,
        "column": 47,
        "condition": null,
        "changes_allowed": true
    }
},
{
    "model": "ontask.actioncolumnconditiontuple",
    "pk": 4,
    "fields": {
        "action": 2,
        "column": 58,
        "condition": null,
        "changes_allowed": true
    }
},
{
    "model": "ontask.actioncolumnconditiontuple",
    "pk": 5,
    "fields": {
        "action": 2,
        "column": 59,
        "condition": null,
        "changes_allowed": true
    }
},
{
    "model": "ontask.actioncolumnconditiontuple",
    "pk": 6,
    "fields": {
        "action": 3,
        "column": 8,
        "condition": null,
        "changes_allowed": true
    }
},
{
    "model": "ontask.actioncolumnconditiontuple",
    "pk": 7,
    "fields": {
        "action": 4,
        "column": 13,
        "condition": null,
        "changes_allowed": true
    }
},
{
    "model": "ontask.actioncolumnconditiontuple",
    "pk": 8,
    "fields": {
        "action": 4,
        "column": 14,
        "condition": null,
        "changes_allowed": true
    }
},
{
    "model": "ontask.actioncolumnconditiontuple",
    "pk": 9,
    "fields": {
        "action": 4,
        "column": 15,
        "condition": null,
        "changes_allowed": true
    }
},
{
    "model": "ontask.actioncolumnconditiontuple",
    "pk": 10,
    "fields": {
        "action": 4,
        "column": 16,
        "condition": null,
        "changes_allowed": true
    }
},
{
    "model": "ontask.actioncolumnconditiontuple",
    "pk": 11,
    "fields": {
        "action": 4,
        "column": 17,
        "condition": null,
        "changes_allowed": true
    }
},
{
    "model": "ontask.actioncolumnconditiontuple",
    "pk": 12,
    "fields": {
        "action": 4,
        "column": 18,
        "condition": null,
        "changes_allowed": true
    }
},
{
    "model": "ontask.actioncolumnconditiontuple",
    "pk": 13,
    "fields": {
        "action": 4,
        "column": 19,
        "condition": null,
        "changes_allowed": true
    }
},
{
    "model": "ontask.actioncolumnconditiontuple",
    "pk": 14,
    "fields": {
        "action": 4,
        "column": 20,
        "condition": null,
        "changes_allowed": true
    }
},
{
    "model": "ontask.actioncolumnconditiontuple",
    "pk": 15,
    "fields": {
        "action": 4,
        "column": 21,
        "condition": null,
        "changes_allowed": true
    }
},
{
    "model": "ontask.actioncolumnconditiontuple",
    "pk": 16,
    "fields": {
        "action": 4,
        "column": 22,
        "condition": null,
        "changes_allowed": true
    }
},
{
    "model": "ontask.actioncolumnconditiontuple",
    "pk": 17,
    "fields": {
        "action": 5,
        "column": 23,
        "condition": null,
        "changes_allowed": true
    }
},
{
    "model": "ontask.actioncolumnconditiontuple",
    "pk": 18,
    "fields": {
        "action": 6,
        "column": 2,
        "condition": null,
        "changes_allowed": true
    }
},
{
    "model": "ontask.actioncolumnconditiontuple",
    "pk": 19,
    "fields": {
        "action": 6,
        "column": 11,
        "condition": null,
        "changes_allowed": true
    }
},
{
    "model": "ontask.actioncolumnconditiontuple",
    "pk": 20,
    "fields": {
        "action": 6,
        "column": 12,
        "condition": null,
        "changes_allowed": true
    }
},
{
    "model": "ontask.actioncolumnconditiontuple",
    "pk": 23,
    "fields": {
        "action": 8,
        "column": 68,
        "condition": null,
        "changes_allowed": true
    }
},
{
    "model": "ontask.actioncolumnconditiontuple",
    "pk": 24,
    "fields": {
        "action": 8,
        "column": 69,
        "condition": null,
        "changes_allowed": true
    }
},
{
    "model": "ontask.workflow",
    "pk": 1,
    "fields": {
        "name": "BIOL1011",
        "description_text": "Course on Cell Biology",
        "created": "2019-09-21T06:43:52.474Z",
        "modified": "2019-12-07T11:06:22.751Z",
        "user": [
            "instructor01@bogus.com"
        ],
        "nrows": 14,
        "ncols": 69,
        "attributes": {
            "Course name": "Cell Biology",
            "Coordinator name": "Sarah Jones -- Course coordinator"
        },
        "query_builder_ops": [
            {
                "id": "SID",
                "type": "integer"
            },
            {
                "id": "email",
                "type": "string"
            },
            {
                "id": "Surname",
                "type": "string"
            },
            {
                "id": "GivenName",
                "type": "string"
            },
            {
                "id": "MiddleInitial",
                "type": "string"
            },
            {
                "id": "Gender",
                "type": "string"
            },
            {
                "id": "UOS Code",
                "type": "string"
            },
            {
                "id": "Program",
                "type": "string",
                "input": "select",
                "values": [
                    "FEIT",
                    "FSCI",
                    "FASS",
                    "SMED"
                ],
                "operators": [
                    "equal",
                    "not_equal",
                    "is_null",
                    "is_not_null"
                ]
            },
            {
                "id": "Enrolment Type",
                "type": "string"
            },
            {
                "id": "Attendance",
                "type": "string"
            },
            {
                "id": "Difficult Week 1",
                "type": "string",
                "input": "select",
                "values": [
                    "",
                    "Concept 1",
                    "Concept 2",
                    "Concept 3",
                    "Concept 4"
                ],
                "operators": [
                    "equal",
                    "not_equal",
                    "is_null",
                    "is_not_null"
                ]
            },
            {
                "id": "Sat W1",
                "type": "string",
                "input": "select",
                "values": [
                    "Metabolism",
                    "DNA",
                    "RNA",
                    "No idea"
                ],
                "operators": [
                    "equal",
                    "not_equal",
                    "is_null",
                    "is_not_null"
                ]
            },
            {
                "id": "Q01",
                "type": "double",
                "validation": {
                    "step": "any"
                }
            },
            {
                "id": "Q02",
                "type": "double",
                "validation": {
                    "step": "any"
                }
            },
            {
                "id": "Q03",
                "type": "double",
                "validation": {
                    "step": "any"
                }
            },
            {
                "id": "Q04",
                "type": "double",
                "validation": {
                    "step": "any"
                }
            },
            {
                "id": "Q05",
                "type": "double",
                "validation": {
                    "step": "any"
                }
            },
            {
                "id": "Q06",
                "type": "double",
                "validation": {
                    "step": "any"
                }
            },
            {
                "id": "Q07",
                "type": "double",
                "validation": {
                    "step": "any"
                }
            },
            {
                "id": "Q08",
                "type": "double",
                "validation": {
                    "step": "any"
                }
            },
            {
                "id": "Q09",
                "type": "double",
                "validation": {
                    "step": "any"
                }
            },
            {
                "id": "Q10",
                "type": "double",
                "validation": {
                    "step": "any"
                }
            },
            {
                "id": "Total",
                "type": "double",
                "validation": {
                    "step": "any"
                }
            },
            {
                "id": "Days online 2",
                "type": "integer"
            },
            {
                "id": "Views 2",
                "type": "integer"
            },
            {
                "id": "Contributions 2",
                "type": "integer"
            },
            {
                "id": "Questions 2",
                "type": "integer"
            },
            {
                "id": "Days online 3",
                "type": "integer"
            },
            {
                "id": "Views 3",
                "type": "integer"
            },
            {
                "id": "Contributions 3",
                "type": "integer"
            },
            {
                "id": "Questions 3",
                "type": "integer"
            },
            {
                "id": "Days online 4",
                "type": "integer"
            },
            {
                "id": "Views 4",
                "type": "integer"
            },
            {
                "id": "Contributions 4",
                "type": "integer"
            },
            {
                "id": "Questions 4",
                "type": "integer"
            },
            {
                "id": "Days online 5",
                "type": "integer"
            },
            {
                "id": "Views 5",
                "type": "integer"
            },
            {
                "id": "Contributions 5",
                "type": "integer"
            },
            {
                "id": "Questions 5",
                "type": "integer"
            },
            {
                "id": "Days online",
                "type": "integer"
            },
            {
                "id": "Views",
                "type": "integer"
            },
            {
                "id": "Contributions",
                "type": "integer"
            },
            {
                "id": "Questions",
                "type": "integer"
            },
            {
                "id": "Video_1_W2",
                "type": "double",
                "validation": {
                    "step": "any"
                }
            },
            {
                "id": "Questions_1_W2",
                "type": "double",
                "validation": {
                    "step": "any"
                }
            },
            {
                "id": "Correct_1_W2",
                "type": "double",
                "validation": {
                    "step": "any"
                }
            },
            {
                "id": "Video_2_W2",
                "type": "double",
                "validation": {
                    "step": "any"
                }
            },
            {
                "id": "Questions_2_W2",
                "type": "double",
                "validation": {
                    "step": "any"
                }
            },
            {
                "id": "Correct_2_W2",
                "type": "double",
                "validation": {
                    "step": "any"
                }
            },
            {
                "id": "Video_1_W3",
                "type": "double",
                "validation": {
                    "step": "any"
                }
            },
            {
                "id": "Questions_1_W3",
                "type": "double",
                "validation": {
                    "step": "any"
                }
            },
            {
                "id": "Correct_1_W3",
                "type": "double",
                "validation": {
                    "step": "any"
                }
            },
            {
                "id": "Video_2_W3",
                "type": "double",
                "validation": {
                    "step": "any"
                }
            },
            {
                "id": "Questions_2_W3",
                "type": "double",
                "validation": {
                    "step": "any"
                }
            },
            {
                "id": "Correct_2_W3",
                "type": "double",
                "validation": {
                    "step": "any"
                }
            },
            {
                "id": "Video_1_W4",
                "type": "double",
                "validation": {
                    "step": "any"
                }
            },
            {
                "id": "Questions_1_W4",
                "type": "double",
                "validation": {
                    "step": "any"
                }
            },
            {
                "id": "Correct_1_W4",
                "type": "double",
                "validation": {
                    "step": "any"
                }
            },
            {
                "id": "Video_2_W4",
                "type": "double",
                "validation": {
                    "step": "any"
                }
            },
            {
                "id": "Questions_2_W4",
                "type": "double",
                "validation": {
                    "step": "any"
                }
            },
            {
                "id": "Correct_2_W4",
                "type": "double",
                "validation": {
                    "step": "any"
                }
            },
            {
                "id": "Video_1_W5",
                "type": "double",
                "validation": {
                    "step": "any"
                }
            },
            {
                "id": "Questions_1_W5",
                "type": "double",
                "validation": {
                    "step": "any"
                }
            },
            {
                "id": "Correct_1_W5",
                "type": "double",
                "validation": {
                    "step": "any"
                }
            },
            {
                "id": "Video_2_W5",
                "type": "double",
                "validation": {
                    "step": "any"
                }
            },
            {
                "id": "Questions_2_W5",
                "type": "double",
                "validation": {
                    "step": "any"
                }
            },
            {
                "id": "Correct_2_W5",
                "type": "double",
                "validation": {
                    "step": "any"
                }
            },
            {
                "id": "Presentation",
                "type": "string",
                "input": "select",
                "values": [
                    "High",
                    "Medium",
                    "Poor"
                ],
                "operators": [
                    "equal",
                    "not_equal",
                    "is_null",
                    "is_not_null"
                ]
            },
            {
                "id": "Structure",
                "type": "string",
                "input": "select",
                "values": [
                    "High",
                    "Medium",
                    "Poor"
                ],
                "operators": [
                    "equal",
                    "not_equal",
                    "is_null",
                    "is_not_null"
                ]
            }
        ],
        "data_frame_table_name": "__ONTASK_WORKFLOW_TABLE_1",
        "session_key": "m6agpzuqbrq24e9jmoueez0wl289ymbg",
        "luser_email_column": null,
        "luser_email_column_md5": "",
        "lusers_is_outdated": false,
        "shared": [],
        "star": [],
        "lusers": []
    }
},
{
    "model": "ontask.action",
    "pk": 1,
    "fields": {
        "name": "Badges",
        "description_text": "A badge reflecting the activity with respect to the videos",
        "created": "2019-09-21T06:43:58.635Z",
        "modified": "2019-09-21T06:44:22.584Z",
        "workflow": 1,
        "action_type": "personalized_text",
        "last_executed_log": null,
        "active_from": null,
        "active_to": null,
        "rows_all_false": [],
        "serve_enabled": true,
        "text_content": "<h1 style=\"text-align: center;\">Video Activity Badges</h1><p style=\"text-align: center;\">{% if High engagement %}<img style=\"width: 128px;\" src=\"https://findicons.com/icon/download/134633/gold_medal/128/png\">{% endif %}</p><p style=\"text-align: center;\">{% if Medium engagement %}<img style=\"width: 128px;\" src=\"https://findicons.com/icon/download/134646/silver_medal/128/png\">{% endif %}</p><p style=\"text-align: center;\">{% if Low video engagement %}<img style=\"width: 128px;\" src=\"https://findicons.com/icon/download/134637/bronze_medal/128/png\">{% endif %}</p><p style=\"text-align: center;\">{% if No_videos %}Work in progress{% endif %}</p>",
        "target_url": "",
        "shuffle": false
    }
},
{
    "model": "ontask.action",
    "pk": 2,
    "fields": {
        "name": "Comments about how to prepare the lecture (Week 4)",
        "description_text": "A message commenting on the videos they watched for Week 4",
        "created": "2019-09-21T06:44:00.454Z",
        "modified": "2019-09-21T06:44:22.870Z",
        "workflow": 1,
        "action_type": "personalized_text",
        "last_executed_log": null,
        "active_from": null,
        "active_to": null,
        "rows_all_false": [
            2,
            10,
            11
        ],
        "serve_enabled": false,
        "text_content": "<p>Dear {{ GivenName }}<br></p><p>Here are some comments about the preparation videos for this week.</p><p style=\"\">{% if No Video 1 %}</p><h4 style=\"font-family: &quot;Helvetica Neue&quot;, Helvetica, Arial, sans-serif; color: rgb(0, 0, 0);\">Genes and Proteins Activity</h4><p style=\"font-family: &quot;Helvetica Neue&quot;, Helvetica, Arial, sans-serif; color: rgb(0, 0, 0);\">This video explains the role of the genes to synthesise proteins in the cell. It is very important to see the connection between the proteins and the rest of processes occurring in the cell.</p><p style=\"font-family: &quot;Helvetica Neue&quot;, Helvetica, Arial, sans-serif; color: rgb(0, 0, 0);\">{% endif %}</p><p>{% if No Video 2 %}</p><h4 style=\"font-family: &quot;Helvetica Neue&quot;, Helvetica, Arial, sans-serif; color: rgb(0, 0, 0);\">STEM Cells</h4><p>This video show how stem cells are a fundamental building block of how cellular organisms evolve. There are very valuable descriptions in this video about the mechanisms that are involved in this specialisation.</p><p>{% endif %}</p>Regards<br><p style=\"font-family: &quot;Helvetica Neue&quot;, Helvetica, Arial, sans-serif; color: rgb(0, 0, 0);\">{{ Coordinator name }}</p><p style=\"font-family: &quot;Helvetica Neue&quot;, Helvetica, Arial, sans-serif; color: rgb(0, 0, 0);\">{{ Course name }}<br></p>",
        "target_url": "",
        "shuffle": false
    }
},
{
    "model": "ontask.action",
    "pk": 3,
    "fields": {
        "name": "Initial motivation",
        "description_text": "Motivating message depending on the program enrolled. This action sends email using the CANVAS platform",
        "created": "2019-09-21T06:44:02.347Z",
        "modified": "2019-09-21T06:44:23.145Z",
        "workflow": 1,
        "action_type": "personalized_canvas_email",
        "last_executed_log": null,
        "active_from": null,
        "active_to": null,
        "rows_all_false": [],
        "serve_enabled": false,
        "text_content": "Dear {{ GivenName }}\r\n\r\nWe are just starting this course and I thought it would be good to share with you how this course will help you acquire the skills that are required for professionals in your area.\r\n\r\n\r\n{% if Enrolled in FASS %}Text for the students that are enrolled in FASS.{% endif %}\r\n\r\n{% if Enrolled in FEIT %}Text for the students that are enrolled in FEIT.{% endif %}\r\n\r\n{% if Enrolled in SMED %}Text for the students that are enrolled in SMED.{% endif %}\r\n\r\n{% if Enrolled in FSCI %}Text for the students that are enrolled in FSCI.{% endif %}\r\n\r\n\r\nIf you want additional information, do not hesitate to contact me.\r\n\r\n{{ Coordinator name }}\r\n\r\n{{ Course name }}",
        "target_url": "",
        "shuffle": false
    }
},
{
    "model": "ontask.action",
    "pk": 4,
    "fields": {
        "name": "Midterm comments",
        "description_text": "Comment the midterm scores divided by topic",
        "created": "2019-09-21T06:44:04.025Z",
        "modified": "2019-09-21T06:44:23.670Z",
        "workflow": 1,
        "action_type": "personalized_text",
        "last_executed_log": null,
        "active_from": null,
        "active_to": null,
        "rows_all_false": [],
        "serve_enabled": false,
        "text_content": "<p>Dear\u00a0{{ first_name }}</p><p>Here are the comments about your answers to the midterm exam (ordered by topic).</p><h4 style=\"font-family: \" helvetica=\"\" neue\",=\"\" helvetica,=\"\" arial,=\"\" sans-serif;=\"\" color:=\"\" rgb(0,=\"\" 0,=\"\" 0);\"=\"\">Chemistry and Molecules of Life</h4><p>{% if T1_LOW %}You need to review the concepts in this topic. It is important that you identify those molecules that are important in a living organism, and differentiate them from other molecules. Also, make sure you review the basic steps of the chemical reactions we discussed in class.{% endif %}</p><p>{% if T1_MID %}You need to review this topic again. Make sure you easily identify which molecules are present, for example, inside a cell and differentiate them from other.{% endif %}</p><p>{% if T1_HIGH %}Good work with this topic!{% endif %}</p><h4 style=\"font-family: \" helvetica=\"\" neue\",=\"\" helvetica,=\"\" arial,=\"\" sans-serif;=\"\" color:=\"\" rgb(0,=\"\" 0,=\"\" 0);\"=\"\">Cell function and structure</h4><p>{% if T2_LOW %}Go back and review in depth this chapter. You need to be able to identify the parts of the cell, and more importantly, the role they play in the various functions. It may help to build first a table of these functions, then a table of the parts of the cell, and then a paragraph in each category connecting one element from each table.{% endif %}</p><p>{% if T2_MID %}You need to review the cell function and structure. You confused some of the parts and you need to make sure you are sure about all the functions and the parts that participate in each of them.{% endif %}</p><p>{% if T2_HIGH %}Good work with this material! Can you envision how the cell gets the basic blocks for some of the functions such as DNA duplication?{% endif %}</p><h4 style=\"font-family: \" helvetica=\"\" neue\",=\"\" helvetica,=\"\" arial,=\"\" sans-serif;=\"\" color:=\"\" rgb(0,=\"\" 0,=\"\" 0);\"=\"\">Nutrition, Metabolism & Enzymes</h4><p>{% if T3_LOW %}Take another thorough review of this block. You need to connect the elements required in the cell to perform nutrition processes with the components required, and more importantly, with the enzymes that regulate these processes.{% endif %}</p><p>{% if T3_MID %}You need to go back and review a bit more this part. Look again at the various processes that comprise what we call the metabolism of the cell, and the role of each enzyme in these processes.{% endif %}</p><p>{% if T3_HIGH %}Good work with this block. Can you envision which metabolic processes will be affected if there are not enough nutrients reaching the cell? Can you think of any disease that is connected to these elements?{% endif %}</p><h4 style=\"font-family: \" helvetica=\"\" neue\",=\"\" helvetica,=\"\" arial,=\"\" sans-serif;=\"\" color:=\"\" rgb(0,=\"\" 0,=\"\" 0);\"=\"\"><span style=\"color: inherit; font-family: inherit;\">Cell Division</span></h4><p>{% if T4_LOW %}You need to review the material about mitosis and meiosis. The two processes have analogies and differences, you have to be able to analyse the steps and connect them with the other elements in the cell that participate.{% endif %}</p><p>{% if T4_MID %}Good work with this topic, but you still need to review the material because some of the questions were not correctly answered. See if you can draw a diagram of the ttwo processes (mitosis and meiosis) without looking at the notes.{% endif %}</p><p>{% if T4_HIGH %}Good work with this block!{% endif %}</p><h4 style=\"font-family: \" helvetica=\"\" neue\",=\"\" helvetica,=\"\" arial,=\"\" sans-serif;=\"\" color:=\"\" rgb(0,=\"\" 0,=\"\" 0);\"=\"\">DNA Structure and Replication</h4><p>{% if T5_LOW %}Go back and review the structure of the DNA and its replication process. You need to be able to identify the different parts of the molecule, the basic elements, and how are they connected. Additionally, you need to be able to explain in detail the replication process.{% endif %}</p><p>{% if T5_MID %}You need to review a bit more this block. Make sure you understand the role of each of the parts of the molecule with the replication process.{% endif %}</p><p>{% if T5_HIGH %}Good work with this topic. Can you identify anomalies that may appear during the replication process?{% endif %}</p><p>Your total score for the midterm is\u00a0{{ mt_total }}.</p><p>Kind regards</p><p>{{ Coordinator name }}</p><p>{{ Course name }}</p><div><br></div>",
        "target_url": "",
        "shuffle": false
    }
},
{
    "model": "ontask.action",
    "pk": 5,
    "fields": {
        "name": "Send JSON to remote server",
        "description_text": "Send a JSON object to a remote server (outside this platform)",
        "created": "2019-09-21T06:44:11.891Z",
        "modified": "2019-09-21T06:44:24.110Z",
        "workflow": 1,
        "action_type": "personalized_json",
        "last_executed_log": null,
        "active_from": null,
        "active_to": null,
        "rows_all_false": [],
        "serve_enabled": false,
        "text_content": "{\r\n  \"sid\": {{ SID }},\r\n  \"midterm_total\": {{ Total }},\r\n  \"msg\":\r\n     {% if Less than 50 in the midterm %}\"Message number 1\"{% endif %}\r\n    {% if More or equal to 50 in midterm %}\"Message number 2\"{% endif %}\r\n}",
        "target_url": "http://127.0.0.1",
        "shuffle": false
    }
},
{
    "model": "ontask.action",
    "pk": 6,
    "fields": {
        "name": "Student comments Week 1",
        "description_text": "Feedback about today's lecture",
        "created": "2019-09-21T06:44:12.978Z",
        "modified": "2019-09-21T06:44:12.979Z",
        "workflow": 1,
        "action_type": "survey",
        "last_executed_log": null,
        "active_from": null,
        "active_to": null,
        "rows_all_false": null,
        "serve_enabled": true,
        "text_content": "{% comment %}Your action content here{% endcomment %}",
        "target_url": "",
        "shuffle": false
    }
},
{
    "model": "ontask.action",
    "pk": 7,
    "fields": {
        "name": "Suggestions about the forum",
        "description_text": "Message to remind those students that haven't visited the forum to do so.",
        "created": "2019-09-21T06:44:14.005Z",
        "modified": "2019-09-21T06:44:14.005Z",
        "workflow": 1,
        "action_type": "personalized_text",
        "last_executed_log": null,
        "active_from": null,
        "active_to": null,
        "rows_all_false": null,
        "serve_enabled": false,
        "text_content": "<p>Dear\u00a0{{ first_name }}</p><p>This is just a reminder to let you know that the activities in this course will rely on the discussions appearing in the forum. See if you can take a look at the messages currently there and let us know if you need any additional information from us.</p><p>Regards.</p><p>{{ Coordinator name }}</p><p>{{ Course name }}</p>",
        "target_url": "",
        "shuffle": false
    }
},
{
    "model": "ontask.action",
    "pk": 8,
    "fields": {
        "name": "Project feedback",
        "description_text": "Provide feedback about the project using the results from the rubric",
        "created": "2019-09-21T06:52:22.617Z",
        "modified": "2019-09-21T07:30:16.181Z",
        "workflow": 1,
        "action_type": "rubric_text",
        "last_executed_log": null,
        "active_from": null,
        "active_to": null,
        "rows_all_false": null,
        "serve_enabled": false,
        "text_content": "<p>Dear {{ GivenName }}</p><p>Here are some comments about the project you submitted a few days ago based on the published grading rubric:</p><p>{% ot_insert_rubric_feedback %}</p><p>Let us know if you have any questions.</p><p>Regards</p><p>{{ Coordinator name }}</p><p>{{ Course name }}<br></p>",
        "target_url": "",
        "shuffle": false
    }
},
{
    "model": "ontask.action",
    "pk": 9,
    "fields": {
        "name": "Send Email with list",
        "description_text": "Send email with column values as list",
        "created": "2019-09-03T09:49:08.382Z",
        "modified": "2019-09-03T09:50:05.509Z",
        "workflow": 1,
        "action_type": "email_list",
        "last_executed_log": null,
        "active_from": null,
        "active_to": null,
        "rows_all_false": null,
        "serve_enabled": false,
        "text_content": "<p>Dear Chris.</p><p>The emails of those students that have no activity in week 2 are: {% ot_insert_column_list \"email\" %}</p><p>Regards</p><p>Josh<br></p>",
        "target_url": "",
        "shuffle": false
    }
},
{
    "model": "ontask.action",
    "pk": 10,
    "fields": {
        "name": "Send list through JSON",
        "description_text": "Send the list of inactive students in week 2 to another platform",
        "created": "2019-09-03T10:41:07.348Z",
        "modified": "2019-09-03T10:42:39.438Z",
        "workflow": 1,
        "action_type": "json_list",
        "last_executed_log": null,
        "active_from": null,
        "active_to": null,
        "rows_all_false": null,
        "serve_enabled": false,
        "text_content": "{\r\n    \"inactive_students\": {% ot_insert_column_list \"email\" %}\r\n}",
        "target_url": "https://anotherinternalserver.yourinstution.edu",
        "shuffle": false
    }
},
{
    "model": "ontask.athenaconnection",
    "pk": 1,
    "fields": {
        "name": "athena connection",
        "description_text": "Connection to amazon athena server",
        "enabled": true,
        "aws_access_key": "[YOUR AWS ACCESS KEY HERE]",
        "aws_secret_access_key": "[YOUR AWS SECRET ACCESS KEY HERE]",
        "aws_session_token": "",
        "aws_bucket_name": "[S3 BUCKET NAME HERE]",
        "aws_file_path": "[FILE PATH WITHIN BUCKET HERE]",
        "aws_region_name": "[AWS REGION NAME HERE]",
        "table_name": ""
    }
},
{
    "model": "ontask.plugin",
    "pk": 7,
    "fields": {
        "name": "Linear Model",
        "description_text": "Execute a linear model",
        "created": "2018-05-28T01:00:41.649Z",
        "modified": "2018-05-28T01:00:42.649Z",
        "filename": "linear_model",
        "is_model": true,
        "is_verified": true,
        "is_enabled": true,
        "executed": null
    }
},
{
    "model": "ontask.plugin",
    "pk": 8,
    "fields": {
        "name": "Test Plungin 2 Name",
        "description_text": "Test Plugin 2 Description Text",
        "created": "2018-05-28T01:00:41.649Z",
        "modified": "2018-05-28T01:00:42.649Z",
        "filename": "test_plugin_2",
        "is_model": null,
        "is_verified": true,
        "is_enabled": true,
        "executed": null
    }
},
{
    "model": "ontask.plugin",
    "pk": 9,
    "fields": {
        "name": "Test Plungin 1 Name",
        "description_text": "Test Plugin 1 Description Text",
        "created": "2018-05-28T01:00:41.598Z",
        "modified": "2018-05-28T01:00:42.598Z",
        "filename": "test_plugin_1",
        "is_model": null,
        "is_verified": true,
        "is_enabled": true,
        "executed": null
    }
},
{
    "model": "ontask.profile",
    "pk": 21,
    "fields": {
        "slug": "650f0852-47ce-41da-8bf2-168e7966fc42",
        "picture": "",
        "bio": "",
        "email_verified": false
    }
},
{
    "model": "ontask.profile",
    "pk": 1,
    "fields": {
        "slug": "a6f89b0c-a945-483e-8be0-b6cb03b6e3de",
        "picture": "",
        "bio": "",
        "email_verified": false
    }
},
{
    "model": "ontask.profile",
    "pk": 2,
    "fields": {
        "slug": "b70c0db8-1b75-4427-9614-5b7afce40471",
        "picture": "",
        "bio": "",
        "email_verified": false
    }
},
{
    "model": "ontask.profile",
    "pk": 3,
    "fields": {
        "slug": "01bf13f2-6fc2-4b97-92b7-41a9f4977524",
        "picture": "",
        "bio": "",
        "email_verified": false
    }
},
{
    "model": "ontask.profile",
    "pk": 4,
    "fields": {
        "slug": "c5503648-3825-4af6-b318-652c35810013",
        "picture": "",
        "bio": "",
        "email_verified": false
    }
},
{
    "model": "ontask.profile",
    "pk": 5,
    "fields": {
        "slug": "8dca34f4-ce1c-4686-8bcf-8d82bd338a0e",
        "picture": "",
        "bio": "",
        "email_verified": false
    }
},
{
    "model": "ontask.profile",
    "pk": 6,
    "fields": {
        "slug": "43a24a90-db16-4312-aa37-39e086477fae",
        "picture": "",
        "bio": "",
        "email_verified": false
    }
},
{
    "model": "ontask.profile",
    "pk": 7,
    "fields": {
        "slug": "ea03714d-da91-4cc6-81fb-61c78f0c777f",
        "picture": "",
        "bio": "",
        "email_verified": false
    }
},
{
    "model": "ontask.profile",
    "pk": 8,
    "fields": {
        "slug": "cb56b32f-a7bc-4a2a-ba09-c57004aa57e0",
        "picture": "",
        "bio": "",
        "email_verified": false
    }
},
{
    "model": "ontask.profile",
    "pk": 9,
    "fields": {
        "slug": "976e7f98-921a-4b3a-8132-94728724cca6",
        "picture": "",
        "bio": "",
        "email_verified": false
    }
},
{
    "model": "ontask.profile",
    "pk": 10,
    "fields": {
        "slug": "7113ba21-332d-42bc-9408-c59c3faaace4",
        "picture": "",
        "bio": "",
        "email_verified": false
    }
},
{
    "model": "ontask.profile",
    "pk": 11,
    "fields": {
        "slug": "a5dd3003-cfd3-4fc5-94ff-4d2dabb7d4f5",
        "picture": "",
        "bio": "",
        "email_verified": false
    }
},
{
    "model": "ontask.profile",
    "pk": 12,
    "fields": {
        "slug": "07ae7655-600b-48e7-aece-947c506a4e06",
        "picture": "",
        "bio": "",
        "email_verified": false
    }
},
{
    "model": "ontask.profile",
    "pk": 13,
    "fields": {
        "slug": "a0230101-ddf1-4a2a-b8d7-1ddfb4ee4024",
        "picture": "",
        "bio": "",
        "email_verified": false
    }
},
{
    "model": "ontask.profile",
    "pk": 14,
    "fields": {
        "slug": "7aa6c374-98d4-4a7b-9a05-ba41fc295591",
        "picture": "",
        "bio": "",
        "email_verified": false
    }
},
{
    "model": "ontask.profile",
    "pk": 15,
    "fields": {
        "slug": "9ed816d5-ea17-4d43-ae0c-a7f8545fc7a1",
        "picture": "",
        "bio": "",
        "email_verified": false
    }
},
{
    "model": "ontask.profile",
    "pk": 16,
    "fields": {
        "slug": "88a9ef8d-0e17-4d7d-b10c-12aca20ddeaf",
        "picture": "",
        "bio": "",
        "email_verified": false
    }
},
{
    "model": "ontask.profile",
    "pk": 17,
    "fields": {
        "slug": "99d91acb-5f16-4ec9-b48b-430fe75b2405",
        "picture": "",
        "bio": "",
        "email_verified": false
    }
},
{
    "model": "ontask.profile",
    "pk": 18,
    "fields": {
        "slug": "a4a0eaff-08b4-4256-bd87-8c4bab1ee639",
        "picture": "",
        "bio": "",
        "email_verified": false
    }
},
{
    "model": "ontask.profile",
    "pk": 19,
    "fields": {
        "slug": "608efb01-ce75-4eb7-873b-18a8254c2b2d",
        "picture": "",
        "bio": "",
        "email_verified": false
    }
},
{
    "model": "ontask.profile",
    "pk": 20,
    "fields": {
        "slug": "40222b49-7a5d-47bc-8d4c-91652a1cd5da",
        "picture": "",
        "bio": "",
        "email_verified": false
    }
},
{
    "model": "ontask.rubriccell",
    "pk": 1,
    "fields": {
        "action": 8,
        "column": 68,
        "loa_position": 0,
        "description_text": "The presentation had a clearly defined structure: setting the problem, describing the methodology, results and conclusion. It was delivered clearly and in the allotted time.",
        "feedback_text": "Good job with the presentation. You included the expected blocks (problem description, methodology, results and conclusions) and it was delivered clearly and in the allotted time."
    }
},
{
    "model": "ontask.rubriccell",
    "pk": 2,
    "fields": {
        "action": 8,
        "column": 68,
        "loa_position": 1,
        "description_text": "The presentation either had an incomplete structure, was not clearly delivered, or it was not finished in the allotted time.",
        "feedback_text": "Think about the three requirements for this presentation: structure (introduce the problem, present the methodology, results, and conclusions), deliver it clearly, and in the allotted time. There were some aspects of it that needed improvement. For future presentations, review your material to make sure you cover all the required blocks and practice to make sure it is clearly delivered and within the allotted time."
    }
},
{
    "model": "ontask.rubriccell",
    "pk": 3,
    "fields": {
        "action": 8,
        "column": 68,
        "loa_position": 2,
        "description_text": "The presentation has some substantial room or improvement. The structure is far from complete, it was not delivered clearly, or the time allotted was not respected.",
        "feedback_text": "The presentation could be significantly improved. Make sure you review the structure again and verify that the problem is clearly stated, then the method, followed by the results and then the conclusions. The presentation needs to be clear and understandable, and it must fit in the allotted time. For future presentations, make sure you rehearse it paying attention to these requirements."
    }
},
{
    "model": "ontask.rubriccell",
    "pk": 4,
    "fields": {
        "action": 8,
        "column": 69,
        "loa_position": 0,
        "description_text": "The project is well written with the expected sections and the right content. An introduction with the description of the problem, a methodology describing the steps to obtain the results, a result section, and a conclusion section connecting the results with the problem.",
        "feedback_text": "Good work with the document. The sections have the right content and are coherently written."
    }
},
{
    "model": "ontask.rubriccell",
    "pk": 5,
    "fields": {
        "action": 8,
        "column": 69,
        "loa_position": 1,
        "description_text": "The structure of the document needs some improvement. Some of the sections do not contain the right information or not in the right format.",
        "feedback_text": "Review the document again and make sure that the introduction describes the problem, then the methodology section describes the steps to get the results, the result section just describes the information collected, and the conclusions connect the results with the problem."
    }
},
{
    "model": "ontask.rubriccell",
    "pk": 6,
    "fields": {
        "action": 8,
        "column": 69,
        "loa_position": 2,
        "description_text": "The structure of the document has several deficiencies. Either the introduction fails to situate the problem, or the methodology does not include a clear description of the steps to obtain the results, or the results are not clearly expected, or the conclusions are not properly written.",
        "feedback_text": "The document needs a significant revision. Remember that the introduction section needs to presents the problem and its context, the methodology focuses on the steps you have taken to collect the results, the result section presents the data you obtained, and the conclusions connect the data with the problem. Give the document another review to make sure its structure follows these guidelines."
    }
},
{
    "model": "ontask.scheduledoperation",
    "pk": 2,
    "fields": {
        "user": [
            "instructor01@bogus.com"
        ],
        "name": "schedule midterm action",
        "description_text": "description of the schedule of midterm",
        "created": "2019-12-07T11:16:44.072Z",
        "modified": "2019-12-07T11:16:44.072Z",
        "operation_type": "personalized_text",
        "execute": "2119-12-07T11:13:00Z",
        "frequency": "",
        "execute_until": null,
        "status": "pending",
        "last_executed_log": null,
        "workflow": 1,
        "action": 4,
        "item_column": 2,
        "exclude_values": [],
        "payload": {
            "subject": "subject",
            "cc_email": "ccemail@bogus.com",
            "bcc_email": "gccemail@bogus.com",
            "track_read": false,
            "send_confirmation": false
        }
    }
},
{
    "model": "ontask.scheduledoperation",
    "pk": 3,
    "fields": {
        "user": [
            "instructor01@bogus.com"
        ],
        "name": "rubric feedback",
        "description_text": "rubrick feedback description",
        "created": "2019-12-07T11:19:23.372Z",
        "modified": "2019-12-07T11:19:23.372Z",
        "operation_type": "rubric_text",
        "execute": "2119-12-07T11:18:00Z",
        "frequency": "",
        "execute_until": null,
        "status": "pending",
        "last_executed_log": null,
        "workflow": 1,
        "action": 8,
        "item_column": 2,
        "exclude_values": [],
        "payload": {
            "subject": "rubric subject",
            "cc_email": "",
            "bcc_email": "",
            "track_read": false,
            "send_confirmation": false
        }
    }
},
{
    "model": "ontask.scheduledoperation",
    "pk": 4,
    "fields": {
        "user": [
            "instructor01@bogus.com"
        ],
        "name": "Schedule sending email list",
        "description_text": "Description of the schedule sending email list",
        "created": "2019-12-07T11:21:18.559Z",
        "modified": "2019-12-07T11:21:18.559Z",
        "operation_type": "email_list",
        "execute": "2119-12-07T11:20:00Z",
        "frequency": "",
        "execute_until": null,
        "status": "pending",
        "last_executed_log": null,
        "workflow": 1,
        "action": 9,
        "item_column": null,
        "exclude_values": [],
        "payload": {
            "subject": "Email subject",
            "cc_email": "",
            "email_to": "bogususer@bogus.com",
            "bcc_email": ""
        }
    }
},
{
    "model": "ontask.scheduledoperation",
    "pk": 5,
    "fields": {
        "user": [
            "instructor01@bogus.com"
        ],
        "name": "Scheduje JSON send",
        "description_text": "description of the schedule of JSON send",
        "created": "2019-12-07T11:23:13.769Z",
        "modified": "2019-12-07T11:23:13.770Z",
        "operation_type": "personalized_json",
        "execute": "2119-12-07T11:22:00Z",
        "frequency": "",
        "execute_until": null,
        "status": "pending",
        "last_executed_log": null,
        "workflow": 1,
        "action": 5,
        "item_column": 2,
        "exclude_values": [],
        "payload": {
            "token": "fake token"
        }
    }
},
{
    "model": "ontask.scheduledoperation",
    "pk": 6,
    "fields": {
        "user": [
            "instructor01@bogus.com"
        ],
        "name": "schedule JSON list",
        "description_text": "Description of schedule JSON list",
        "created": "2019-12-07T11:25:34.958Z",
        "modified": "2019-12-07T11:25:34.958Z",
        "operation_type": "json_list",
        "execute": "2119-12-07T11:25:00Z",
        "frequency": "",
        "execute_until": null,
        "status": "pending",
        "last_executed_log": null,
        "workflow": 1,
        "action": 10,
        "item_column": null,
        "exclude_values": [],
        "payload": {
            "token": "TOKEN"
        }
    }
},
{
    "model": "ontask.sqlconnection",
    "pk": 1,
    "fields": {
        "name": "remote server",
        "description_text": "Server with student records",
        "enabled": true,
        "conn_type": "mysql",
        "conn_driver": "",
        "db_user": "remote_db_user",
        "db_password": "",
        "db_host": "dbserver.bogus.com",
        "db_port": null,
        "db_name": "demographics",
        "db_table": "s_records"
    }
},
{
    "model": "ontask.sqlconnection",
    "pk": 2,
    "fields": {
        "name": "remote server2",
        "description_text": "Server with student records2",
        "enabled": true,
        "conn_type": "postgresql",
        "conn_driver": "",
        "db_user": "ontask",
        "db_password": "",
        "db_host": "localhost",
        "db_port": null,
        "db_name": "ontask_b",
        "db_table": "__ONTASK_WORKFLOW_TABLE_1"
    }
},
{
    "model": "ontask.ontaskuser",
    "pk": 21,
    "fields": {}
},
{
    "model": "ontask.ontaskuser",
    "pk": 1,
    "fields": {}
},
{
    "model": "ontask.ontaskuser",
    "pk": 2,
    "fields": {}
},
{
    "model": "ontask.ontaskuser",
    "pk": 3,
    "fields": {}
},
{
    "model": "ontask.ontaskuser",
    "pk": 4,
    "fields": {}
},
{
    "model": "ontask.ontaskuser",
    "pk": 5,
    "fields": {}
},
{
    "model": "ontask.ontaskuser",
    "pk": 6,
    "fields": {}
},
{
    "model": "ontask.ontaskuser",
    "pk": 7,
    "fields": {}
},
{
    "model": "ontask.ontaskuser",
    "pk": 8,
    "fields": {}
},
{
    "model": "ontask.ontaskuser",
    "pk": 9,
    "fields": {}
},
{
    "model": "ontask.ontaskuser",
    "pk": 10,
    "fields": {}
},
{
    "model": "ontask.ontaskuser",
    "pk": 11,
    "fields": {}
},
{
    "model": "ontask.ontaskuser",
    "pk": 12,
    "fields": {}
},
{
    "model": "ontask.ontaskuser",
    "pk": 13,
    "fields": {}
},
{
    "model": "ontask.ontaskuser",
    "pk": 14,
    "fields": {}
},
{
    "model": "ontask.ontaskuser",
    "pk": 15,
    "fields": {}
},
{
    "model": "ontask.ontaskuser",
    "pk": 16,
    "fields": {}
},
{
    "model": "ontask.ontaskuser",
    "pk": 17,
    "fields": {}
},
{
    "model": "ontask.ontaskuser",
    "pk": 18,
    "fields": {}
},
{
    "model": "ontask.ontaskuser",
    "pk": 19,
    "fields": {}
},
{
    "model": "ontask.ontaskuser",
    "pk": 20,
    "fields": {}
},
{
    "model": "ontask.view",
    "pk": 1,
    "fields": {
        "name": "Low forum sessions",
        "description_text": "",
        "created": "2019-09-21T06:44:14.318Z",
        "modified": "2019-09-21T06:44:14.531Z",
        "workflow": 1,
        "formula": {
            "not": false,
            "rules": [
                {
                    "id": "Days online",
                    "type": "integer",
                    "field": "Days online",
                    "input": "number",
                    "value": "7",
                    "operator": "less_or_equal"
                }
            ],
            "valid": true,
            "condition": "AND"
        },
        "columns": [
            2
        ]
    }
},
{
    "model": "ontask.view",
    "pk": 2,
    "fields": {
        "name": "Midterm",
        "description_text": "",
        "created": "2019-09-21T06:44:14.591Z",
        "modified": "2019-09-21T06:44:14.765Z",
        "workflow": 1,
        "formula": {
            "not": false,
            "rules": [],
            "valid": true,
            "condition": "AND"
        },
        "columns": [
            2,
            13,
            14,
            15,
            16,
            17,
            18,
            19,
            20,
            21,
            22,
            23
        ]
    }
},
{
    "model": "ontask.view",
    "pk": 3,
    "fields": {
        "name": "Videos",
        "description_text": "",
        "created": "2019-09-21T06:44:14.801Z",
        "modified": "2019-09-21T06:44:14.963Z",
        "workflow": 1,
        "formula": {
            "not": false,
            "rules": [],
            "valid": true,
            "condition": "AND"
        },
        "columns": [
            2,
            44,
            47,
            50,
            53,
            56,
            59,
            62,
            65
        ]
    }
},
{
    "model": "ontask.view",
    "pk": 4,
    "fields": {
        "name": "Project rubric",
        "description_text": "",
        "created": "2019-09-21T06:50:54.016Z",
        "modified": "2019-09-21T06:50:54.016Z",
        "workflow": 1,
        "formula": {
            "not": false,
            "rules": [],
            "valid": true,
            "condition": "AND"
        },
        "columns": [
            1,
            2,
            68,
            69
        ]
    }
}
]
