[
{
    "model": "auth.group",
    "pk": 1,
    "fields": {
        "name": "instructor",
        "permissions": [
            [
                "add_action",
                "action",
                "action"
            ],
            [
                "change_action",
                "action",
                "action"
            ],
            [
                "delete_action",
                "action",
                "action"
            ],
            [
                "add_condition",
                "action",
                "condition"
            ],
            [
                "change_condition",
                "action",
                "condition"
            ],
            [
                "delete_condition",
                "action",
                "condition"
            ],
            [
                "add_log",
                "logs",
                "log"
            ],
            [
                "change_log",
                "logs",
                "log"
            ],
            [
                "delete_log",
                "logs",
                "log"
            ],
            [
                "add_column",
                "workflow",
                "column"
            ],
            [
                "change_column",
                "workflow",
                "column"
            ],
            [
                "delete_column",
                "workflow",
                "column"
            ],
            [
                "add_workflow",
                "workflow",
                "workflow"
            ],
            [
                "change_workflow",
                "workflow",
                "workflow"
            ],
            [
                "delete_workflow",
                "workflow",
                "workflow"
            ]
        ]
    }
},
{
    "model": "sites.site",
    "pk": 1,
    "fields": {
        "domain": "127.0.0.1:8000",
        "name": "127.0.0.1:8000"
    }
},
{
    "model": "authtools.user",
    "pk": 1,
    "fields": {
        "password": "pbkdf2_sha256$36000$JMX4YPJ3ahxr$Q8DJ+BINVcLXRb9zofOscibKccnux1f4gTWp3TNvPCk=",
        "last_login": "2017-12-12T00:32:07.306Z",
        "is_superuser": true,
        "email": "superuser@bogus.com",
        "is_staff": true,
        "is_active": true,
        "date_joined": "2017-11-11T20:47:28.868Z",
        "name": "Super User",
        "groups": [
            [
                "instructor"
            ]
        ],
        "user_permissions": []
    }
},
{
    "model": "authtools.user",
    "pk": 2,
    "fields": {
        "password": "pbkdf2_sha256$36000$yyR4qJnt4C68$u5UIYoLDOo5z7pJ9LEQ5xE/Wg3nw/cyIzKoh4tkP4ZQ=",
        "last_login": "2017-12-07T04:52:28.393Z",
        "is_superuser": false,
        "email": "student01@bogus.com",
        "is_staff": false,
        "is_active": true,
        "date_joined": "2017-11-12T19:44:27.631Z",
        "name": "student01@bogus.com",
        "groups": [],
        "user_permissions": []
    }
},
{
    "model": "authtools.user",
    "pk": 3,
    "fields": {
        "password": "pbkdf2_sha256$36000$udn5nz4eFAvU$hj5La0k48upa6trsCv9TOb2LFOM6Iad3gv5Z8r2OtZ8=",
        "last_login": "2017-12-06T02:59:02.719Z",
        "is_superuser": false,
        "email": "student02@bogus.com",
        "is_staff": false,
        "is_active": true,
        "date_joined": "2017-11-12T19:44:33.927Z",
        "name": "student02@bogus.com",
        "groups": [],
        "user_permissions": []
    }
},
{
    "model": "authtools.user",
    "pk": 4,
    "fields": {
        "password": "pbkdf2_sha256$36000$7IWHqHRmEqHJ$MACKzkY9ez1AP8w+m6vBWJDgnBB63qiZ8ltnHRgp9DA=",
        "last_login": "2017-12-16T00:55:45.202Z",
        "is_superuser": false,
        "email": "instructor01@bogus.com",
        "is_staff": false,
        "is_active": true,
        "date_joined": "2017-11-13T10:44:13.687Z",
        "name": "Instructor One",
        "groups": [
            [
                "instructor"
            ]
        ],
        "user_permissions": []
    }
},
{
    "model": "authtools.user",
    "pk": 5,
    "fields": {
        "password": "pbkdf2_sha256$36000$Vi2lBnr5h5ee$awxW9s042y23fISIZHks3h1hHieogLXXroObZsqGv0c=",
        "last_login": "2017-11-30T10:14:47.997Z",
        "is_superuser": false,
        "email": "instructor02@bogus.com",
        "is_staff": false,
        "is_active": true,
        "date_joined": "2017-11-13T10:44:13.724Z",
        "name": "Instructor Two",
        "groups": [
            [
                "instructor"
            ]
        ],
        "user_permissions": []
    }
},
{
    "model": "authtools.user",
    "pk": 6,
    "fields": {
        "password": "pbkdf2_sha256$36000$QW3s2sNU1cL2$C/soQ1isU0Ogiehr627viw0zHugND6IyrTb/C1JrcXs=",
        "last_login": null,
        "is_superuser": false,
        "email": "instructor03@bogus.com",
        "is_staff": false,
        "is_active": true,
        "date_joined": "2017-11-13T10:44:13.739Z",
        "name": "Instructor Three",
        "groups": [
            [
                "instructor"
            ]
        ],
        "user_permissions": []
    }
},
{
    "model": "authtools.user",
    "pk": 27,
    "fields": {
        "password": "",
        "last_login": "2017-12-06T02:37:16.364Z",
        "is_superuser": false,
        "email": "user@example.com",
        "is_staff": false,
        "is_active": true,
        "date_joined": "2017-12-06T02:35:24.733Z",
        "name": "user",
        "groups": [],
        "user_permissions": []
    }
},
{
    "model": "siteprefs.preference",
    "pk": 1,
    "fields": {
        "app": "email_action",
        "name": "email_host",
        "text": ""
    }
},
{
    "model": "siteprefs.preference",
    "pk": 2,
    "fields": {
        "app": "email_action",
        "name": "email_port",
        "text": ""
    }
},
{
    "model": "siteprefs.preference",
    "pk": 3,
    "fields": {
        "app": "email_action",
        "name": "email_host_user",
        "text": ""
    }
},
{
    "model": "siteprefs.preference",
    "pk": 4,
    "fields": {
        "app": "email_action",
        "name": "email_host_password",
        "text": ""
    }
},
{
    "model": "siteprefs.preference",
    "pk": 5,
    "fields": {
        "app": "email_action",
        "name": "email_use_tls",
        "text": ""
    }
},
{
    "model": "siteprefs.preference",
    "pk": 6,
    "fields": {
        "app": "email_action",
        "name": "email_use_ssl",
        "text": ""
    }
},
{
    "model": "siteprefs.preference",
    "pk": 7,
    "fields": {
        "app": "email_action",
        "name": "notification_template",
        "text": "\n<html>\n<head/>\n<body>\n<p>Dear {{ user.name }}</p>\n\n<p>This message is to inform you that on {{ email_sent_datetime }} a total of \n{{ num_messages }} emails were sent after the user {{ user.email }} executed \nthe action with name  \"{{ action.name }}\".</p> \n\n{% if filter_present %}\n<p>The action had a filter that reduced the number of messages from \n{{ num_rows }} to {{ num_selected }}.</p> \n{% else %}\n<p>All the data rows stored in the workflow were used.</p>\n{% endif %}\n\nRegards.\nThe OnTask Support Team\n</body>\n</html>\n"
    }
},
{
    "model": "siteprefs.preference",
    "pk": 8,
    "fields": {
        "app": "email_action",
        "name": "notification_subject",
        "text": "OnTask: Action executed"
    }
},
{
    "model": "siteprefs.preference",
    "pk": 9,
    "fields": {
        "app": "email_action",
        "name": "notification_sender",
        "text": "ontask@ontasklearning.org"
    }
},
{
    "model": "siteprefs.preference",
    "pk": 10,
    "fields": {
        "app": "logs",
        "name": "max_list_size",
        "text": "200"
    }
},
{
    "model": "siteprefs.preference",
    "pk": 11,
    "fields": {
        "app": "ontask",
        "name": "content_types",
        "text": "[\"text/csv\", \"application/json\", \"application/gzip\", \"application/x-gzip\"]"
    }
},
{
    "model": "siteprefs.preference",
    "pk": 12,
    "fields": {
        "app": "ontask",
        "name": "max_upload_size",
        "text": "209715200"
    }
},
{
    "model": "siteprefs.preference",
    "pk": 13,
    "fields": {
        "app": "core",
        "name": "help_url",
        "text": "html/index.html"
    }
},
{
    "model": "siteprefs.preference",
    "pk": 14,
    "fields": {
        "app": "dataops",
        "name": "plugin_directory",
        "text": "/Users/abelardopardo/ontask_B/src/plugins"
    }
},
{
    "model": "siteprefs.preference",
    "pk": 15,
    "fields": {
        "app": "action",
        "name": "email_host",
        "text": ""
    }
},
{
    "model": "siteprefs.preference",
    "pk": 16,
    "fields": {
        "app": "action",
        "name": "email_port",
        "text": ""
    }
},
{
    "model": "siteprefs.preference",
    "pk": 17,
    "fields": {
        "app": "action",
        "name": "email_host_user",
        "text": ""
    }
},
{
    "model": "siteprefs.preference",
    "pk": 18,
    "fields": {
        "app": "action",
        "name": "email_host_password",
        "text": ""
    }
},
{
    "model": "siteprefs.preference",
    "pk": 19,
    "fields": {
        "app": "action",
        "name": "email_use_tls",
        "text": ""
    }
},
{
    "model": "siteprefs.preference",
    "pk": 20,
    "fields": {
        "app": "action",
        "name": "email_use_ssl",
        "text": ""
    }
},
{
    "model": "siteprefs.preference",
    "pk": 21,
    "fields": {
        "app": "action",
        "name": "notification_template",
        "text": "\n<html>\n<head/>\n<body>\n<p>Dear {{ user.name }}</p>\n\n<p>This message is to inform you that on {{ email_sent_datetime }} a total of \n{{ num_messages }} emails were sent after the user {{ user.email }} executed \nthe action with name  \"{{ action.name }}\".</p> \n\n{% if filter_present %}\n<p>The action had a filter that reduced the number of messages from \n{{ num_rows }} to {{ num_selected }}.</p> \n{% else %}\n<p>All the data rows stored in the workflow were used.</p>\n{% endif %}\n\nRegards.\nThe OnTask Support Team\n</body>\n</html>\n"
    }
},
{
    "model": "siteprefs.preference",
    "pk": 22,
    "fields": {
        "app": "action",
        "name": "notification_subject",
        "text": "OnTask: Action executed"
    }
},
{
    "model": "siteprefs.preference",
    "pk": 23,
    "fields": {
        "app": "action",
        "name": "notification_sender",
        "text": "ontask@ontasklearning.org"
    }
},
{
    "model": "authtoken.token",
    "pk": "c5eac9be0365a24aca40633f7ebb3556d66a7a1d",
    "fields": {
        "user": [
            "superuser@bogus.com"
        ],
        "created": "2017-11-11T20:56:38.250Z"
    }
},
{
    "model": "django_summernote.attachment",
    "pk": 1,
    "fields": {
        "name": "download.jpeg",
        "file": "django-summernote/2017-11-15/1c610ce3-ed8e-46c4-8a42-d391962ce1fb.jpeg",
        "uploaded": "2017-11-15T05:49:24.475Z"
    }
},
{
    "model": "django_summernote.attachment",
    "pk": 2,
    "fields": {
        "name": "2_10_8__Read_about_the_floating_point_representation_and_share_views_py_-_ontask_B_-____ontask_B_.png",
        "file": "django-summernote/2017-11-15/81cac62b-51a3-4cdc-9cf7-817386021c2b.png",
        "uploaded": "2017-11-15T05:51:48.392Z"
    }
},
{
    "model": "django_summernote.attachment",
    "pk": 3,
    "fields": {
        "name": "download.jpeg",
        "file": "django-summernote/2017-11-15/5aa534cf-1bcd-47ed-b9a8-2e1c9a8707bd.jpeg",
        "uploaded": "2017-11-15T05:52:38.966Z"
    }
},
{
    "model": "profiles.profile",
    "pk": 4,
    "fields": {
        "slug": "625c9377-9fa5-4565-8076-241cc5915c3f",
        "picture": "",
        "bio": null,
        "email_verified": false
    }
},
{
    "model": "profiles.profile",
    "pk": 6,
    "fields": {
        "slug": "5c5f63d2-bd40-4edf-b8ce-c942ef3f76c6",
        "picture": "",
        "bio": null,
        "email_verified": false
    }
},
{
    "model": "profiles.profile",
    "pk": 5,
    "fields": {
        "slug": "6c89d4f7-f6d4-4828-939c-e3eccb1a6ca7",
        "picture": "",
        "bio": null,
        "email_verified": false
    }
},
{
    "model": "profiles.profile",
    "pk": 1,
    "fields": {
        "slug": "a73d2eed-14b1-42b3-81a1-25fcc7284936",
        "picture": "",
        "bio": null,
        "email_verified": false
    }
},
{
    "model": "profiles.profile",
    "pk": 2,
    "fields": {
        "slug": "467cdea6-686d-45bc-ad95-a073f7241f07",
        "picture": "",
        "bio": null,
        "email_verified": false
    }
},
{
    "model": "profiles.profile",
    "pk": 3,
    "fields": {
        "slug": "7196ba08-9652-47f9-8f1f-dbc4ee33fa35",
        "picture": "",
        "bio": null,
        "email_verified": false
    }
},
{
    "model": "profiles.profile",
    "pk": 27,
    "fields": {
        "slug": "66816e31-b582-401e-94e0-702d101a5413",
        "picture": "",
        "bio": null,
        "email_verified": false
    }
},
{
    "model": "workflow.workflow",
    "pk": 140,
    "fields": {
        "user": [
            "instructor01@bogus.com"
        ],
        "name": "wflow1",
        "description_text": "Course on Entrepreneurship Literacy for Online Networking",
        "created": "2017-12-16T00:59:11.863Z",
        "modified": "2017-12-16T03:07:50.242Z",
        "nrows": 12,
        "ncols": 28,
        "attributes": {
            "Course_name": "ELON5839",
            "Coordinator_name": "Sarah Coordinating"
        },
        "query_builder_ops": [
            {
                "id": "email",
                "type": "string"
            },
            {
                "id": "sid",
                "type": "integer"
            },
            {
                "id": "WAM",
                "type": "double",
                "validation": {
                    "step": "any"
                }
            },
            {
                "id": "credits",
                "type": "integer"
            },
            {
                "id": "days_online",
                "type": "double",
                "validation": {
                    "step": "any"
                }
            },
            {
                "id": "difficult_week01",
                "type": "string",
                "input": "select",
                "values": [
                    "",
                    "Concept 1",
                    "Concept 2",
                    "Concept 3",
                    "Concept 4"
                ],
                "operators": [
                    "equal",
                    "not_equal"
                ]
            },
            {
                "id": "difficult_week02",
                "type": "string",
                "input": "select",
                "values": [
                    "",
                    "Concept 1",
                    "Concept 2",
                    "Concept 3",
                    "Concept 4"
                ],
                "operators": [
                    "equal",
                    "not_equal"
                ]
            },
            {
                "id": "first_name",
                "type": "string"
            },
            {
                "id": "first_session",
                "type": "datetime"
            },
            {
                "id": "gender",
                "type": "string",
                "input": "select",
                "values": [
                    "male",
                    "female"
                ],
                "operators": [
                    "equal",
                    "not_equal"
                ]
            },
            {
                "id": "group",
                "type": "string"
            },
            {
                "id": "induction",
                "type": "boolean",
                "input": "radio",
                "values": {
                    "0": "No",
                    "1": "Yes"
                },
                "operators": [
                    "equal"
                ]
            },
            {
                "id": "last_name",
                "type": "string"
            },
            {
                "id": "mt_total",
                "type": "double",
                "validation": {
                    "step": "any"
                }
            },
            {
                "id": "q01",
                "type": "integer"
            },
            {
                "id": "q02",
                "type": "integer"
            },
            {
                "id": "q03",
                "type": "integer"
            },
            {
                "id": "q04",
                "type": "integer"
            },
            {
                "id": "q05",
                "type": "integer"
            },
            {
                "id": "q06",
                "type": "integer"
            },
            {
                "id": "q07",
                "type": "integer"
            },
            {
                "id": "q08",
                "type": "integer"
            },
            {
                "id": "q09",
                "type": "integer"
            },
            {
                "id": "q10",
                "type": "integer"
            },
            {
                "id": "took_mt",
                "type": "boolean",
                "input": "radio",
                "values": {
                    "0": "No",
                    "1": "Yes"
                },
                "operators": [
                    "equal"
                ]
            },
            {
                "id": "video_1",
                "type": "integer"
            },
            {
                "id": "video_2",
                "type": "integer"
            },
            {
                "id": "video_3",
                "type": "integer"
            }
        ],
        "data_frame_table_name": "__ONTASK_WORKFLOW_TABLE_140",
        "session_key": "",
        "shared": []
    }
},
{
    "model": "workflow.column",
    "pk": 4663,
    "fields": {
        "name": "sid",
        "description_text": "",
        "workflow": 140,
        "data_type": "integer",
        "is_key": true,
        "position": 2,
        "in_viz": true,
        "categories": [],
        "active_from": null,
        "active_to": null
    }
},
{
    "model": "workflow.column",
    "pk": 4664,
    "fields": {
        "name": "email",
        "description_text": "",
        "workflow": 140,
        "data_type": "string",
        "is_key": true,
        "position": 1,
        "in_viz": true,
        "categories": [],
        "active_from": null,
        "active_to": null
    }
},
{
    "model": "workflow.column",
    "pk": 4665,
    "fields": {
        "name": "last_name",
        "description_text": "",
        "workflow": 140,
        "data_type": "string",
        "is_key": false,
        "position": 13,
        "in_viz": true,
        "categories": [],
        "active_from": null,
        "active_to": null
    }
},
{
    "model": "workflow.column",
    "pk": 4666,
    "fields": {
        "name": "first_name",
        "description_text": "",
        "workflow": 140,
        "data_type": "string",
        "is_key": false,
        "position": 8,
        "in_viz": true,
        "categories": [],
        "active_from": null,
        "active_to": null
    }
},
{
    "model": "workflow.column",
    "pk": 4667,
    "fields": {
        "name": "gender",
        "description_text": "",
        "workflow": 140,
        "data_type": "string",
        "is_key": false,
        "position": 10,
        "in_viz": true,
        "categories": [
            "male",
            "female"
        ],
        "active_from": null,
        "active_to": null
    }
},
{
    "model": "workflow.column",
    "pk": 4668,
    "fields": {
        "name": "group",
        "description_text": "",
        "workflow": 140,
        "data_type": "string",
        "is_key": false,
        "position": 11,
        "in_viz": true,
        "categories": [],
        "active_from": null,
        "active_to": null
    }
},
{
    "model": "workflow.column",
    "pk": 4669,
    "fields": {
        "name": "credits",
        "description_text": "",
        "workflow": 140,
        "data_type": "integer",
        "is_key": false,
        "position": 4,
        "in_viz": true,
        "categories": [],
        "active_from": null,
        "active_to": null
    }
},
{
    "model": "workflow.column",
    "pk": 4670,
    "fields": {
        "name": "WAM",
        "description_text": "",
        "workflow": 140,
        "data_type": "double",
        "is_key": false,
        "position": 3,
        "in_viz": true,
        "categories": [],
        "active_from": null,
        "active_to": null
    }
},
{
    "model": "workflow.column",
    "pk": 4671,
    "fields": {
        "name": "induction",
        "description_text": "",
        "workflow": 140,
        "data_type": "boolean",
        "is_key": false,
        "position": 12,
        "in_viz": true,
        "categories": [],
        "active_from": null,
        "active_to": null
    }
},
{
    "model": "workflow.column",
    "pk": 4672,
    "fields": {
        "name": "first_session",
        "description_text": "",
        "workflow": 140,
        "data_type": "datetime",
        "is_key": false,
        "position": 9,
        "in_viz": true,
        "categories": [],
        "active_from": null,
        "active_to": null
    }
},
{
    "model": "workflow.column",
    "pk": 4673,
    "fields": {
        "name": "difficult_week01",
        "description_text": "Which concept did you find most difficult this week?",
        "workflow": 140,
        "data_type": "string",
        "is_key": false,
        "position": 6,
        "in_viz": true,
        "categories": [
            "",
            "Concept 1",
            "Concept 2",
            "Concept 3",
            "Concept 4"
        ],
        "active_from": null,
        "active_to": null
    }
},
{
    "model": "workflow.column",
    "pk": 4674,
    "fields": {
        "name": "difficult_week02",
        "description_text": "Which concept did you find most difficult this week?",
        "workflow": 140,
        "data_type": "string",
        "is_key": false,
        "position": 7,
        "in_viz": true,
        "categories": [
            "",
            "Concept 1",
            "Concept 2",
            "Concept 3",
            "Concept 4"
        ],
        "active_from": null,
        "active_to": null
    }
},
{
    "model": "workflow.column",
    "pk": 4676,
    "fields": {
        "name": "q01",
        "description_text": "",
        "workflow": 140,
        "data_type": "integer",
        "is_key": false,
        "position": 15,
        "in_viz": true,
        "categories": [],
        "active_from": null,
        "active_to": null
    }
},
{
    "model": "workflow.column",
    "pk": 4677,
    "fields": {
        "name": "q02",
        "description_text": "",
        "workflow": 140,
        "data_type": "integer",
        "is_key": false,
        "position": 16,
        "in_viz": true,
        "categories": [],
        "active_from": null,
        "active_to": null
    }
},
{
    "model": "workflow.column",
    "pk": 4678,
    "fields": {
        "name": "q03",
        "description_text": "",
        "workflow": 140,
        "data_type": "integer",
        "is_key": false,
        "position": 17,
        "in_viz": true,
        "categories": [],
        "active_from": null,
        "active_to": null
    }
},
{
    "model": "workflow.column",
    "pk": 4679,
    "fields": {
        "name": "q04",
        "description_text": "",
        "workflow": 140,
        "data_type": "integer",
        "is_key": false,
        "position": 18,
        "in_viz": true,
        "categories": [],
        "active_from": null,
        "active_to": null
    }
},
{
    "model": "workflow.column",
    "pk": 4680,
    "fields": {
        "name": "q05",
        "description_text": "",
        "workflow": 140,
        "data_type": "integer",
        "is_key": false,
        "position": 19,
        "in_viz": true,
        "categories": [],
        "active_from": null,
        "active_to": null
    }
},
{
    "model": "workflow.column",
    "pk": 4681,
    "fields": {
        "name": "q06",
        "description_text": "",
        "workflow": 140,
        "data_type": "integer",
        "is_key": false,
        "position": 20,
        "in_viz": true,
        "categories": [],
        "active_from": null,
        "active_to": null
    }
},
{
    "model": "workflow.column",
    "pk": 4682,
    "fields": {
        "name": "q07",
        "description_text": "",
        "workflow": 140,
        "data_type": "integer",
        "is_key": false,
        "position": 21,
        "in_viz": true,
        "categories": [],
        "active_from": null,
        "active_to": null
    }
},
{
    "model": "workflow.column",
    "pk": 4683,
    "fields": {
        "name": "q08",
        "description_text": "",
        "workflow": 140,
        "data_type": "integer",
        "is_key": false,
        "position": 22,
        "in_viz": true,
        "categories": [],
        "active_from": null,
        "active_to": null
    }
},
{
    "model": "workflow.column",
    "pk": 4684,
    "fields": {
        "name": "q09",
        "description_text": "",
        "workflow": 140,
        "data_type": "integer",
        "is_key": false,
        "position": 23,
        "in_viz": true,
        "categories": [],
        "active_from": null,
        "active_to": null
    }
},
{
    "model": "workflow.column",
    "pk": 4685,
    "fields": {
        "name": "q10",
        "description_text": "",
        "workflow": 140,
        "data_type": "integer",
        "is_key": false,
        "position": 24,
        "in_viz": true,
        "categories": [],
        "active_from": null,
        "active_to": null
    }
},
{
    "model": "workflow.column",
    "pk": 4686,
    "fields": {
        "name": "mt_total",
        "description_text": "",
        "workflow": 140,
        "data_type": "double",
        "is_key": false,
        "position": 14,
        "in_viz": true,
        "categories": [],
        "active_from": null,
        "active_to": null
    }
},
{
    "model": "workflow.column",
    "pk": 4688,
    "fields": {
        "name": "took_mt",
        "description_text": "",
        "workflow": 140,
        "data_type": "boolean",
        "is_key": false,
        "position": 25,
        "in_viz": true,
        "categories": [],
        "active_from": null,
        "active_to": null
    }
},
{
    "model": "workflow.column",
    "pk": 4689,
    "fields": {
        "name": "days_online",
        "description_text": "",
        "workflow": 140,
        "data_type": "double",
        "is_key": false,
        "position": 5,
        "in_viz": true,
        "categories": [],
        "active_from": null,
        "active_to": null
    }
},
{
    "model": "workflow.column",
    "pk": 4690,
    "fields": {
        "name": "video_1",
        "description_text": "",
        "workflow": 140,
        "data_type": "integer",
        "is_key": false,
        "position": 26,
        "in_viz": true,
        "categories": [],
        "active_from": null,
        "active_to": null
    }
},
{
    "model": "workflow.column",
    "pk": 4691,
    "fields": {
        "name": "video_2",
        "description_text": "",
        "workflow": 140,
        "data_type": "integer",
        "is_key": false,
        "position": 27,
        "in_viz": true,
        "categories": [],
        "active_from": null,
        "active_to": null
    }
},
{
    "model": "workflow.column",
    "pk": 4693,
    "fields": {
        "name": "video_3",
        "description_text": "",
        "workflow": 140,
        "data_type": "integer",
        "is_key": false,
        "position": 28,
        "in_viz": true,
        "categories": [],
        "active_from": null,
        "active_to": null
    }
},
{
    "model": "action.action",
    "pk": 307,
    "fields": {
        "workflow": 140,
        "name": "Midterm scores",
        "description_text": "Comment the midterm scores divided by topic",
        "created": "2017-12-16T01:33:35.442Z",
        "modified": "2018-09-06T00:16:15.495Z",
        "last_executed_log": null,
        "action_type": "personalized_text",
        "serve_enabled": false,
        "active_from": null,
        "active_to": null,
        "content": "<p>Dear&nbsp;{{ first_name }}</p><p>Here are the comments about your answers to the midterm exam (ordered by topic).</p><h4 style=\"font-family: &quot;Helvetica Neue&quot;, Helvetica, Arial, sans-serif; color: rgb(0, 0, 0);\">Chemistry and Molecules of Life</h4><p>{% if T1_LOW %}You need to review the concepts in this topic. It is important that you identify those molecules that are important in a living organism, and differentiate them from other molecules. Also, make sure you review the basic steps of the chemical reactions we discussed in class.{% endif %}</p><p>{% if T1_MID %}You need to review this topic again. Make sure you easily identify which molecules are present, for example, inside a cell and differentiate them from other.{% endif %}</p><p>{% if T1_HIGH %}Good work with this topic!{% endif %}</p><h4 style=\"font-family: &quot;Helvetica Neue&quot;, Helvetica, Arial, sans-serif; color: rgb(0, 0, 0);\">Cell function and structure</h4><p>{% if T2_LOW %}Go back and review in depth this chapter. You need to be able to identify the parts of the cell, and more importantly, the role they play in the various functions. It may help to build first a table of these functions, then a table of the parts of the cell, and then a paragraph in each category connecting one element from each table.{% endif %}</p><p>{% if T2_MID %}You need to review the cell function and structure. You confused some of the parts and you need to make sure you are sure about all the functions and the parts that participate in each of them.{% endif %}</p><p>{% if T2_HIGH %}Good work with this material! Can you envision how the cell gets the basic blocks for some of the functions such as DNA duplication?{% endif %}</p><h4 style=\"font-family: &quot;Helvetica Neue&quot;, Helvetica, Arial, sans-serif; color: rgb(0, 0, 0);\">Nutrition, Metabolism &amp; Enzymes</h4><p>{% if T3_LOW %}Take another thorough review of this block. You need to connect the elements required in the cell to perform nutrition processes with the components required, and more importantly, with the enzymes that regulate these processes.{% endif %}</p><p>{% if T3_MID %}You need to go back and review a bit more this part. Look again at the various processes that comprise what we call the metabolism of the cell, and the role of each enzyme in these processes.{% endif %}</p><p>{% if T3_HIGH %}Good work with this block. Can you envision which metabolic processes will be affected if there are not enough nutrients reaching the cell? Can you think of any disease that is connected to these elements?{% endif %}</p><h4 style=\"font-family: &quot;Helvetica Neue&quot;, Helvetica, Arial, sans-serif; color: rgb(0, 0, 0);\"><span style=\"color: inherit; font-family: inherit;\">Cell Division</span></h4><p>{% if T4_LOW %}You need to review the material about mitosis and meiosis. The two processes have analogies and differences, you have to be able to analyse the steps and connect them with the other elements in the cell that participate.{% endif %}</p><p>{% if T4_MID %}Good work with this topic, but you still need to review the material because some of the questions were not correctly answered. See if you can draw a diagram of the ttwo processes (mitosis and meiosis) without looking at the notes.{% endif %}</p><p>{% if T4_HIGH %}Good work with this block!{% endif %}</p><h4 style=\"font-family: &quot;Helvetica Neue&quot;, Helvetica, Arial, sans-serif; color: rgb(0, 0, 0);\">DNA Structure and Replication</h4><p>{% if T5_LOW %}Go back and review the structure of the DNA and its replication process. You need to be able to identify the different parts of the molecule, the basic elements, and how are they connected. Additionally, you need to be able to explain in detail the replication process.{% endif %}</p><p>{% if T5_MID %}You need to review a bit more this block. Make sure you understand the role of each of the parts of the molecule with the replication process.{% endif %}</p><p>{% if T5_HIGH %}Good work with this topic. Can you identify anomalies that may appear during the replication process?{% endif %}</p><p>Your total score for the midterm is&nbsp;{{ mt_total }}.</p><p>Kind regards</p><p>{{ Coordinator_name }}</p><p>{{ course_name }}</p><div><br></div>",
        "target_url": "",
        "shuffle": false
    }
},
{
    "model": "action.action",
    "pk": 308,
    "fields": {
        "workflow": 140,
        "name": "Reminder to post in the forum",
        "description_text": "Message to remind those students that haven't visited the forum to do so.",
        "created": "2017-12-16T01:52:24.867Z",
        "modified": "2018-09-06T00:16:15.497Z",
        "last_executed_log": null,
        "action_type": "personalized_text",
        "serve_enabled": false,
        "active_from": null,
        "active_to": null,
        "content": "<p>Dear&nbsp;{{ first_name }}</p><p>This is just a reminder to let you know that the activities in this course will rely on the discussions appearing in the forum. See if you can take a look at the messages currently there and let us know if you need any additional information from us.</p><p>Regards.</p><p>{{ Coordinator_name }}</p><p>{{ Course_name }}</p>",
        "target_url": "",
        "shuffle": false
    }
},
{
    "model": "action.action",
    "pk": 309,
    "fields": {
        "workflow": 140,
        "name": "Comment lecture preparation activities",
        "description_text": "A message commenting on the videos they watched.",
        "created": "2017-12-16T01:58:13.398Z",
        "modified": "2018-09-06T00:16:15.491Z",
        "last_executed_log": null,
        "action_type": "personalized_text",
        "serve_enabled": false,
        "active_from": null,
        "active_to": null,
        "content": "<p>Dear&nbsp;{{ first_name }}</p><p>Here are some comments about the preparation videos for this week.</p><p style=\"\">{% if No_Video_1 %}</p><h4 style=\"font-family: &quot;Helvetica Neue&quot;, Helvetica, Arial, sans-serif; color: rgb(0, 0, 0);\">Genes and Proteins Activity</h4><p style=\"font-family: &quot;Helvetica Neue&quot;, Helvetica, Arial, sans-serif; color: rgb(0, 0, 0);\">This video explains the role of the genes to synthesise proteins in the cell. It is very important to see the connection between the proteins and the rest of processes occurring in the cell.</p><p style=\"font-family: &quot;Helvetica Neue&quot;, Helvetica, Arial, sans-serif; color: rgb(0, 0, 0);\">{% endif %}</p><p>{% if No_Video_2 %}</p><h4 style=\"font-family: &quot;Helvetica Neue&quot;, Helvetica, Arial, sans-serif; color: rgb(0, 0, 0);\">STEM Cells</h4><p>This video show how stem cells are a fundamental building block of how cellular organisms evolve. There are very valuable descriptions in this video about the mechanisms that are involved in this specialisation.</p><p>{% endif %}</p><p>{% if No_Video_3 %}</p><h4 style=\"font-family: &quot;Helvetica Neue&quot;, Helvetica, Arial, sans-serif; color: rgb(0, 0, 0);\">Immune System</h4><p>This video contains an overview of the systems that protect the cell from infections. It is highly relevant to understand the rest of concepts such as for example, the way proteins are synthesized.&nbsp;</p><p>{% endif %}</p><p>Regards<br></p><p style=\"font-family: &quot;Helvetica Neue&quot;, Helvetica, Arial, sans-serif; color: rgb(0, 0, 0);\">{{ Coordinator_name }}</p><p style=\"font-family: &quot;Helvetica Neue&quot;, Helvetica, Arial, sans-serif; color: rgb(0, 0, 0);\">{{ Course_name }}<br></p>",
        "target_url": "",
        "shuffle": false
    }
},
{
    "model": "action.action",
    "pk": 310,
    "fields": {
        "workflow": 140,
        "name": "Badges",
        "description_text": "A badge reflecting the activity with respect to the videos",
        "created": "2017-12-16T02:12:55.006Z",
        "modified": "2018-09-06T00:16:15.489Z",
        "last_executed_log": null,
        "action_type": "personalized_text",
        "serve_enabled": true,
        "active_from": null,
        "active_to": null,
        "content": "<h1 style=\"text-align: center;\">Video Activity Badges</h1><p style=\"text-align: center;\">{% if Three_videos %}<img style=\"width: 128px;\" src=\"https://findicons.com/icon/download/134633/gold_medal/128/png\">{% endif %}</p><p style=\"text-align: center;\">{% if Two_videos %}<img style=\"width: 128px;\" src=\"https://findicons.com/icon/download/134646/silver_medal/128/png\">{% endif %}</p><p style=\"text-align: center;\">{% if One_video %}<img style=\"width: 128px;\" src=\"https://findicons.com/icon/download/134637/bronze_medal/128/png\">{% endif %}</p><p style=\"text-align: center;\">{% if No_videos %}Work in progress{% endif %}</p>",
        "target_url": "",
        "shuffle": false
    }
},
{
    "model": "action.action",
    "pk": 311,
    "fields": {
        "workflow": 140,
        "name": "Difficult topics Week 1",
        "description_text": "Feedback about today's lecture",
        "created": "2017-12-16T02:25:39.324Z",
        "modified": "2018-09-06T00:16:15.493Z",
        "last_executed_log": null,
        "action_type": "survey",
        "serve_enabled": true,
        "active_from": null,
        "active_to": null,
        "content": "{% comment %}Your action content here{% endcomment %}",
        "target_url": "",
        "shuffle": false
    }
},
{
    "model": "action.action",
    "pk": 312,
    "fields": {
        "workflow": 140,
        "name": "Difficult topics Week 2",
        "description_text": "Feedback about today's lecture",
        "created": "2017-12-16T02:26:17.641Z",
        "modified": "2018-09-06T00:16:15.494Z",
        "last_executed_log": null,
        "action_type": "personalized_text",
        "serve_enabled": true,
        "active_from": null,
        "active_to": null,
        "content": "{% comment %}Your action content here{% endcomment %}",
        "target_url": "",
        "shuffle": false
    }
},
{
    "model": "action.action",
    "pk": 314,
    "fields": {
        "workflow": 140,
        "name": "Additional resources",
        "description_text": "List of additional resources depending on the value given in the difficult topic",
        "created": "2017-12-16T02:34:08.882Z",
        "modified": "2018-09-06T00:16:15.488Z",
        "last_executed_log": null,
        "action_type": "personalized_text",
        "serve_enabled": false,
        "active_from": null,
        "active_to": null,
        "content": "<h3>Additional resources to review concepts</h3><p>{% if Concept_1 %}</p><ul><li><a href=\"https://www.ontasklearning.org\" target=\"_blank\">Resource 1 for concept 1</a></li><li><a href=\"https://www.ontasklearning.org/\" target=\"_blank\">Resource 2 for concept 1</a></li><li><a href=\"https://www.ontasklearning.org/\" target=\"_blank\">Resource 3 for concept 1</a></li></ul><p>{% endif %}</p><p>{% if Concept_2 %}</p><ul><li><a href=\"https://www.ontasklearning.org/\" target=\"_blank\">Resource 1 for concept 2</a></li><li><a href=\"https://www.ontasklearning.org/\" target=\"_blank\">Resource 2 for concept 2</a></li><li><a href=\"https://www.ontasklearning.org/\" target=\"_blank\">Resource 3 for concept 2</a></li></ul><p>{% endif %}</p><div><p>{% if Concept_3 %}</p><ul><li><a href=\"https://www.ontasklearning.org/\" target=\"_blank\">Resource 1 for concept 3</a></li><li><a href=\"https://www.ontasklearning.org/\" target=\"_blank\">Resource 2 for concept 3</a></li><li><a href=\"https://www.ontasklearning.org/\" target=\"_blank\">Resource 3 for concept 3</a></li></ul><p>{% endif %}</p></div><div><br></div>",
        "target_url": "",
        "shuffle": false
    }
},
{
    "model": "action.condition",
    "pk": 1110,
    "fields": {
        "action": 307,
        "name": "Students that took the midterm",
        "description_text": "Consider only those students that took the midterm examination.",
        "formula": {
            "not": false,
            "rules": [
                {
                    "id": "took_mt",
                    "type": "boolean",
                    "field": "took_mt",
                    "input": "radio",
                    "value": "1",
                    "operator": "equal"
                }
            ],
            "valid": true,
            "condition": "AND"
        },
        "n_rows_selected": -1,
        "is_filter": true,
        "created": "2017-12-16T01:39:41.366Z",
        "modified": "2017-12-16T01:39:41.366Z",
        "columns": []
    }
},
{
    "model": "action.condition",
    "pk": 1111,
    "fields": {
        "action": 307,
        "name": "T1_LOW",
        "description_text": "Low score in topic 1",
        "formula": {
            "not": false,
            "rules": [
                {
                    "id": "q01",
                    "type": "integer",
                    "field": "q01",
                    "input": "number",
                    "value": "0",
                    "operator": "equal"
                },
                {
                    "id": "q02",
                    "type": "integer",
                    "field": "q02",
                    "input": "number",
                    "value": "0",
                    "operator": "equal"
                }
            ],
            "valid": true,
            "condition": "AND"
        },
        "n_rows_selected": -1,
        "is_filter": false,
        "created": "2017-12-16T01:40:33.797Z",
        "modified": "2017-12-16T01:40:33.797Z",
        "columns": []
    }
},
{
    "model": "action.condition",
    "pk": 1112,
    "fields": {
        "action": 307,
        "name": "T2_LOW",
        "description_text": "Low score in topic 2",
        "formula": {
            "not": false,
            "rules": [
                {
                    "id": "q03",
                    "type": "integer",
                    "field": "q03",
                    "input": "number",
                    "value": "0",
                    "operator": "equal"
                },
                {
                    "id": "q04",
                    "type": "integer",
                    "field": "q04",
                    "input": "number",
                    "value": "0",
                    "operator": "equal"
                }
            ],
            "valid": true,
            "condition": "AND"
        },
        "n_rows_selected": -1,
        "is_filter": false,
        "created": "2017-12-16T01:40:37.025Z",
        "modified": "2017-12-16T01:40:55.387Z",
        "columns": []
    }
},
{
    "model": "action.condition",
    "pk": 1113,
    "fields": {
        "action": 307,
        "name": "T3_LOW",
        "description_text": "Low score in topic 3",
        "formula": {
            "not": false,
            "rules": [
                {
                    "id": "q05",
                    "type": "integer",
                    "field": "q05",
                    "input": "number",
                    "value": "0",
                    "operator": "equal"
                },
                {
                    "id": "q06",
                    "type": "integer",
                    "field": "q06",
                    "input": "number",
                    "value": "0",
                    "operator": "equal"
                }
            ],
            "valid": true,
            "condition": "AND"
        },
        "n_rows_selected": -1,
        "is_filter": false,
        "created": "2017-12-16T01:40:58.552Z",
        "modified": "2017-12-16T01:41:19.302Z",
        "columns": []
    }
},
{
    "model": "action.condition",
    "pk": 1114,
    "fields": {
        "action": 307,
        "name": "T4_LOW",
        "description_text": "Low score in topic 4",
        "formula": {
            "not": false,
            "rules": [
                {
                    "id": "q07",
                    "type": "integer",
                    "field": "q07",
                    "input": "number",
                    "value": "0",
                    "operator": "equal"
                },
                {
                    "id": "q08",
                    "type": "integer",
                    "field": "q08",
                    "input": "number",
                    "value": "0",
                    "operator": "equal"
                }
            ],
            "valid": true,
            "condition": "AND"
        },
        "n_rows_selected": -1,
        "is_filter": false,
        "created": "2017-12-16T01:41:21.289Z",
        "modified": "2017-12-16T01:41:36.750Z",
        "columns": []
    }
},
{
    "model": "action.condition",
    "pk": 1115,
    "fields": {
        "action": 307,
        "name": "T5_LOW",
        "description_text": "Low score in topic 5",
        "formula": {
            "not": false,
            "rules": [
                {
                    "id": "q09",
                    "type": "integer",
                    "field": "q09",
                    "input": "number",
                    "value": "0",
                    "operator": "equal"
                },
                {
                    "id": "q10",
                    "type": "integer",
                    "field": "q10",
                    "input": "number",
                    "value": "0",
                    "operator": "equal"
                }
            ],
            "valid": true,
            "condition": "AND"
        },
        "n_rows_selected": -1,
        "is_filter": false,
        "created": "2017-12-16T01:41:39.042Z",
        "modified": "2017-12-16T01:41:59.954Z",
        "columns": []
    }
},
{
    "model": "action.condition",
    "pk": 1116,
    "fields": {
        "action": 307,
        "name": "T1_MID",
        "description_text": "One answer was correctly answered for topic 1",
        "formula": {
            "not": false,
            "rules": [
                {
                    "not": false,
                    "rules": [
                        {
                            "id": "q01",
                            "type": "integer",
                            "field": "q01",
                            "input": "number",
                            "value": "0",
                            "operator": "equal"
                        },
                        {
                            "id": "q02",
                            "type": "integer",
                            "field": "q02",
                            "input": "number",
                            "value": "1",
                            "operator": "equal"
                        }
                    ],
                    "condition": "AND"
                },
                {
                    "not": false,
                    "rules": [
                        {
                            "id": "q01",
                            "type": "integer",
                            "field": "q01",
                            "input": "number",
                            "value": "1",
                            "operator": "equal"
                        },
                        {
                            "id": "q02",
                            "type": "integer",
                            "field": "q02",
                            "input": "number",
                            "value": "0",
                            "operator": "equal"
                        }
                    ],
                    "condition": "AND"
                }
            ],
            "valid": true,
            "condition": "OR"
        },
        "n_rows_selected": -1,
        "is_filter": false,
        "created": "2017-12-16T01:43:04.280Z",
        "modified": "2017-12-16T01:48:46.832Z",
        "columns": []
    }
},
{
    "model": "action.condition",
    "pk": 1117,
    "fields": {
        "action": 307,
        "name": "T2_MID",
        "description_text": "One answer was correctly answered for topic 2",
        "formula": {
            "not": false,
            "rules": [
                {
                    "not": false,
                    "rules": [
                        {
                            "id": "q03",
                            "type": "integer",
                            "field": "q03",
                            "input": "number",
                            "value": "0",
                            "operator": "equal"
                        },
                        {
                            "id": "q04",
                            "type": "integer",
                            "field": "q04",
                            "input": "number",
                            "value": "1",
                            "operator": "equal"
                        }
                    ],
                    "condition": "AND"
                },
                {
                    "not": false,
                    "rules": [
                        {
                            "id": "q03",
                            "type": "integer",
                            "field": "q03",
                            "input": "number",
                            "value": "1",
                            "operator": "equal"
                        },
                        {
                            "id": "q04",
                            "type": "integer",
                            "field": "q04",
                            "input": "number",
                            "value": "0",
                            "operator": "equal"
                        }
                    ],
                    "condition": "AND"
                }
            ],
            "valid": true,
            "condition": "OR"
        },
        "n_rows_selected": -1,
        "is_filter": false,
        "created": "2017-12-16T01:43:12.224Z",
        "modified": "2017-12-16T01:48:59.614Z",
        "columns": []
    }
},
{
    "model": "action.condition",
    "pk": 1118,
    "fields": {
        "action": 307,
        "name": "T3_MID",
        "description_text": "One answer was correctly answered for topic 3",
        "formula": {
            "not": false,
            "rules": [
                {
                    "not": false,
                    "rules": [
                        {
                            "id": "q05",
                            "type": "integer",
                            "field": "q05",
                            "input": "number",
                            "value": "0",
                            "operator": "equal"
                        },
                        {
                            "id": "q06",
                            "type": "integer",
                            "field": "q06",
                            "input": "number",
                            "value": "1",
                            "operator": "equal"
                        }
                    ],
                    "condition": "AND"
                },
                {
                    "not": false,
                    "rules": [
                        {
                            "id": "q05",
                            "type": "integer",
                            "field": "q05",
                            "input": "number",
                            "value": "1",
                            "operator": "equal"
                        },
                        {
                            "id": "q06",
                            "type": "integer",
                            "field": "q06",
                            "input": "number",
                            "value": "0",
                            "operator": "equal"
                        }
                    ],
                    "condition": "AND"
                }
            ],
            "valid": true,
            "condition": "OR"
        },
        "n_rows_selected": -1,
        "is_filter": false,
        "created": "2017-12-16T01:43:50.547Z",
        "modified": "2017-12-16T01:49:05.491Z",
        "columns": []
    }
},
{
    "model": "action.condition",
    "pk": 1119,
    "fields": {
        "action": 307,
        "name": "T4_MID",
        "description_text": "One answer was correctly answered for topic 4",
        "formula": {
            "not": false,
            "rules": [
                {
                    "not": false,
                    "rules": [
                        {
                            "id": "q07",
                            "type": "integer",
                            "field": "q07",
                            "input": "number",
                            "value": "0",
                            "operator": "equal"
                        },
                        {
                            "id": "q08",
                            "type": "integer",
                            "field": "q08",
                            "input": "number",
                            "value": "1",
                            "operator": "equal"
                        }
                    ],
                    "condition": "AND"
                },
                {
                    "not": false,
                    "rules": [
                        {
                            "id": "q07",
                            "type": "integer",
                            "field": "q07",
                            "input": "number",
                            "value": "1",
                            "operator": "equal"
                        },
                        {
                            "id": "q08",
                            "type": "integer",
                            "field": "q08",
                            "input": "number",
                            "value": "0",
                            "operator": "equal"
                        }
                    ],
                    "condition": "AND"
                }
            ],
            "valid": true,
            "condition": "OR"
        },
        "n_rows_selected": -1,
        "is_filter": false,
        "created": "2017-12-16T01:44:25.439Z",
        "modified": "2017-12-16T01:49:10.759Z",
        "columns": []
    }
},
{
    "model": "action.condition",
    "pk": 1120,
    "fields": {
        "action": 307,
        "name": "T5_MID",
        "description_text": "One answer was correctly answered for topic 5",
        "formula": {
            "not": false,
            "rules": [
                {
                    "not": false,
                    "rules": [
                        {
                            "id": "q09",
                            "type": "integer",
                            "field": "q09",
                            "input": "number",
                            "value": "0",
                            "operator": "equal"
                        },
                        {
                            "id": "q10",
                            "type": "integer",
                            "field": "q10",
                            "input": "number",
                            "value": "1",
                            "operator": "equal"
                        }
                    ],
                    "condition": "AND"
                },
                {
                    "not": false,
                    "rules": [
                        {
                            "id": "q09",
                            "type": "integer",
                            "field": "q09",
                            "input": "number",
                            "value": "1",
                            "operator": "equal"
                        },
                        {
                            "id": "q10",
                            "type": "integer",
                            "field": "q10",
                            "input": "number",
                            "value": "0",
                            "operator": "equal"
                        }
                    ],
                    "condition": "AND"
                }
            ],
            "valid": true,
            "condition": "OR"
        },
        "n_rows_selected": -1,
        "is_filter": false,
        "created": "2017-12-16T01:44:54.358Z",
        "modified": "2017-12-16T01:49:16.121Z",
        "columns": []
    }
},
{
    "model": "action.condition",
    "pk": 1121,
    "fields": {
        "action": 307,
        "name": "T1_HIGH",
        "description_text": "High score in topic 1",
        "formula": {
            "not": false,
            "rules": [
                {
                    "id": "q01",
                    "type": "integer",
                    "field": "q01",
                    "input": "number",
                    "value": "1",
                    "operator": "equal"
                },
                {
                    "id": "q02",
                    "type": "integer",
                    "field": "q02",
                    "input": "number",
                    "value": "1",
                    "operator": "equal"
                }
            ],
            "valid": true,
            "condition": "AND"
        },
        "n_rows_selected": -1,
        "is_filter": false,
        "created": "2017-12-16T01:45:33.862Z",
        "modified": "2017-12-16T01:45:50.185Z",
        "columns": []
    }
},
{
    "model": "action.condition",
    "pk": 1122,
    "fields": {
        "action": 307,
        "name": "T2_HIGH",
        "description_text": "High score in topic 2",
        "formula": {
            "not": false,
            "rules": [
                {
                    "id": "q03",
                    "type": "integer",
                    "field": "q03",
                    "input": "number",
                    "value": "1",
                    "operator": "equal"
                },
                {
                    "id": "q04",
                    "type": "integer",
                    "field": "q04",
                    "input": "number",
                    "value": "1",
                    "operator": "equal"
                }
            ],
            "valid": true,
            "condition": "AND"
        },
        "n_rows_selected": -1,
        "is_filter": false,
        "created": "2017-12-16T01:45:52.186Z",
        "modified": "2017-12-16T01:46:03.727Z",
        "columns": []
    }
},
{
    "model": "action.condition",
    "pk": 1123,
    "fields": {
        "action": 307,
        "name": "T3_HIGH",
        "description_text": "High score in topic 3",
        "formula": {
            "not": false,
            "rules": [
                {
                    "id": "q05",
                    "type": "integer",
                    "field": "q05",
                    "input": "number",
                    "value": "1",
                    "operator": "equal"
                },
                {
                    "id": "q06",
                    "type": "integer",
                    "field": "q06",
                    "input": "number",
                    "value": "1",
                    "operator": "equal"
                }
            ],
            "valid": true,
            "condition": "AND"
        },
        "n_rows_selected": -1,
        "is_filter": false,
        "created": "2017-12-16T01:46:06.726Z",
        "modified": "2017-12-16T01:46:25.641Z",
        "columns": []
    }
},
{
    "model": "action.condition",
    "pk": 1124,
    "fields": {
        "action": 307,
        "name": "T4_HIGH",
        "description_text": "High score in topic 4",
        "formula": {
            "not": false,
            "rules": [
                {
                    "id": "q07",
                    "type": "integer",
                    "field": "q07",
                    "input": "number",
                    "value": "1",
                    "operator": "equal"
                },
                {
                    "id": "q08",
                    "type": "integer",
                    "field": "q08",
                    "input": "number",
                    "value": "1",
                    "operator": "equal"
                }
            ],
            "valid": true,
            "condition": "AND"
        },
        "n_rows_selected": -1,
        "is_filter": false,
        "created": "2017-12-16T01:46:26.894Z",
        "modified": "2017-12-16T01:46:44.254Z",
        "columns": []
    }
},
{
    "model": "action.condition",
    "pk": 1125,
    "fields": {
        "action": 307,
        "name": "T5_HIGH",
        "description_text": "High score in topic 5",
        "formula": {
            "not": false,
            "rules": [
                {
                    "id": "q09",
                    "type": "integer",
                    "field": "q09",
                    "input": "number",
                    "value": "1",
                    "operator": "equal"
                },
                {
                    "id": "q10",
                    "type": "integer",
                    "field": "q10",
                    "input": "number",
                    "value": "1",
                    "operator": "equal"
                }
            ],
            "valid": true,
            "condition": "AND"
        },
        "n_rows_selected": -1,
        "is_filter": false,
        "created": "2017-12-16T01:46:46.225Z",
        "modified": "2017-12-16T01:47:00.358Z",
        "columns": []
    }
},
{
    "model": "action.condition",
    "pk": 1126,
    "fields": {
        "action": 308,
        "name": "Students with days_online = 0",
        "description_text": "These are the students that haven't connected to the discussion forum yet.",
        "formula": {
            "not": false,
            "rules": [
                {
                    "id": "days_online",
                    "type": "double",
                    "field": "days_online",
                    "input": "number",
                    "value": "0",
                    "operator": "equal"
                }
            ],
            "valid": true,
            "condition": "AND"
        },
        "n_rows_selected": -1,
        "is_filter": true,
        "created": "2017-12-16T01:52:59.574Z",
        "modified": "2017-12-16T01:52:59.574Z",
        "columns": []
    }
},
{
    "model": "action.condition",
    "pk": 1127,
    "fields": {
        "action": 309,
        "name": "Only those with one video missing",
        "description_text": "",
        "formula": {
            "not": true,
            "rules": [
                {
                    "id": "video_1",
                    "type": "integer",
                    "field": "video_1",
                    "input": "number",
                    "value": "1",
                    "operator": "equal"
                },
                {
                    "id": "video_2",
                    "type": "integer",
                    "field": "video_2",
                    "input": "number",
                    "value": "1",
                    "operator": "equal"
                },
                {
                    "id": "video_3",
                    "type": "integer",
                    "field": "video_3",
                    "input": "number",
                    "value": "1",
                    "operator": "equal"
                }
            ],
            "valid": true,
            "condition": "AND"
        },
        "n_rows_selected": -1,
        "is_filter": true,
        "created": "2017-12-16T01:59:31.493Z",
        "modified": "2017-12-16T02:02:06.098Z",
        "columns": []
    }
},
{
    "model": "action.condition",
    "pk": 1128,
    "fields": {
        "action": 309,
        "name": "No_Video_1",
        "description_text": "Didn't watch Video 1",
        "formula": {
            "not": false,
            "rules": [
                {
                    "id": "video_1",
                    "type": "integer",
                    "field": "video_1",
                    "input": "number",
                    "value": "0",
                    "operator": "equal"
                }
            ],
            "valid": true,
            "condition": "AND"
        },
        "n_rows_selected": -1,
        "is_filter": false,
        "created": "2017-12-16T02:03:15.633Z",
        "modified": "2017-12-16T02:03:15.633Z",
        "columns": []
    }
},
{
    "model": "action.condition",
    "pk": 1129,
    "fields": {
        "action": 309,
        "name": "No_Video_2",
        "description_text": "Didn't watch Video 2",
        "formula": {
            "not": false,
            "rules": [
                {
                    "id": "video_2",
                    "type": "integer",
                    "field": "video_2",
                    "input": "number",
                    "value": "0",
                    "operator": "equal"
                }
            ],
            "valid": true,
            "condition": "AND"
        },
        "n_rows_selected": -1,
        "is_filter": false,
        "created": "2017-12-16T02:03:17.354Z",
        "modified": "2017-12-16T02:03:31.600Z",
        "columns": []
    }
},
{
    "model": "action.condition",
    "pk": 1130,
    "fields": {
        "action": 309,
        "name": "No_Video_3",
        "description_text": "Didn't watch Video 3",
        "formula": {
            "not": false,
            "rules": [
                {
                    "id": "video_3",
                    "type": "integer",
                    "field": "video_3",
                    "input": "number",
                    "value": "0",
                    "operator": "equal"
                }
            ],
            "valid": true,
            "condition": "AND"
        },
        "n_rows_selected": -1,
        "is_filter": false,
        "created": "2017-12-16T02:03:37.666Z",
        "modified": "2017-12-16T02:03:50.963Z",
        "columns": []
    }
},
{
    "model": "action.condition",
    "pk": 1131,
    "fields": {
        "action": 310,
        "name": "No_videos",
        "description_text": "No video activity",
        "formula": {
            "not": false,
            "rules": [
                {
                    "id": "video_1",
                    "type": "integer",
                    "field": "video_1",
                    "input": "number",
                    "value": "0",
                    "operator": "equal"
                },
                {
                    "id": "video_2",
                    "type": "integer",
                    "field": "video_2",
                    "input": "number",
                    "value": "0",
                    "operator": "equal"
                },
                {
                    "id": "video_3",
                    "type": "integer",
                    "field": "video_3",
                    "input": "number",
                    "value": "0",
                    "operator": "equal"
                }
            ],
            "valid": true,
            "condition": "AND"
        },
        "n_rows_selected": -1,
        "is_filter": false,
        "created": "2017-12-16T02:13:41.327Z",
        "modified": "2017-12-16T02:13:41.327Z",
        "columns": []
    }
},
{
    "model": "action.condition",
    "pk": 1132,
    "fields": {
        "action": 310,
        "name": "One_video",
        "description_text": "Activity detected in only one video",
        "formula": {
            "not": false,
            "rules": [
                {
                    "not": false,
                    "rules": [
                        {
                            "id": "video_1",
                            "type": "integer",
                            "field": "video_1",
                            "input": "number",
                            "value": "1",
                            "operator": "equal"
                        },
                        {
                            "id": "video_2",
                            "type": "integer",
                            "field": "video_2",
                            "input": "number",
                            "value": "0",
                            "operator": "equal"
                        },
                        {
                            "id": "video_3",
                            "type": "integer",
                            "field": "video_3",
                            "input": "number",
                            "value": "0",
                            "operator": "equal"
                        }
                    ],
                    "condition": "AND"
                },
                {
                    "not": false,
                    "rules": [
                        {
                            "id": "video_1",
                            "type": "integer",
                            "field": "video_1",
                            "input": "number",
                            "value": "0",
                            "operator": "equal"
                        },
                        {
                            "id": "video_2",
                            "type": "integer",
                            "field": "video_2",
                            "input": "number",
                            "value": "1",
                            "operator": "equal"
                        },
                        {
                            "id": "video_3",
                            "type": "integer",
                            "field": "video_3",
                            "input": "number",
                            "value": "0",
                            "operator": "equal"
                        }
                    ],
                    "condition": "AND"
                },
                {
                    "not": false,
                    "rules": [
                        {
                            "id": "video_1",
                            "type": "integer",
                            "field": "video_1",
                            "input": "number",
                            "value": "0",
                            "operator": "equal"
                        },
                        {
                            "id": "video_2",
                            "type": "integer",
                            "field": "video_2",
                            "input": "number",
                            "value": "0",
                            "operator": "equal"
                        },
                        {
                            "id": "video_3",
                            "type": "integer",
                            "field": "video_3",
                            "input": "number",
                            "value": "1",
                            "operator": "equal"
                        }
                    ],
                    "condition": "AND"
                }
            ],
            "valid": true,
            "condition": "OR"
        },
        "n_rows_selected": -1,
        "is_filter": false,
        "created": "2017-12-16T02:13:44.160Z",
        "modified": "2017-12-16T02:15:21.797Z",
        "columns": []
    }
},
{
    "model": "action.condition",
    "pk": 1133,
    "fields": {
        "action": 310,
        "name": "Two_videos",
        "description_text": "Activity detected in two videos",
        "formula": {
            "not": false,
            "rules": [
                {
                    "not": false,
                    "rules": [
                        {
                            "id": "video_1",
                            "type": "integer",
                            "field": "video_1",
                            "input": "number",
                            "value": "1",
                            "operator": "equal"
                        },
                        {
                            "id": "video_2",
                            "type": "integer",
                            "field": "video_2",
                            "input": "number",
                            "value": "1",
                            "operator": "equal"
                        },
                        {
                            "id": "video_3",
                            "type": "integer",
                            "field": "video_3",
                            "input": "number",
                            "value": "0",
                            "operator": "equal"
                        }
                    ],
                    "condition": "AND"
                },
                {
                    "not": false,
                    "rules": [
                        {
                            "id": "video_1",
                            "type": "integer",
                            "field": "video_1",
                            "input": "number",
                            "value": "1",
                            "operator": "equal"
                        },
                        {
                            "id": "video_2",
                            "type": "integer",
                            "field": "video_2",
                            "input": "number",
                            "value": "0",
                            "operator": "equal"
                        },
                        {
                            "id": "video_3",
                            "type": "integer",
                            "field": "video_3",
                            "input": "number",
                            "value": "1",
                            "operator": "equal"
                        }
                    ],
                    "condition": "AND"
                },
                {
                    "not": false,
                    "rules": [
                        {
                            "id": "video_1",
                            "type": "integer",
                            "field": "video_1",
                            "input": "number",
                            "value": "0",
                            "operator": "equal"
                        },
                        {
                            "id": "video_2",
                            "type": "integer",
                            "field": "video_2",
                            "input": "number",
                            "value": "1",
                            "operator": "equal"
                        },
                        {
                            "id": "video_3",
                            "type": "integer",
                            "field": "video_3",
                            "input": "number",
                            "value": "1",
                            "operator": "equal"
                        }
                    ],
                    "condition": "AND"
                }
            ],
            "valid": true,
            "condition": "OR"
        },
        "n_rows_selected": -1,
        "is_filter": false,
        "created": "2017-12-16T02:15:24.327Z",
        "modified": "2017-12-16T02:23:55.235Z",
        "columns": []
    }
},
{
    "model": "action.condition",
    "pk": 1135,
    "fields": {
        "action": 310,
        "name": "Three_videos",
        "description_text": "All three videos were watched",
        "formula": {
            "not": false,
            "rules": [
                {
                    "id": "video_1",
                    "type": "integer",
                    "field": "video_1",
                    "input": "number",
                    "value": "1",
                    "operator": "equal"
                },
                {
                    "id": "video_2",
                    "type": "integer",
                    "field": "video_2",
                    "input": "number",
                    "value": "1",
                    "operator": "equal"
                },
                {
                    "id": "video_3",
                    "type": "integer",
                    "field": "video_3",
                    "input": "number",
                    "value": "1",
                    "operator": "equal"
                }
            ],
            "valid": true,
            "condition": "AND"
        },
        "n_rows_selected": -1,
        "is_filter": false,
        "created": "2017-12-16T02:16:30.820Z",
        "modified": "2017-12-16T02:16:48.139Z",
        "columns": []
    }
},
{
    "model": "action.condition",
    "pk": 1138,
    "fields": {
        "action": 314,
        "name": "Concept_1",
        "description_text": "Resources for Concept 1",
        "formula": {
            "not": false,
            "rules": [
                {
                    "id": "difficult_week01",
                    "type": "string",
                    "field": "difficult_week01",
                    "input": "select",
                    "value": "Concept 1",
                    "operator": "equal"
                }
            ],
            "valid": true,
            "condition": "AND"
        },
        "n_rows_selected": -1,
        "is_filter": false,
        "created": "2017-12-16T02:34:27.524Z",
        "modified": "2017-12-16T02:34:27.524Z",
        "columns": []
    }
},
{
    "model": "action.condition",
    "pk": 1139,
    "fields": {
        "action": 314,
        "name": "Concept_2",
        "description_text": "Resources for Concept 2",
        "formula": {
            "not": false,
            "rules": [
                {
                    "id": "difficult_week01",
                    "type": "string",
                    "field": "difficult_week01",
                    "input": "select",
                    "value": "Concept 2",
                    "operator": "equal"
                }
            ],
            "valid": true,
            "condition": "AND"
        },
        "n_rows_selected": -1,
        "is_filter": false,
        "created": "2017-12-16T02:34:30.221Z",
        "modified": "2017-12-16T02:34:40.514Z",
        "columns": []
    }
},
{
    "model": "action.condition",
    "pk": 1140,
    "fields": {
        "action": 314,
        "name": "Concept_3",
        "description_text": "Resources for Concept 3",
        "formula": {
            "not": false,
            "rules": [
                {
                    "id": "difficult_week01",
                    "type": "string",
                    "field": "difficult_week01",
                    "input": "select",
                    "value": "Concept 3",
                    "operator": "equal"
                }
            ],
            "valid": true,
            "condition": "AND"
        },
        "n_rows_selected": -1,
        "is_filter": false,
        "created": "2017-12-16T02:34:42.034Z",
        "modified": "2017-12-16T02:34:52.299Z",
        "columns": []
    }
},
{
    "model": "action.condition",
    "pk": 1141,
    "fields": {
        "action": 314,
        "name": "Concept_4",
        "description_text": "Resources for Concept 4",
        "formula": {
            "not": false,
            "rules": [
                {
                    "id": "difficult_week01",
                    "type": "string",
                    "field": "difficult_week01",
                    "input": "select",
                    "value": "Concept 4",
                    "operator": "equal"
                }
            ],
            "valid": true,
            "condition": "AND"
        },
        "n_rows_selected": -1,
        "is_filter": false,
        "created": "2017-12-16T02:35:02.866Z",
        "modified": "2017-12-16T02:35:13.202Z",
        "columns": []
    }
},
{
    "model": "action.actioncolumnconditiontuple",
    "pk": 1,
    "fields": {
        "action": 311,
        "column": 4664,
        "condition": null
    }
},
{
    "model": "action.actioncolumnconditiontuple",
    "pk": 2,
    "fields": {
        "action": 311,
        "column": 4673,
        "condition": null
    }
},
{
    "model": "action.actioncolumnconditiontuple",
    "pk": 3,
    "fields": {
        "action": 312,
        "column": 4664,
        "condition": null
    }
},
{
    "model": "action.actioncolumnconditiontuple",
    "pk": 4,
    "fields": {
        "action": 312,
        "column": 4674,
        "condition": null
    }
}
]
