[
{
    "model": "auth.group",
    "pk": 1,
    "fields": {
        "name": "instructor",
        "permissions": []
    }
},
{
    "model": "sites.site",
    "pk": 1,
    "fields": {
        "domain": "127.0.0.1",
        "name": "127.0.0.1"
    }
},
{
    "model": "ontask.user",
    "pk": 1,
    "fields": {
        "password": "argon2$argon2i$v=19$m=512,t=2,p=2$aXBWbndKV1hQb0Zi$1uriRg78YRxrPAjlKwDRcA",
        "last_login": null,
        "is_superuser": true,
        "email": "superuser@bogus.com",
        "is_staff": true,
        "is_active": true,
        "date_joined": "2018-10-14T01:11:14.322Z",
        "name": "Super User",
        "groups": [],
        "user_permissions": []
    }
},
{
    "model": "ontask.user",
    "pk": 2,
    "fields": {
        "password": "argon2$argon2i$v=19$m=512,t=2,p=2$bjlHZzYyZHRDT1Bt$GS/+Rix1vULjGjNq6p+KwA",
        "last_login": null,
        "is_superuser": false,
        "email": "student01@bogus.com",
        "is_staff": false,
        "is_active": true,
        "date_joined": "2018-10-14T01:13:25.375Z",
        "name": "User Name",
        "groups": [],
        "user_permissions": []
    }
},
{
    "model": "ontask.user",
    "pk": 3,
    "fields": {
        "password": "argon2$argon2i$v=19$m=512,t=2,p=2$ZUVTaDdvaDFWMHA0$2Cip9Whx+IXCnmErEN1U5Q",
        "last_login": null,
        "is_superuser": false,
        "email": "student02@bogus.com",
        "is_staff": false,
        "is_active": true,
        "date_joined": "2018-10-14T01:13:25.393Z",
        "name": "User Name",
        "groups": [],
        "user_permissions": []
    }
},
{
    "model": "ontask.user",
    "pk": 4,
    "fields": {
        "password": "argon2$argon2i$v=19$m=512,t=2,p=2$aDVJWWpmdXloNW45$xawaxCEpbb22wmkD2xkrkA",
        "last_login": null,
        "is_superuser": false,
        "email": "student03@bogus.com",
        "is_staff": false,
        "is_active": true,
        "date_joined": "2018-10-14T01:13:25.399Z",
        "name": "User Name",
        "groups": [],
        "user_permissions": []
    }
},
{
    "model": "ontask.user",
    "pk": 5,
    "fields": {
        "password": "argon2$argon2i$v=19$m=512,t=2,p=2$TmRWU1lESU10RXJk$4r/oeE8rv7T4wpO45G8UeA",
        "last_login": null,
        "is_superuser": false,
        "email": "student04@bogus.com",
        "is_staff": false,
        "is_active": true,
        "date_joined": "2018-10-14T01:13:25.405Z",
        "name": "User Name",
        "groups": [],
        "user_permissions": []
    }
},
{
    "model": "ontask.user",
    "pk": 6,
    "fields": {
        "password": "argon2$argon2i$v=19$m=512,t=2,p=2$bG5TblpmczJqS0pE$P5SOnmBeQC2Mxsl7kkHHXA",
        "last_login": null,
        "is_superuser": false,
        "email": "student05@bogus.com",
        "is_staff": false,
        "is_active": true,
        "date_joined": "2018-10-14T01:13:25.416Z",
        "name": "User Name",
        "groups": [],
        "user_permissions": []
    }
},
{
    "model": "ontask.user",
    "pk": 7,
    "fields": {
        "password": "argon2$argon2i$v=19$m=512,t=2,p=2$WUE2TmtVMHJoRkpV$3COelE+W2hkh+r7zVrApRw",
        "last_login": null,
        "is_superuser": false,
        "email": "student06@bogus.com",
        "is_staff": false,
        "is_active": true,
        "date_joined": "2018-10-14T01:13:25.423Z",
        "name": "User Name",
        "groups": [],
        "user_permissions": []
    }
},
{
    "model": "ontask.user",
    "pk": 8,
    "fields": {
        "password": "argon2$argon2i$v=19$m=512,t=2,p=2$N1RJNlZqMGRmVmVC$1M4eoojvywgfsJCTFEZ31w",
        "last_login": null,
        "is_superuser": false,
        "email": "student07@bogus.com",
        "is_staff": false,
        "is_active": true,
        "date_joined": "2018-10-14T01:13:25.430Z",
        "name": "User Name",
        "groups": [],
        "user_permissions": []
    }
},
{
    "model": "ontask.user",
    "pk": 9,
    "fields": {
        "password": "argon2$argon2i$v=19$m=512,t=2,p=2$NFNDajh5Rks5MW9W$l7w1IPKeSQPnZn+l6SX9vw",
        "last_login": null,
        "is_superuser": false,
        "email": "student08@bogus.com",
        "is_staff": false,
        "is_active": true,
        "date_joined": "2018-10-14T01:13:25.454Z",
        "name": "User Name",
        "groups": [],
        "user_permissions": []
    }
},
{
    "model": "ontask.user",
    "pk": 10,
    "fields": {
        "password": "argon2$argon2i$v=19$m=512,t=2,p=2$ZWh5V2FuWGZiVEFR$jhiEQBDBY/r9VC1U5bo42Q",
        "last_login": null,
        "is_superuser": false,
        "email": "student09@bogus.com",
        "is_staff": false,
        "is_active": true,
        "date_joined": "2018-10-14T01:13:25.460Z",
        "name": "User Name",
        "groups": [],
        "user_permissions": []
    }
},
{
    "model": "ontask.user",
    "pk": 11,
    "fields": {
        "password": "argon2$argon2i$v=19$m=512,t=2,p=2$aEhtZ3ZCcHRndXRK$+5/+Y5+5eWGtamEgYHpvSQ",
        "last_login": null,
        "is_superuser": false,
        "email": "student10@bogus.com",
        "is_staff": false,
        "is_active": true,
        "date_joined": "2018-10-14T01:13:25.468Z",
        "name": "User Name",
        "groups": [],
        "user_permissions": []
    }
},
{
    "model": "ontask.user",
    "pk": 12,
    "fields": {
        "password": "argon2$argon2i$v=19$m=512,t=2,p=2$ZDNrWThoU3dUdnJ3$dglHjPzwiaeYmpCZ8MclZw",
        "last_login": "2019-04-07T03:49:59.642Z",
        "is_superuser": false,
        "email": "instructor01@bogus.com",
        "is_staff": false,
        "is_active": true,
        "date_joined": "2018-10-14T01:14:11.855Z",
        "name": "User Name",
        "groups": [
            [
                "instructor"
            ]
        ],
        "user_permissions": []
    }
},
{
    "model": "ontask.user",
    "pk": 13,
    "fields": {
        "password": "argon2$argon2i$v=19$m=512,t=2,p=2$WGlSMW9KekhoWjFL$4fc5f/8e4QqlNWwAvx0XHg",
        "last_login": null,
        "is_superuser": false,
        "email": "instructor02@bogus.com",
        "is_staff": false,
        "is_active": true,
        "date_joined": "2018-10-14T01:14:11.895Z",
        "name": "User Name",
        "groups": [
            [
                "instructor"
            ]
        ],
        "user_permissions": []
    }
},
{
    "model": "ontask.user",
    "pk": 14,
    "fields": {
        "password": "argon2$argon2i$v=19$m=512,t=2,p=2$djhwdXBBc0IyNENJ$LieHMxru4mOQIxGgZxPBDw",
        "last_login": null,
        "is_superuser": false,
        "email": "instructor03@bogus.com",
        "is_staff": false,
        "is_active": true,
        "date_joined": "2018-10-14T01:14:11.913Z",
        "name": "User Name",
        "groups": [
            [
                "instructor"
            ]
        ],
        "user_permissions": []
    }
},
{
    "model": "ontask.user",
    "pk": 15,
    "fields": {
        "password": "argon2$argon2i$v=19$m=512,t=2,p=2$YXh4cTNXNHVLck1M$Sg4zssV/zvUkbs0C9Qug7w",
        "last_login": null,
        "is_superuser": false,
        "email": "instructor04@bogus.com",
        "is_staff": false,
        "is_active": true,
        "date_joined": "2018-10-14T01:14:11.931Z",
        "name": "User Name",
        "groups": [
            [
                "instructor"
            ]
        ],
        "user_permissions": []
    }
},
{
    "model": "ontask.user",
    "pk": 16,
    "fields": {
        "password": "argon2$argon2i$v=19$m=512,t=2,p=2$SWlFbTJnVlJ5U2tN$ZpnDaGf+vDF1RFCbcP45tQ",
        "last_login": null,
        "is_superuser": false,
        "email": "instructor05@bogus.com",
        "is_staff": false,
        "is_active": true,
        "date_joined": "2018-10-14T01:14:11.946Z",
        "name": "User Name",
        "groups": [
            [
                "instructor"
            ]
        ],
        "user_permissions": []
    }
},
{
    "model": "ontask.user",
    "pk": 17,
    "fields": {
        "password": "argon2$argon2i$v=19$m=512,t=2,p=2$YTF4T0lEOUszVWhN$scyA5xjWJ08bSEQvFEtWXg",
        "last_login": null,
        "is_superuser": false,
        "email": "instructor06@bogus.com",
        "is_staff": false,
        "is_active": true,
        "date_joined": "2018-10-14T01:14:11.965Z",
        "name": "User Name",
        "groups": [
            [
                "instructor"
            ]
        ],
        "user_permissions": []
    }
},
{
    "model": "ontask.user",
    "pk": 18,
    "fields": {
        "password": "argon2$argon2i$v=19$m=512,t=2,p=2$OWVmUFFhNDlGV1U4$cQ2nZqNI6E4rnlX06DyUJw",
        "last_login": null,
        "is_superuser": false,
        "email": "instructor07@bogus.com",
        "is_staff": false,
        "is_active": true,
        "date_joined": "2018-10-14T01:14:11.986Z",
        "name": "User Name",
        "groups": [
            [
                "instructor"
            ]
        ],
        "user_permissions": []
    }
},
{
    "model": "ontask.user",
    "pk": 19,
    "fields": {
        "password": "argon2$argon2i$v=19$m=512,t=2,p=2$Z3RQcXZRN1o4TDVu$mdQLrealYi1jSfpMnVveMg",
        "last_login": null,
        "is_superuser": false,
        "email": "instructor08@bogus.com",
        "is_staff": false,
        "is_active": true,
        "date_joined": "2018-10-14T01:14:12.001Z",
        "name": "User Name",
        "groups": [
            [
                "instructor"
            ]
        ],
        "user_permissions": []
    }
},
{
    "model": "ontask.user",
    "pk": 20,
    "fields": {
        "password": "argon2$argon2i$v=19$m=512,t=2,p=2$cEtrWXZMR3RJRlhW$t+pA+tdagExoG9cz6vxx3w",
        "last_login": null,
        "is_superuser": false,
        "email": "instructor09@bogus.com",
        "is_staff": false,
        "is_active": true,
        "date_joined": "2018-10-14T01:14:12.014Z",
        "name": "User Name",
        "groups": [
            [
                "instructor"
            ]
        ],
        "user_permissions": []
    }
},
{
    "model": "ontask.user",
    "pk": 21,
    "fields": {
        "password": "argon2$argon2i$v=19$m=512,t=2,p=2$aWtUb1hRSE5mRnR6$N+v7jKa/CpDx0hhJE5zRcw",
        "last_login": null,
        "is_superuser": false,
        "email": "instructor10@bogus.com",
        "is_staff": false,
        "is_active": true,
        "date_joined": "2018-10-14T01:14:12.031Z",
        "name": "User Name",
        "groups": [
            [
                "instructor"
            ]
        ],
        "user_permissions": []
    }
},
{
    "model": "siteprefs.preference",
    "pk": 1,
    "fields": {
        "app": "core",
        "name": "help_url",
        "text": "html/index.html"
    }
},
{
    "model": "siteprefs.preference",
    "pk": 2,
    "fields": {
        "app": "core",
        "name": "minute_step",
        "text": "15"
    }
},
{
    "model": "siteprefs.preference",
    "pk": 3,
    "fields": {
        "app": "dataops",
        "name": "plugin_directory",
        "text": "/Users/pardosa/ontask_b/src/plugins"
    }
},
{
    "model": "siteprefs.preference",
    "pk": 4,
    "fields": {
        "app": "action",
        "name": "notification_template",
        "text": "\n<html>\n<head/>\n<body>\n<p>Dear {{ user.name }}</p>\n\n<p>This message is to inform you that on {{ email_sent_datetime }}\n{{ num_messages }} email{% if num_messages > 1 %}s{% endif %} were sent\nresulting from the execution of the action with name \"{{ action.name }}\".</p>\n\n{% if filter_present %}\n<p>The action had a filter that reduced the number of messages from\n{{ num_rows }} to {{ num_selected }}.</p>\n{% else %}\n<p>All the data rows stored in the workflow table were used.</p>\n{% endif %}\n\nRegards.\nThe OnTask Support Team\n</body></html>"
    }
},
{
    "model": "siteprefs.preference",
    "pk": 5,
    "fields": {
        "app": "action",
        "name": "notification_subject",
        "text": "OnTask: Action executed"
    }
},
{
    "model": "siteprefs.preference",
    "pk": 6,
    "fields": {
        "app": "action",
        "name": "notification_sender",
        "text": ""
    }
},
{
    "model": "siteprefs.preference",
    "pk": 7,
    "fields": {
        "app": "logs",
        "name": "max_list_size",
        "text": "200"
    }
},
{
    "model": "ontask.column",
    "pk": 1,
    "fields": {
        "name": "key",
        "description_text": "",
        "workflow": 1,
        "data_type": "double",
        "is_key": true,
        "position": 1,
        "in_viz": true,
        "categories": [],
        "active_from": null,
        "active_to": null
    }
},
{
    "model": "ontask.column",
    "pk": 2,
    "fields": {
        "name": "text1",
        "description_text": "",
        "workflow": 1,
        "data_type": "string",
        "is_key": false,
        "position": 2,
        "in_viz": true,
        "categories": [],
        "active_from": null,
        "active_to": null
    }
},
{
    "model": "ontask.column",
    "pk": 3,
    "fields": {
        "name": "text2",
        "description_text": "",
        "workflow": 1,
        "data_type": "string",
        "is_key": false,
        "position": 3,
        "in_viz": true,
        "categories": [],
        "active_from": null,
        "active_to": null
    }
},
{
    "model": "ontask.column",
    "pk": 4,
    "fields": {
        "name": "double1",
        "description_text": "",
        "workflow": 1,
        "data_type": "double",
        "is_key": false,
        "position": 4,
        "in_viz": true,
        "categories": [],
        "active_from": null,
        "active_to": null
    }
},
{
    "model": "ontask.column",
    "pk": 5,
    "fields": {
        "name": "double2",
        "description_text": "",
        "workflow": 1,
        "data_type": "double",
        "is_key": false,
        "position": 5,
        "in_viz": true,
        "categories": [],
        "active_from": null,
        "active_to": null
    }
},
{
    "model": "ontask.column",
    "pk": 6,
    "fields": {
        "name": "bool1",
        "description_text": "",
        "workflow": 1,
        "data_type": "boolean",
        "is_key": false,
        "position": 6,
        "in_viz": true,
        "categories": [],
        "active_from": null,
        "active_to": null
    }
},
{
    "model": "ontask.column",
    "pk": 7,
    "fields": {
        "name": "bool2",
        "description_text": "",
        "workflow": 1,
        "data_type": "boolean",
        "is_key": false,
        "position": 7,
        "in_viz": true,
        "categories": [],
        "active_from": null,
        "active_to": null
    }
},
{
    "model": "ontask.column",
    "pk": 8,
    "fields": {
        "name": "date1",
        "description_text": "",
        "workflow": 1,
        "data_type": "datetime",
        "is_key": false,
        "position": 8,
        "in_viz": true,
        "categories": [],
        "active_from": null,
        "active_to": null
    }
},
{
    "model": "ontask.column",
    "pk": 9,
    "fields": {
        "name": "date2",
        "description_text": "",
        "workflow": 1,
        "data_type": "datetime",
        "is_key": false,
        "position": 9,
        "in_viz": true,
        "categories": [],
        "active_from": null,
        "active_to": null
    }
},
{
    "model": "ontask.workflow",
    "pk": 1,
    "fields": {
        "name": "Testing Eval Conditions",
        "description_text": "Fixture to test way conditions are evaluated",
        "created": "2018-10-14T01:15:54.267Z",
        "modified": "2019-04-07T04:35:50.224Z",
        "user": [
            "instructor01@bogus.com"
        ],
        "nrows": 8,
        "ncols": 9,
        "attributes": {},
        "query_builder_ops": [
            {
                "id": "key",
                "type": "double",
                "validation": {
                    "step": "any"
                }
            },
            {
                "id": "text1",
                "type": "string"
            },
            {
                "id": "text2",
                "type": "string"
            },
            {
                "id": "double1",
                "type": "double",
                "validation": {
                    "step": "any"
                }
            },
            {
                "id": "double2",
                "type": "double",
                "validation": {
                    "step": "any"
                }
            },
            {
                "id": "bool1",
                "type": "string",
                "input": "select",
                "values": [
                    "true",
                    "false"
                ],
                "operators": [
                    "equal",
                    "not_equal",
                    "is_null",
                    "is_not_null"
                ]
            },
            {
                "id": "bool2",
                "type": "string",
                "input": "select",
                "values": [
                    "true",
                    "false"
                ],
                "operators": [
                    "equal",
                    "not_equal",
                    "is_null",
                    "is_not_null"
                ]
            },
            {
                "id": "date1",
                "type": "datetime",
                "validation": {
                    "format": ["YYYY-MM-DD HH:mm:ss","YYYY-MM-DD HH:mm:ssZ","YYYY-MM-DD HH:mm:ss Z"],
                    "messages": {
                        "format": "Date required format YYYY-MM-DD HH:mm:ss"
                    }
                }
            },
            {
                "id": "date2",
                "type": "datetime",
                "validation": {
                    "format": ["YYYY-MM-DD HH:mm:ss","YYYY-MM-DD HH:mm:ssZ","YYYY-MM-DD HH:mm:ss Z"],
                    "messages": {
                        "format": "Date required format YYYY-MM-DD HH:mm:ss"
                    }
                }
            }
        ],
        "data_frame_table_name": "__ONTASK_WORKFLOW_TABLE_1",
        "session_key": "p8m53pulzcs005gg1azbh9x9yil26jpi",
        "luser_email_column": null,
        "luser_email_column_md5": "",
        "lusers_is_outdated": false,
        "shared": [],
        "star": [],
        "lusers": []
    }
},
{
    "model": "ontask.filter",
    "pk": 1,
    "fields": {
        "created": "2020-08-17T09:36:09.765Z",
        "modified": "2020-08-17T09:36:10.253Z",
        "_formula": {
            "not": false,
            "rules": [
                {
                    "id": "double1",
                    "type": "double",
                    "field": "double1",
                    "input": "number",
                    "value": null,
                    "operator": "is_null"
                }
            ],
            "valid": true,
            "condition": "AND"
        },
        "_formula_text": "",
        "selected_count": 4,
        "workflow": 1,
        "description_text": "",
        "columns": [
            4
        ]
    }
},
{
    "model": "ontask.action",
    "pk": 1,
    "fields": {
        "name": "Test action",
        "description_text": "",
        "created": "2019-04-07T01:00:56.368Z",
        "modified": "2019-04-07T05:09:39.602Z",
        "workflow": 1,
        "action_type": "personalized_text",
        "last_executed_log": null,
        "active_from": null,
        "active_to": null,
        "rows_all_false": [],
        "serve_enabled": false,
        "text_content": "<p>C1: {{ text1 }}</p><p>C2: {{ text2 }}</p><p>C3: {{ double1 }}</p><p>C4: {{ double2 }}</p><p>C5: {{ bool1 }}</p><p>C6: {{ bool2 }}</p><p>C7: {{ date1 }}</p><p>C8: {{ date2 }}</p><p>{% if c1 is null %}TEST Cond1-1{% endif %}</p><p>{% if c2 is null %}TEST Cond2-1{% endif %}</p><p>{% if c3 is null %}TEST Cond3-1{% endif %}</p><p>{% if c4 is null %}TEST Cond4-1{% endif %}</p><p>{% if c5 is true %}TEST Cond5-1{% endif %}</p><p>{% if c6 is true %}TEST Cond6-2{% endif %}</p><p>{% if c7 is null %}TEST Cond7-1{% endif %}</p><p>{% if c8 is null %}TEST Cond8-1{% endif %}</p><p>{% if c1 is not null %}TEST Cond1-2{% endif %}<br><br>{% if c2 is not null %}TEST Cond2-2{% endif %}<br><br>{% if c3 is not null %}TEST Cond3-2{% endif %}<br><br>{% if c4 is not null %}TEST Cond4-2{% endif %}<br><br>{% if c5 is not true %}TEST Cond5-2{% endif %}<br><br>{% if c6 is not true %}TEST Cond6-2{% endif %}<br><br>{% if c7 is not null %}TEST Cond7-2{% endif %}<br><br>{% if c8 is not null %}TEST Cond8-2{% endif %}<br></p>",
        "target_url": "",
        "shuffle": false,
        "attachments": []
    }
},
{
    "model": "ontask.action",
    "pk": 2,
    "fields": {
        "name": "Test action 2",
        "description_text": "",
        "created": "2019-04-07T05:11:18.206Z",
        "modified": "2020-08-17T09:36:09.949Z",
        "workflow": 1,
        "action_type": "personalized_text",
        "last_executed_log": null,
        "active_from": null,
        "active_to": null,
        "rows_all_false": [],
        "serve_enabled": false,
        "text_content": "<p>C1: {{ text1 }}</p><p>C2: {{ text2 }}</p><p>C3: {{ double1 }}</p><p>C4: {{ double2 }}</p><p>C5: {{ bool1 }}</p><p>C6: {{ bool2 }}</p><p>C7: {{ date1 }}</p><p>C8: {{ date2 }}</p><p>{% if c1 is null %}TEST Cond1-1{% endif %}</p><p>{% if c2 is null %}TEST Cond2-1{% endif %}</p><p>{% if c3 is null %}TEST Cond3-1{% endif %}</p><p>{% if c4 is null %}TEST Cond4-1{% endif %}</p><p>{% if c5 is true %}TEST Cond5-1{% endif %}</p><p>{% if c6 is true %}TEST Cond6-2{% endif %}</p><p>{% if c7 is null %}TEST Cond7-1{% endif %}</p><p>{% if c8 is null %}TEST Cond8-1{% endif %}</p><p>{% if c1 is not null %}TEST Cond1-2{% endif %}<br><br>{% if c2 is not null %}TEST Cond2-2{% endif %}<br><br>{% if c3 is not null %}TEST Cond3-2{% endif %}<br><br>{% if c4 is not null %}TEST Cond4-2{% endif %}<br><br>{% if c5 is not true %}TEST Cond5-2{% endif %}<br><br>{% if c6 is not true %}TEST Cond6-2{% endif %}<br><br>{% if c7 is not null %}TEST Cond7-2{% endif %}<br><br>{% if c8 is not null %}TEST Cond8-2{% endif %}<br></p>",
        "target_url": "",
        "shuffle": false,
        "filter": 1,
        "attachments": []
    }
},
{
    "model": "ontask.condition",
    "pk": 1,
    "fields": {
        "name": "c1 is null",
        "description_text": "",
        "created": "2019-04-07T01:03:01.985Z",
        "modified": "2020-08-17T09:36:09.661Z",
        "_formula": {
            "not": false,
            "rules": [
                {
                    "id": "text1",
                    "type": "string",
                    "field": "text1",
                    "input": "text",
                    "value": null,
                    "operator": "is_null"
                }
            ],
            "valid": true,
            "condition": "AND"
        },
        "_formula_text": "",
        "selected_count": 4,
        "workflow": 1,
        "action": 1,
        "columns": [
            2
        ]
    }
},
{
    "model": "ontask.condition",
    "pk": 2,
    "fields": {
        "name": "c2 is null",
        "description_text": "",
        "created": "2019-04-07T01:03:15.636Z",
        "modified": "2020-08-17T09:36:09.669Z",
        "_formula": {
            "not": false,
            "rules": [
                {
                    "id": "text2",
                    "type": "string",
                    "field": "text2",
                    "input": "text",
                    "value": null,
                    "operator": "is_null"
                }
            ],
            "valid": true,
            "condition": "AND"
        },
        "_formula_text": "",
        "selected_count": 4,
        "workflow": 1,
        "action": 1,
        "columns": [
            3
        ]
    }
},
{
    "model": "ontask.condition",
    "pk": 3,
    "fields": {
        "name": "c3 is null",
        "description_text": "",
        "created": "2019-04-07T01:03:34.100Z",
        "modified": "2020-08-17T09:36:09.681Z",
        "_formula": {
            "not": false,
            "rules": [
                {
                    "id": "double1",
                    "type": "double",
                    "field": "double1",
                    "input": "number",
                    "value": null,
                    "operator": "is_null"
                }
            ],
            "valid": true,
            "condition": "AND"
        },
        "_formula_text": "",
        "selected_count": 4,
        "workflow": 1,
        "action": 1,
        "columns": [
            4
        ]
    }
},
{
    "model": "ontask.condition",
    "pk": 4,
    "fields": {
        "name": "c4 is null",
        "description_text": "",
        "created": "2019-04-07T01:03:42.864Z",
        "modified": "2020-08-17T09:36:09.691Z",
        "_formula": {
            "not": false,
            "rules": [
                {
                    "id": "double2",
                    "type": "double",
                    "field": "double2",
                    "input": "number",
                    "value": null,
                    "operator": "is_null"
                }
            ],
            "valid": true,
            "condition": "AND"
        },
        "_formula_text": "",
        "selected_count": 4,
        "workflow": 1,
        "action": 1,
        "columns": [
            5
        ]
    }
},
{
    "model": "ontask.condition",
    "pk": 5,
    "fields": {
        "name": "c5 is true",
        "description_text": "",
        "created": "2019-04-07T01:03:51.851Z",
        "modified": "2020-08-17T09:36:09.698Z",
        "_formula": {
            "not": false,
            "rules": [
                {
                    "id": "bool1",
                    "type": "string",
                    "field": "bool1",
                    "input": "select",
                    "value": "true",
                    "operator": "equal"
                }
            ],
            "valid": true,
            "condition": "AND"
        },
        "_formula_text": "",
        "selected_count": 2,
        "workflow": 1,
        "action": 1,
        "columns": [
            6
        ]
    }
},
{
    "model": "ontask.condition",
    "pk": 6,
    "fields": {
        "name": "c6 is true",
        "description_text": "",
        "created": "2019-04-07T01:04:05.159Z",
        "modified": "2020-08-17T09:36:09.711Z",
        "_formula": {
            "not": false,
            "rules": [
                {
                    "id": "bool2",
                    "type": "string",
                    "field": "bool2",
                    "input": "select",
                    "value": "true",
                    "operator": "equal"
                }
            ],
            "valid": true,
            "condition": "AND"
        },
        "_formula_text": "",
        "selected_count": 2,
        "workflow": 1,
        "action": 1,
        "columns": [
            7
        ]
    }
},
{
    "model": "ontask.condition",
    "pk": 7,
    "fields": {
        "name": "c7 is null",
        "description_text": "",
        "created": "2019-04-07T01:11:36.568Z",
        "modified": "2020-08-17T09:36:09.720Z",
        "_formula": {
            "not": false,
            "rules": [
                {
                    "id": "date1",
                    "type": "datetime",
                    "field": "date1",
                    "input": "text",
                    "value": null,
                    "operator": "is_null"
                }
            ],
            "valid": true,
            "condition": "AND"
        },
        "_formula_text": "",
        "selected_count": 4,
        "workflow": 1,
        "action": 1,
        "columns": [
            8
        ]
    }
},
{
    "model": "ontask.condition",
    "pk": 8,
    "fields": {
        "name": "c8 is null",
        "description_text": "",
        "created": "2019-04-07T01:11:48.940Z",
        "modified": "2020-08-17T09:36:09.728Z",
        "_formula": {
            "not": false,
            "rules": [
                {
                    "id": "date2",
                    "type": "datetime",
                    "field": "date2",
                    "input": "text",
                    "value": null,
                    "operator": "is_null"
                }
            ],
            "valid": true,
            "condition": "AND"
        },
        "_formula_text": "",
        "selected_count": 4,
        "workflow": 1,
        "action": 1,
        "columns": [
            9
        ]
    }
},
{
    "model": "ontask.condition",
    "pk": 10,
    "fields": {
        "name": "c1 is not null",
        "description_text": "",
        "created": "2019-04-07T01:26:52.692Z",
        "modified": "2020-08-17T09:36:09.654Z",
        "_formula": {
            "not": true,
            "rules": [
                {
                    "id": "text1",
                    "type": "string",
                    "field": "text1",
                    "input": "text",
                    "value": null,
                    "operator": "is_null"
                }
            ],
            "valid": true,
            "condition": "AND"
        },
        "_formula_text": "",
        "selected_count": 4,
        "workflow": 1,
        "action": 1,
        "columns": [
            2
        ]
    }
},
{
    "model": "ontask.condition",
    "pk": 11,
    "fields": {
        "name": "c2 is not null",
        "description_text": "",
        "created": "2019-04-07T01:27:05.378Z",
        "modified": "2020-08-17T09:36:09.664Z",
        "_formula": {
            "not": true,
            "rules": [
                {
                    "id": "text2",
                    "type": "string",
                    "field": "text2",
                    "input": "text",
                    "value": null,
                    "operator": "is_null"
                }
            ],
            "valid": true,
            "condition": "AND"
        },
        "_formula_text": "",
        "selected_count": 4,
        "workflow": 1,
        "action": 1,
        "columns": [
            3
        ]
    }
},
{
    "model": "ontask.condition",
    "pk": 12,
    "fields": {
        "name": "c3 is not null",
        "description_text": "",
        "created": "2019-04-07T01:27:14.771Z",
        "modified": "2020-08-17T09:36:09.673Z",
        "_formula": {
            "not": true,
            "rules": [
                {
                    "id": "double1",
                    "type": "double",
                    "field": "double1",
                    "input": "number",
                    "value": null,
                    "operator": "is_null"
                }
            ],
            "valid": true,
            "condition": "AND"
        },
        "_formula_text": "",
        "selected_count": 4,
        "workflow": 1,
        "action": 1,
        "columns": [
            4
        ]
    }
},
{
    "model": "ontask.condition",
    "pk": 13,
    "fields": {
        "name": "c4 is not null",
        "description_text": "",
        "created": "2019-04-07T01:27:25.611Z",
        "modified": "2020-08-17T09:36:09.684Z",
        "_formula": {
            "not": true,
            "rules": [
                {
                    "id": "double2",
                    "type": "double",
                    "field": "double2",
                    "input": "number",
                    "value": null,
                    "operator": "is_null"
                }
            ],
            "valid": true,
            "condition": "AND"
        },
        "_formula_text": "",
        "selected_count": 4,
        "workflow": 1,
        "action": 1,
        "columns": [
            5
        ]
    }
},
{
    "model": "ontask.condition",
    "pk": 14,
    "fields": {
        "name": "c5 is not true",
        "description_text": "",
        "created": "2019-04-07T01:27:34.842Z",
        "modified": "2020-08-17T09:36:09.693Z",
        "_formula": {
            "not": true,
            "rules": [
                {
                    "id": "bool1",
                    "type": "string",
                    "field": "bool1",
                    "input": "select",
                    "value": "true",
                    "operator": "equal"
                }
            ],
            "valid": true,
            "condition": "AND"
        },
        "_formula_text": "",
        "selected_count": 6,
        "workflow": 1,
        "action": 1,
        "columns": [
            6
        ]
    }
},
{
    "model": "ontask.condition",
    "pk": 15,
    "fields": {
        "name": "c6 is not true",
        "description_text": "",
        "created": "2019-04-07T01:27:46.377Z",
        "modified": "2020-08-17T09:36:09.703Z",
        "_formula": {
            "not": true,
            "rules": [
                {
                    "id": "bool2",
                    "type": "string",
                    "field": "bool2",
                    "input": "select",
                    "value": "true",
                    "operator": "equal"
                }
            ],
            "valid": true,
            "condition": "AND"
        },
        "_formula_text": "",
        "selected_count": 6,
        "workflow": 1,
        "action": 1,
        "columns": [
            7
        ]
    }
},
{
    "model": "ontask.condition",
    "pk": 16,
    "fields": {
        "name": "c7 is not null",
        "description_text": "",
        "created": "2019-04-07T01:27:57.426Z",
        "modified": "2020-08-17T09:36:09.713Z",
        "_formula": {
            "not": true,
            "rules": [
                {
                    "id": "date1",
                    "type": "datetime",
                    "field": "date1",
                    "input": "text",
                    "value": null,
                    "operator": "is_null"
                }
            ],
            "valid": true,
            "condition": "AND"
        },
        "_formula_text": "",
        "selected_count": 4,
        "workflow": 1,
        "action": 1,
        "columns": [
            8
        ]
    }
},
{
    "model": "ontask.condition",
    "pk": 17,
    "fields": {
        "name": "c8 is not null",
        "description_text": "",
        "created": "2019-04-07T01:28:07.471Z",
        "modified": "2020-08-17T09:36:09.726Z",
        "_formula": {
            "not": true,
            "rules": [
                {
                    "id": "date2",
                    "type": "datetime",
                    "field": "date2",
                    "input": "text",
                    "value": null,
                    "operator": "is_null"
                }
            ],
            "valid": true,
            "condition": "AND"
        },
        "_formula_text": "",
        "selected_count": 4,
        "workflow": 1,
        "action": 1,
        "columns": [
            9
        ]
    }
},
{
    "model": "ontask.condition",
    "pk": 18,
    "fields": {
        "name": "c1 is null",
        "description_text": "",
        "created": "2019-04-07T05:11:18.226Z",
        "modified": "2020-08-17T09:36:09.659Z",
        "_formula": {
            "not": false,
            "rules": [
                {
                    "id": "text1",
                    "type": "string",
                    "field": "text1",
                    "input": "text",
                    "value": null,
                    "operator": "is_null"
                }
            ],
            "valid": true,
            "condition": "AND"
        },
        "_formula_text": "",
        "selected_count": 4,
        "workflow": 1,
        "action": 2,
        "columns": [
            2
        ]
    }
},
{
    "model": "ontask.condition",
    "pk": 19,
    "fields": {
        "name": "c2 is null",
        "description_text": "",
        "created": "2019-04-07T05:11:18.230Z",
        "modified": "2020-08-17T09:36:09.671Z",
        "_formula": {
            "not": false,
            "rules": [
                {
                    "id": "text2",
                    "type": "string",
                    "field": "text2",
                    "input": "text",
                    "value": null,
                    "operator": "is_null"
                }
            ],
            "valid": true,
            "condition": "AND"
        },
        "_formula_text": "",
        "selected_count": 0,
        "workflow": 1,
        "action": 2,
        "columns": [
            3
        ]
    }
},
{
    "model": "ontask.condition",
    "pk": 20,
    "fields": {
        "name": "c3 is null",
        "description_text": "",
        "created": "2019-04-07T05:11:18.232Z",
        "modified": "2020-08-17T09:36:09.679Z",
        "_formula": {
            "not": false,
            "rules": [
                {
                    "id": "double1",
                    "type": "double",
                    "field": "double1",
                    "input": "number",
                    "value": null,
                    "operator": "is_null"
                }
            ],
            "valid": true,
            "condition": "AND"
        },
        "_formula_text": "",
        "selected_count": 4,
        "workflow": 1,
        "action": 2,
        "columns": [
            4
        ]
    }
},
{
    "model": "ontask.condition",
    "pk": 21,
    "fields": {
        "name": "c4 is null",
        "description_text": "",
        "created": "2019-04-07T05:11:18.234Z",
        "modified": "2020-08-17T09:36:09.688Z",
        "_formula": {
            "not": false,
            "rules": [
                {
                    "id": "double2",
                    "type": "double",
                    "field": "double2",
                    "input": "number",
                    "value": null,
                    "operator": "is_null"
                }
            ],
            "valid": true,
            "condition": "AND"
        },
        "_formula_text": "",
        "selected_count": 0,
        "workflow": 1,
        "action": 2,
        "columns": [
            5
        ]
    }
},
{
    "model": "ontask.condition",
    "pk": 22,
    "fields": {
        "name": "c5 is true",
        "description_text": "",
        "created": "2019-04-07T05:11:18.236Z",
        "modified": "2020-08-17T09:36:09.701Z",
        "_formula": {
            "not": false,
            "rules": [
                {
                    "id": "bool1",
                    "type": "string",
                    "field": "bool1",
                    "input": "select",
                    "value": "true",
                    "operator": "equal"
                }
            ],
            "valid": true,
            "condition": "AND"
        },
        "_formula_text": "",
        "selected_count": 0,
        "workflow": 1,
        "action": 2,
        "columns": [
            6
        ]
    }
},
{
    "model": "ontask.condition",
    "pk": 23,
    "fields": {
        "name": "c6 is true",
        "description_text": "",
        "created": "2019-04-07T05:11:18.238Z",
        "modified": "2020-08-17T09:36:09.708Z",
        "_formula": {
            "not": false,
            "rules": [
                {
                    "id": "bool2",
                    "type": "string",
                    "field": "bool2",
                    "input": "select",
                    "value": "true",
                    "operator": "equal"
                }
            ],
            "valid": true,
            "condition": "AND"
        },
        "_formula_text": "",
        "selected_count": 2,
        "workflow": 1,
        "action": 2,
        "columns": [
            7
        ]
    }
},
{
    "model": "ontask.condition",
    "pk": 24,
    "fields": {
        "name": "c7 is null",
        "description_text": "",
        "created": "2019-04-07T05:11:18.240Z",
        "modified": "2020-08-17T09:36:09.718Z",
        "_formula": {
            "not": false,
            "rules": [
                {
                    "id": "date1",
                    "type": "datetime",
                    "field": "date1",
                    "input": "text",
                    "value": null,
                    "operator": "is_null"
                }
            ],
            "valid": true,
            "condition": "AND"
        },
        "_formula_text": "",
        "selected_count": 4,
        "workflow": 1,
        "action": 2,
        "columns": [
            8
        ]
    }
},
{
    "model": "ontask.condition",
    "pk": 25,
    "fields": {
        "name": "c8 is null",
        "description_text": "",
        "created": "2019-04-07T05:11:18.242Z",
        "modified": "2020-08-17T09:36:09.730Z",
        "_formula": {
            "not": false,
            "rules": [
                {
                    "id": "date2",
                    "type": "datetime",
                    "field": "date2",
                    "input": "text",
                    "value": null,
                    "operator": "is_null"
                }
            ],
            "valid": true,
            "condition": "AND"
        },
        "_formula_text": "",
        "selected_count": 0,
        "workflow": 1,
        "action": 2,
        "columns": [
            9
        ]
    }
},
{
    "model": "ontask.condition",
    "pk": 26,
    "fields": {
        "name": "c1 is not null",
        "description_text": "",
        "created": "2019-04-07T05:11:18.245Z",
        "modified": "2020-08-17T09:36:09.656Z",
        "_formula": {
            "not": true,
            "rules": [
                {
                    "id": "text1",
                    "type": "string",
                    "field": "text1",
                    "input": "text",
                    "value": null,
                    "operator": "is_null"
                }
            ],
            "valid": true,
            "condition": "AND"
        },
        "_formula_text": "",
        "selected_count": 0,
        "workflow": 1,
        "action": 2,
        "columns": [
            2
        ]
    }
},
{
    "model": "ontask.condition",
    "pk": 27,
    "fields": {
        "name": "c2 is not null",
        "description_text": "",
        "created": "2019-04-07T05:11:18.248Z",
        "modified": "2020-08-17T09:36:09.667Z",
        "_formula": {
            "not": true,
            "rules": [
                {
                    "id": "text2",
                    "type": "string",
                    "field": "text2",
                    "input": "text",
                    "value": null,
                    "operator": "is_null"
                }
            ],
            "valid": true,
            "condition": "AND"
        },
        "_formula_text": "",
        "selected_count": 4,
        "workflow": 1,
        "action": 2,
        "columns": [
            3
        ]
    }
},
{
    "model": "ontask.condition",
    "pk": 28,
    "fields": {
        "name": "c3 is not null",
        "description_text": "",
        "created": "2019-04-07T05:11:18.250Z",
        "modified": "2020-08-17T09:36:09.676Z",
        "_formula": {
            "not": true,
            "rules": [
                {
                    "id": "double1",
                    "type": "double",
                    "field": "double1",
                    "input": "number",
                    "value": null,
                    "operator": "is_null"
                }
            ],
            "valid": true,
            "condition": "AND"
        },
        "_formula_text": "",
        "selected_count": 0,
        "workflow": 1,
        "action": 2,
        "columns": [
            4
        ]
    }
},
{
    "model": "ontask.condition",
    "pk": 29,
    "fields": {
        "name": "c4 is not null",
        "description_text": "",
        "created": "2019-04-07T05:11:18.252Z",
        "modified": "2020-08-17T09:36:09.686Z",
        "_formula": {
            "not": true,
            "rules": [
                {
                    "id": "double2",
                    "type": "double",
                    "field": "double2",
                    "input": "number",
                    "value": null,
                    "operator": "is_null"
                }
            ],
            "valid": true,
            "condition": "AND"
        },
        "_formula_text": "",
        "selected_count": 4,
        "workflow": 1,
        "action": 2,
        "columns": [
            5
        ]
    }
},
{
    "model": "ontask.condition",
    "pk": 30,
    "fields": {
        "name": "c5 is not true",
        "description_text": "",
        "created": "2019-04-07T05:11:18.254Z",
        "modified": "2020-08-17T09:36:09.696Z",
        "_formula": {
            "not": true,
            "rules": [
                {
                    "id": "bool1",
                    "type": "string",
                    "field": "bool1",
                    "input": "select",
                    "value": "true",
                    "operator": "equal"
                }
            ],
            "valid": true,
            "condition": "AND"
        },
        "_formula_text": "",
        "selected_count": 4,
        "workflow": 1,
        "action": 2,
        "columns": [
            6
        ]
    }
},
{
    "model": "ontask.condition",
    "pk": 31,
    "fields": {
        "name": "c6 is not true",
        "description_text": "",
        "created": "2019-04-07T05:11:18.256Z",
        "modified": "2020-08-17T09:36:09.705Z",
        "_formula": {
            "not": true,
            "rules": [
                {
                    "id": "bool2",
                    "type": "string",
                    "field": "bool2",
                    "input": "select",
                    "value": "true",
                    "operator": "equal"
                }
            ],
            "valid": true,
            "condition": "AND"
        },
        "_formula_text": "",
        "selected_count": 2,
        "workflow": 1,
        "action": 2,
        "columns": [
            7
        ]
    }
},
{
    "model": "ontask.condition",
    "pk": 32,
    "fields": {
        "name": "c7 is not null",
        "description_text": "",
        "created": "2019-04-07T05:11:18.259Z",
        "modified": "2020-08-17T09:36:09.716Z",
        "_formula": {
            "not": true,
            "rules": [
                {
                    "id": "date1",
                    "type": "datetime",
                    "field": "date1",
                    "input": "text",
                    "value": null,
                    "operator": "is_null"
                }
            ],
            "valid": true,
            "condition": "AND"
        },
        "_formula_text": "",
        "selected_count": 0,
        "workflow": 1,
        "action": 2,
        "columns": [
            8
        ]
    }
},
{
    "model": "ontask.condition",
    "pk": 33,
    "fields": {
        "name": "c8 is not null",
        "description_text": "",
        "created": "2019-04-07T05:11:18.261Z",
        "modified": "2020-08-17T09:36:09.723Z",
        "_formula": {
            "not": true,
            "rules": [
                {
                    "id": "date2",
                    "type": "datetime",
                    "field": "date2",
                    "input": "text",
                    "value": null,
                    "operator": "is_null"
                }
            ],
            "valid": true,
            "condition": "AND"
        },
        "_formula_text": "",
        "selected_count": 4,
        "workflow": 1,
        "action": 2,
        "columns": [
            9
        ]
    }
},
{
    "model": "ontask.actioncolumnconditiontuple",
    "pk": 1,
    "fields": {
        "action": 1,
        "column": 2,
        "condition": null,
        "changes_allowed": true
    }
},
{
    "model": "ontask.actioncolumnconditiontuple",
    "pk": 2,
    "fields": {
        "action": 1,
        "column": 3,
        "condition": null,
        "changes_allowed": true
    }
},
{
    "model": "ontask.actioncolumnconditiontuple",
    "pk": 3,
    "fields": {
        "action": 1,
        "column": 4,
        "condition": null,
        "changes_allowed": true
    }
},
{
    "model": "ontask.actioncolumnconditiontuple",
    "pk": 4,
    "fields": {
        "action": 1,
        "column": 5,
        "condition": null,
        "changes_allowed": true
    }
},
{
    "model": "ontask.actioncolumnconditiontuple",
    "pk": 5,
    "fields": {
        "action": 1,
        "column": 6,
        "condition": null,
        "changes_allowed": true
    }
},
{
    "model": "ontask.actioncolumnconditiontuple",
    "pk": 6,
    "fields": {
        "action": 1,
        "column": 7,
        "condition": null,
        "changes_allowed": true
    }
},
{
    "model": "ontask.actioncolumnconditiontuple",
    "pk": 7,
    "fields": {
        "action": 1,
        "column": 8,
        "condition": null,
        "changes_allowed": true
    }
},
{
    "model": "ontask.actioncolumnconditiontuple",
    "pk": 8,
    "fields": {
        "action": 1,
        "column": 9,
        "condition": null,
        "changes_allowed": true
    }
},
{
    "model": "ontask.actioncolumnconditiontuple",
    "pk": 9,
    "fields": {
        "action": 2,
        "column": 2,
        "condition": null,
        "changes_allowed": true
    }
},
{
    "model": "ontask.actioncolumnconditiontuple",
    "pk": 10,
    "fields": {
        "action": 2,
        "column": 3,
        "condition": null,
        "changes_allowed": true
    }
},
{
    "model": "ontask.actioncolumnconditiontuple",
    "pk": 11,
    "fields": {
        "action": 2,
        "column": 4,
        "condition": null,
        "changes_allowed": true
    }
},
{
    "model": "ontask.actioncolumnconditiontuple",
    "pk": 12,
    "fields": {
        "action": 2,
        "column": 5,
        "condition": null,
        "changes_allowed": true
    }
},
{
    "model": "ontask.actioncolumnconditiontuple",
    "pk": 13,
    "fields": {
        "action": 2,
        "column": 6,
        "condition": null,
        "changes_allowed": true
    }
},
{
    "model": "ontask.actioncolumnconditiontuple",
    "pk": 14,
    "fields": {
        "action": 2,
        "column": 7,
        "condition": null,
        "changes_allowed": true
    }
},
{
    "model": "ontask.actioncolumnconditiontuple",
    "pk": 15,
    "fields": {
        "action": 2,
        "column": 8,
        "condition": null,
        "changes_allowed": true
    }
},
{
    "model": "ontask.actioncolumnconditiontuple",
    "pk": 16,
    "fields": {
        "action": 2,
        "column": 9,
        "condition": null,
        "changes_allowed": true
    }
},
{
    "model": "ontask.profile",
    "pk": 1,
    "fields": {
        "slug": "b1bfbf50-9a82-46d1-b59c-37986ed14285",
        "picture": "",
        "bio": "",
        "email_verified": false
    }
},
{
    "model": "ontask.profile",
    "pk": 12,
    "fields": {
        "slug": "da698c96-f188-4f24-bbce-68738cf7a533",
        "picture": "",
        "bio": "",
        "email_verified": false
    }
},
{
    "model": "ontask.profile",
    "pk": 13,
    "fields": {
        "slug": "4dcd267b-89f7-4971-8a00-9af02d9977ca",
        "picture": "",
        "bio": "",
        "email_verified": false
    }
},
{
    "model": "ontask.profile",
    "pk": 14,
    "fields": {
        "slug": "882e57e2-4108-43f4-9411-f10ae719563b",
        "picture": "",
        "bio": "",
        "email_verified": false
    }
},
{
    "model": "ontask.profile",
    "pk": 15,
    "fields": {
        "slug": "569bae92-e4cc-4ccb-9365-86e58d31b67c",
        "picture": "",
        "bio": "",
        "email_verified": false
    }
},
{
    "model": "ontask.profile",
    "pk": 16,
    "fields": {
        "slug": "965f3137-1408-4377-83a7-6886a9d8d5da",
        "picture": "",
        "bio": "",
        "email_verified": false
    }
},
{
    "model": "ontask.profile",
    "pk": 17,
    "fields": {
        "slug": "f9c5b8b1-d18f-48d1-9b18-5e5599669d4d",
        "picture": "",
        "bio": "",
        "email_verified": false
    }
},
{
    "model": "ontask.profile",
    "pk": 18,
    "fields": {
        "slug": "01353989-6645-446f-a0cf-2d613c557fa6",
        "picture": "",
        "bio": "",
        "email_verified": false
    }
},
{
    "model": "ontask.profile",
    "pk": 19,
    "fields": {
        "slug": "6c7fa831-bb03-4079-936f-5b20e3b9dffe",
        "picture": "",
        "bio": "",
        "email_verified": false
    }
},
{
    "model": "ontask.profile",
    "pk": 20,
    "fields": {
        "slug": "3fb7ae9e-0fa8-45a0-8b3d-0baf93998603",
        "picture": "",
        "bio": "",
        "email_verified": false
    }
},
{
    "model": "ontask.profile",
    "pk": 21,
    "fields": {
        "slug": "bdc2fb52-8669-44ca-addc-75bf7bddd999",
        "picture": "",
        "bio": "",
        "email_verified": false
    }
},
{
    "model": "ontask.profile",
    "pk": 2,
    "fields": {
        "slug": "b0f86cb2-a417-4d7e-be4d-2822f14eda4a",
        "picture": "",
        "bio": "",
        "email_verified": false
    }
},
{
    "model": "ontask.profile",
    "pk": 3,
    "fields": {
        "slug": "14044513-aecb-4207-ae66-b5fbf58645ba",
        "picture": "",
        "bio": "",
        "email_verified": false
    }
},
{
    "model": "ontask.profile",
    "pk": 4,
    "fields": {
        "slug": "28f58067-520c-4249-b351-e9de7d018561",
        "picture": "",
        "bio": "",
        "email_verified": false
    }
},
{
    "model": "ontask.profile",
    "pk": 5,
    "fields": {
        "slug": "07e45ca9-994b-470d-b433-c04a3c8652b8",
        "picture": "",
        "bio": "",
        "email_verified": false
    }
},
{
    "model": "ontask.profile",
    "pk": 6,
    "fields": {
        "slug": "83276858-3bc1-4f12-b794-3606dc07daa7",
        "picture": "",
        "bio": "",
        "email_verified": false
    }
},
{
    "model": "ontask.profile",
    "pk": 7,
    "fields": {
        "slug": "ccb1e166-3043-4c94-b8da-e5f726859233",
        "picture": "",
        "bio": "",
        "email_verified": false
    }
},
{
    "model": "ontask.profile",
    "pk": 8,
    "fields": {
        "slug": "0d9b0b7d-ea33-4829-a8aa-a1c4d09960af",
        "picture": "",
        "bio": "",
        "email_verified": false
    }
},
{
    "model": "ontask.profile",
    "pk": 9,
    "fields": {
        "slug": "96f02826-f80a-4bc7-962b-fa1cb3dc936c",
        "picture": "",
        "bio": "",
        "email_verified": false
    }
},
{
    "model": "ontask.profile",
    "pk": 10,
    "fields": {
        "slug": "8d01fb32-dba8-4fad-b00e-1a3b665ca311",
        "picture": "",
        "bio": "",
        "email_verified": false
    }
},
{
    "model": "ontask.profile",
    "pk": 11,
    "fields": {
        "slug": "f1b32be1-e7ca-49fd-8960-0a37e912ec37",
        "picture": "",
        "bio": "",
        "email_verified": false
    }
},
{
    "model": "ontask.ontaskuser",
    "pk": 1,
    "fields": {}
},
{
    "model": "ontask.ontaskuser",
    "pk": 12,
    "fields": {}
},
{
    "model": "ontask.ontaskuser",
    "pk": 13,
    "fields": {}
},
{
    "model": "ontask.ontaskuser",
    "pk": 14,
    "fields": {}
},
{
    "model": "ontask.ontaskuser",
    "pk": 15,
    "fields": {}
},
{
    "model": "ontask.ontaskuser",
    "pk": 16,
    "fields": {}
},
{
    "model": "ontask.ontaskuser",
    "pk": 17,
    "fields": {}
},
{
    "model": "ontask.ontaskuser",
    "pk": 18,
    "fields": {}
},
{
    "model": "ontask.ontaskuser",
    "pk": 19,
    "fields": {}
},
{
    "model": "ontask.ontaskuser",
    "pk": 20,
    "fields": {}
},
{
    "model": "ontask.ontaskuser",
    "pk": 21,
    "fields": {}
},
{
    "model": "ontask.ontaskuser",
    "pk": 2,
    "fields": {}
},
{
    "model": "ontask.ontaskuser",
    "pk": 3,
    "fields": {}
},
{
    "model": "ontask.ontaskuser",
    "pk": 4,
    "fields": {}
},
{
    "model": "ontask.ontaskuser",
    "pk": 5,
    "fields": {}
},
{
    "model": "ontask.ontaskuser",
    "pk": 6,
    "fields": {}
},
{
    "model": "ontask.ontaskuser",
    "pk": 7,
    "fields": {}
},
{
    "model": "ontask.ontaskuser",
    "pk": 8,
    "fields": {}
},
{
    "model": "ontask.ontaskuser",
    "pk": 9,
    "fields": {}
},
{
    "model": "ontask.ontaskuser",
    "pk": 10,
    "fields": {}
},
{
    "model": "ontask.ontaskuser",
    "pk": 11,
    "fields": {}
}
]
