[
{
    "model": "auth.group",
    "pk": 1,
    "fields": {
        "name": "instructor",
        "permissions": [
            [
                "add_action",
                "ontask",
                "action"
            ],
            [
                "change_action",
                "ontask",
                "action"
            ],
            [
                "delete_action",
                "ontask",
                "action"
            ],
            [
                "add_column",
                "ontask",
                "column"
            ],
            [
                "change_column",
                "ontask",
                "column"
            ],
            [
                "delete_column",
                "ontask",
                "column"
            ],
            [
                "add_condition",
                "ontask",
                "condition"
            ],
            [
                "change_condition",
                "ontask",
                "condition"
            ],
            [
                "delete_condition",
                "ontask",
                "condition"
            ],
            [
                "add_log",
                "ontask",
                "log"
            ],
            [
                "change_log",
                "ontask",
                "log"
            ],
            [
                "delete_log",
                "ontask",
                "log"
            ],
            [
                "add_workflow",
                "ontask",
                "workflow"
            ],
            [
                "change_workflow",
                "ontask",
                "workflow"
            ],
            [
                "delete_workflow",
                "ontask",
                "workflow"
            ]
        ]
    }
},
{
    "model": "sites.site",
    "pk": 1,
    "fields": {
        "domain": "127.0.0.1",
        "name": "127.0.0.1"
    }
},
{
    "model": "authtools.user",
    "pk": 1,
    "fields": {
        "password": "pbkdf2_sha256$36000$JMX4YPJ3ahxr$Q8DJ+BINVcLXRb9zofOscibKccnux1f4gTWp3TNvPCk=",
        "last_login": "2017-12-06T02:46:42.270Z",
        "is_superuser": true,
        "email": "superuser@bogus.com",
        "is_staff": true,
        "is_active": true,
        "date_joined": "2017-11-11T20:47:28.868Z",
        "name": "Super User",
        "groups": [
            [
                "instructor"
            ]
        ],
        "user_permissions": []
    }
},
{
    "model": "authtools.user",
    "pk": 2,
    "fields": {
        "password": "pbkdf2_sha256$36000$yyR4qJnt4C68$u5UIYoLDOo5z7pJ9LEQ5xE/Wg3nw/cyIzKoh4tkP4ZQ=",
        "last_login": "2017-12-07T04:52:28.393Z",
        "is_superuser": false,
        "email": "student01@bogus.com",
        "is_staff": false,
        "is_active": true,
        "date_joined": "2017-11-12T19:44:27.631Z",
        "name": "student01@bogus.com",
        "groups": [],
        "user_permissions": []
    }
},
{
    "model": "authtools.user",
    "pk": 3,
    "fields": {
        "password": "pbkdf2_sha256$36000$udn5nz4eFAvU$hj5La0k48upa6trsCv9TOb2LFOM6Iad3gv5Z8r2OtZ8=",
        "last_login": "2017-12-06T02:59:02.719Z",
        "is_superuser": false,
        "email": "student02@bogus.com",
        "is_staff": false,
        "is_active": true,
        "date_joined": "2017-11-12T19:44:33.927Z",
        "name": "student02@bogus.com",
        "groups": [],
        "user_permissions": []
    }
},
{
    "model": "authtools.user",
    "pk": 4,
    "fields": {
        "password": "argon2$argon2i$v=19$m=512,t=2,p=2$SWp6cUxjdU9VWTRF$NuyZlmzXYsLMWaJY4J/0PQ",
        "last_login": "2019-09-01T06:45:04.472Z",
        "is_superuser": false,
        "email": "instructor01@bogus.com",
        "is_staff": false,
        "is_active": true,
        "date_joined": "2017-11-13T10:44:13.687Z",
        "name": "Instructor One",
        "groups": [
            [
                "instructor"
            ]
        ],
        "user_permissions": []
    }
},
{
    "model": "authtools.user",
    "pk": 5,
    "fields": {
        "password": "pbkdf2_sha256$36000$Vi2lBnr5h5ee$awxW9s042y23fISIZHks3h1hHieogLXXroObZsqGv0c=",
        "last_login": "2017-11-30T10:14:47.997Z",
        "is_superuser": false,
        "email": "instructor02@bogus.com",
        "is_staff": false,
        "is_active": true,
        "date_joined": "2017-11-13T10:44:13.724Z",
        "name": "Instructor Two",
        "groups": [
            [
                "instructor"
            ]
        ],
        "user_permissions": []
    }
},
{
    "model": "authtools.user",
    "pk": 6,
    "fields": {
        "password": "pbkdf2_sha256$36000$QW3s2sNU1cL2$C/soQ1isU0Ogiehr627viw0zHugND6IyrTb/C1JrcXs=",
        "last_login": null,
        "is_superuser": false,
        "email": "instructor03@bogus.com",
        "is_staff": false,
        "is_active": true,
        "date_joined": "2017-11-13T10:44:13.739Z",
        "name": "Instructor Three",
        "groups": [
            [
                "instructor"
            ]
        ],
        "user_permissions": []
    }
},
{
    "model": "authtools.user",
    "pk": 7,
    "fields": {
        "password": "argon2$argon2i$v=19$m=512,t=2,p=2$QWxySVJIN242V3dP$LIvr5SElB5lCzdTRU27cgQ",
        "last_login": null,
        "is_superuser": false,
        "email": "instructor07@bogus.com",
        "is_staff": false,
        "is_active": true,
        "date_joined": "2018-09-05T02:53:47.932Z",
        "name": "User Name",
        "groups": [
            [
                "instructor"
            ]
        ],
        "user_permissions": []
    }
},
{
    "model": "authtools.user",
    "pk": 8,
    "fields": {
        "password": "argon2$argon2i$v=19$m=512,t=2,p=2$QmExNmF6dXpVcDV1$kkAjR49Gse6OWsAH9L2zvQ",
        "last_login": null,
        "is_superuser": false,
        "email": "instructor08@bogus.com",
        "is_staff": false,
        "is_active": true,
        "date_joined": "2018-09-05T02:53:47.946Z",
        "name": "User Name",
        "groups": [
            [
                "instructor"
            ]
        ],
        "user_permissions": []
    }
},
{
    "model": "authtools.user",
    "pk": 9,
    "fields": {
        "password": "boguspwd",
        "last_login": null,
        "is_superuser": false,
        "email": "student03@bogus.com",
        "is_staff": false,
        "is_active": true,
        "date_joined": "2017-11-13T10:44:13.819Z",
        "name": "",
        "groups": [],
        "user_permissions": []
    }
},
{
    "model": "authtools.user",
    "pk": 10,
    "fields": {
        "password": "argon2$argon2i$v=19$m=512,t=2,p=2$Skx2YW5lMklRaWsx$Le5eeYv44zdASfFajhK2GA",
        "last_login": null,
        "is_superuser": false,
        "email": "instructor10@bogus.com",
        "is_staff": false,
        "is_active": true,
        "date_joined": "2018-09-05T02:53:47.978Z",
        "name": "User Name",
        "groups": [
            [
                "instructor"
            ]
        ],
        "user_permissions": []
    }
},
{
    "model": "siteprefs.preference",
    "pk": 1,
    "fields": {
        "app": "email_action",
        "name": "email_host",
        "text": ""
    }
},
{
    "model": "siteprefs.preference",
    "pk": 2,
    "fields": {
        "app": "email_action",
        "name": "email_port",
        "text": ""
    }
},
{
    "model": "siteprefs.preference",
    "pk": 3,
    "fields": {
        "app": "email_action",
        "name": "email_host_user",
        "text": ""
    }
},
{
    "model": "siteprefs.preference",
    "pk": 4,
    "fields": {
        "app": "email_action",
        "name": "email_host_password",
        "text": ""
    }
},
{
    "model": "siteprefs.preference",
    "pk": 5,
    "fields": {
        "app": "email_action",
        "name": "email_use_tls",
        "text": ""
    }
},
{
    "model": "siteprefs.preference",
    "pk": 6,
    "fields": {
        "app": "email_action",
        "name": "email_use_ssl",
        "text": ""
    }
},
{
    "model": "siteprefs.preference",
    "pk": 7,
    "fields": {
        "app": "email_action",
        "name": "notification_template",
        "text": "\n<html>\n<head/>\n<body>\n<p>Dear {{ user.name }}</p>\n\n<p>This message is to inform you that on {{ email_sent_datetime }} a total of \n{{ num_messages }} emails were sent after the user {{ user.email }} executed \nthe action with name  \"{{ action.name }}\".</p> \n\n{% if filter_present %}\n<p>The action had a filter that reduced the number of messages from \n{{ num_rows }} to {{ num_selected }}.</p> \n{% else %}\n<p>All the data rows stored in the workflow were used.</p>\n{% endif %}\n\nRegards.\nThe OnTask Support Team\n</body>\n</html>\n"
    }
},
{
    "model": "siteprefs.preference",
    "pk": 8,
    "fields": {
        "app": "email_action",
        "name": "notification_subject",
        "text": "OnTask: Action executed"
    }
},
{
    "model": "siteprefs.preference",
    "pk": 9,
    "fields": {
        "app": "email_action",
        "name": "notification_sender",
        "text": "ontask@ontasklearning.org"
    }
},
{
    "model": "siteprefs.preference",
    "pk": 10,
    "fields": {
        "app": "logs",
        "name": "max_list_size",
        "text": "200"
    }
},
{
    "model": "siteprefs.preference",
    "pk": 11,
    "fields": {
        "app": "ontask",
        "name": "content_types",
        "text": "[\"text/csv\", \"application/json\", \"application/gzip\", \"application/x-gzip\"]"
    }
},
{
    "model": "siteprefs.preference",
    "pk": 12,
    "fields": {
        "app": "ontask",
        "name": "max_upload_size",
        "text": "209715200"
    }
},
{
    "model": "siteprefs.preference",
    "pk": 13,
    "fields": {
        "app": "core",
        "name": "help_url",
        "text": "html/index.html"
    }
},
{
    "model": "siteprefs.preference",
    "pk": 14,
    "fields": {
        "app": "dataops",
        "name": "plugin_directory",
        "text": "/Users/abelardopardo/ontask_B/src/plugins"
    }
},
{
    "model": "siteprefs.preference",
    "pk": 15,
    "fields": {
        "app": "action",
        "name": "email_host",
        "text": ""
    }
},
{
    "model": "siteprefs.preference",
    "pk": 16,
    "fields": {
        "app": "action",
        "name": "email_port",
        "text": ""
    }
},
{
    "model": "siteprefs.preference",
    "pk": 17,
    "fields": {
        "app": "action",
        "name": "email_host_user",
        "text": ""
    }
},
{
    "model": "siteprefs.preference",
    "pk": 18,
    "fields": {
        "app": "action",
        "name": "email_host_password",
        "text": ""
    }
},
{
    "model": "siteprefs.preference",
    "pk": 19,
    "fields": {
        "app": "action",
        "name": "email_use_tls",
        "text": ""
    }
},
{
    "model": "siteprefs.preference",
    "pk": 20,
    "fields": {
        "app": "action",
        "name": "email_use_ssl",
        "text": ""
    }
},
{
    "model": "siteprefs.preference",
    "pk": 21,
    "fields": {
        "app": "action",
        "name": "notification_template",
        "text": "<html>\r\n<head/>\r\n<body>\r\n<p>Dear {{ user.name }}</p>\r\n\r\n<p>This message is to inform you that on {{ email_sent_datetime }}  \r\n{{ num_messages }} email{% if num_messages > 1 %}s{% endif %} were sent \r\nresulting from the execution of the action with name \"{{ action.name }}\".</p> \r\n\r\n{% if filter_present %}\r\n<p>The action had a filter that reduced the number of messages from \r\n{{ num_rows }} to {{ num_selected }}.</p> \r\n{% else %}\r\n<p>All the data rows stored in the workflow table were used.</p>\r\n{% endif %}\r\n\r\nRegards.\r\nThe OnTask Support Team\r\n</body></html>"
    }
},
{
    "model": "siteprefs.preference",
    "pk": 22,
    "fields": {
        "app": "action",
        "name": "notification_subject",
        "text": "OnTask: Action executed"
    }
},
{
    "model": "siteprefs.preference",
    "pk": 23,
    "fields": {
        "app": "action",
        "name": "notification_sender",
        "text": "ontask@ontasklearning.org"
    }
},
{
    "model": "siteprefs.preference",
    "pk": 24,
    "fields": {
        "app": "core",
        "name": "minute_step",
        "text": "15"
    }
},
{
    "model": "siteprefs.preference",
    "pk": 25,
    "fields": {
        "app": "ontask",
        "name": "notification_template",
        "text": "\n<html>\n<head/>\n<body>\n<p>Dear {{ user.name }}</p>\n\n<p>This message is to inform you that on {{ email_sent_datetime }}\n{{ num_messages }} email{% if num_messages > 1 %}s{% endif %} were sent\nresulting from the execution of the action with name \"{{ action.name }}\".</p>\n\n{% if filter_present %}\n<p>The action had a filter that reduced the number of messages from\n{{ num_rows }} to {{ num_selected }}.</p>\n{% else %}\n<p>All the data rows stored in the workflow table were used.</p>\n{% endif %}\n\nRegards.\nThe OnTask Support Team\n</body></html>"
    }
},
{
    "model": "siteprefs.preference",
    "pk": 26,
    "fields": {
        "app": "ontask",
        "name": "notification_subject",
        "text": "OnTask: Action executed"
    }
},
{
    "model": "siteprefs.preference",
    "pk": 27,
    "fields": {
        "app": "ontask",
        "name": "notification_sender",
        "text": "abelardo.pardo@unisa.edu.au"
    }
},
{
    "model": "siteprefs.preference",
    "pk": 28,
    "fields": {
        "app": "ontask",
        "name": "plugin_directory",
        "text": "/Users/pardosa/ontask_b/lib/plugins"
    }
},
{
    "model": "siteprefs.preference",
    "pk": 29,
    "fields": {
        "app": "ontask",
        "name": "max_log_list_size",
        "text": "200"
    }
},
{
    "model": "siteprefs.preference",
    "pk": 30,
    "fields": {
        "app": "ontask",
        "name": "help_url",
        "text": "html/index.html"
    }
},
{
    "model": "authtoken.token",
    "pk": "c5eac9be0365a24aca40633f7ebb3556d66a7a1d",
    "fields": {
        "user": [
            "superuser@bogus.com"
        ],
        "created": "2017-11-11T20:56:38.250Z"
    }
},
{
    "model": "django_summernote.attachment",
    "pk": 1,
    "fields": {
        "name": "download.jpeg",
        "file": "django-summernote/2017-11-15/1c610ce3-ed8e-46c4-8a42-d391962ce1fb.jpeg",
        "uploaded": "2017-11-15T05:49:24.475Z"
    }
},
{
    "model": "django_summernote.attachment",
    "pk": 2,
    "fields": {
        "name": "2_10_8__Read_about_the_floating_point_representation_and_share_views_py_-_ontask_B_-____ontask_B_.png",
        "file": "django-summernote/2017-11-15/81cac62b-51a3-4cdc-9cf7-817386021c2b.png",
        "uploaded": "2017-11-15T05:51:48.392Z"
    }
},
{
    "model": "django_summernote.attachment",
    "pk": 3,
    "fields": {
        "name": "download.jpeg",
        "file": "django-summernote/2017-11-15/5aa534cf-1bcd-47ed-b9a8-2e1c9a8707bd.jpeg",
        "uploaded": "2017-11-15T05:52:38.966Z"
    }
},
{
    "model": "ontask.column",
    "pk": 2925,
    "fields": {
        "name": "sid",
        "description_text": "",
        "workflow": 108,
        "data_type": "integer",
        "is_key": true,
        "position": 3,
        "in_viz": true,
        "categories": [],
        "active_from": null,
        "active_to": null
    }
},
{
    "model": "ontask.column",
    "pk": 2926,
    "fields": {
        "name": "name",
        "description_text": "",
        "workflow": 108,
        "data_type": "string",
        "is_key": false,
        "position": 4,
        "in_viz": true,
        "categories": [],
        "active_from": null,
        "active_to": null
    }
},
{
    "model": "ontask.column",
    "pk": 2927,
    "fields": {
        "name": "email",
        "description_text": "",
        "workflow": 108,
        "data_type": "string",
        "is_key": true,
        "position": 2,
        "in_viz": true,
        "categories": [],
        "active_from": null,
        "active_to": null
    }
},
{
    "model": "ontask.column",
    "pk": 2928,
    "fields": {
        "name": "age",
        "description_text": "",
        "workflow": 108,
        "data_type": "double",
        "is_key": true,
        "position": 1,
        "in_viz": true,
        "categories": [],
        "active_from": null,
        "active_to": null
    }
},
{
    "model": "ontask.column",
    "pk": 2929,
    "fields": {
        "name": "registered",
        "description_text": "Are you registered in this course?",
        "workflow": 108,
        "data_type": "boolean",
        "is_key": false,
        "position": 5,
        "in_viz": true,
        "categories": [],
        "active_from": null,
        "active_to": null
    }
},
{
    "model": "ontask.column",
    "pk": 2930,
    "fields": {
        "name": "when",
        "description_text": "",
        "workflow": 108,
        "data_type": "datetime",
        "is_key": false,
        "position": 6,
        "in_viz": true,
        "categories": [],
        "active_from": null,
        "active_to": null
    }
},
{
    "model": "ontask.column",
    "pk": 2931,
    "fields": {
        "name": "email",
        "description_text": "",
        "workflow": 109,
        "data_type": "string",
        "is_key": true,
        "position": 1,
        "in_viz": true,
        "categories": [],
        "active_from": null,
        "active_to": null
    }
},
{
    "model": "ontask.column",
    "pk": 2932,
    "fields": {
        "name": "sid",
        "description_text": "",
        "workflow": 109,
        "data_type": "integer",
        "is_key": true,
        "position": 2,
        "in_viz": true,
        "categories": [],
        "active_from": null,
        "active_to": null
    }
},
{
    "model": "ontask.column",
    "pk": 2933,
    "fields": {
        "name": "WAM",
        "description_text": "",
        "workflow": 109,
        "data_type": "double",
        "is_key": false,
        "position": 3,
        "in_viz": true,
        "categories": [],
        "active_from": null,
        "active_to": null
    }
},
{
    "model": "ontask.column",
    "pk": 2934,
    "fields": {
        "name": "credits",
        "description_text": "",
        "workflow": 109,
        "data_type": "integer",
        "is_key": false,
        "position": 4,
        "in_viz": true,
        "categories": [],
        "active_from": null,
        "active_to": null
    }
},
{
    "model": "ontask.column",
    "pk": 2935,
    "fields": {
        "name": "days_online",
        "description_text": "",
        "workflow": 109,
        "data_type": "double",
        "is_key": false,
        "position": 5,
        "in_viz": true,
        "categories": [],
        "active_from": null,
        "active_to": null
    }
},
{
    "model": "ontask.column",
    "pk": 2936,
    "fields": {
        "name": "difficult_week01",
        "description_text": "Which concept did you find most difficult this week?",
        "workflow": 109,
        "data_type": "string",
        "is_key": false,
        "position": 6,
        "in_viz": true,
        "categories": [
            "",
            "Concept 1",
            "Concept 2",
            "Concept 3",
            "Concept 4"
        ],
        "active_from": null,
        "active_to": null
    }
},
{
    "model": "ontask.column",
    "pk": 2937,
    "fields": {
        "name": "difficult_week02",
        "description_text": "Which concept did you find most difficult this week?",
        "workflow": 109,
        "data_type": "string",
        "is_key": false,
        "position": 7,
        "in_viz": true,
        "categories": [
            "",
            "Concept 1",
            "Concept 2",
            "Concept 3",
            "Concept 4"
        ],
        "active_from": null,
        "active_to": null
    }
},
{
    "model": "ontask.column",
    "pk": 2938,
    "fields": {
        "name": "first_name",
        "description_text": "",
        "workflow": 109,
        "data_type": "string",
        "is_key": false,
        "position": 8,
        "in_viz": true,
        "categories": [],
        "active_from": null,
        "active_to": null
    }
},
{
    "model": "ontask.column",
    "pk": 2939,
    "fields": {
        "name": "first_session",
        "description_text": "",
        "workflow": 109,
        "data_type": "datetime",
        "is_key": false,
        "position": 9,
        "in_viz": true,
        "categories": [],
        "active_from": null,
        "active_to": null
    }
},
{
    "model": "ontask.column",
    "pk": 2940,
    "fields": {
        "name": "gender",
        "description_text": "",
        "workflow": 109,
        "data_type": "string",
        "is_key": false,
        "position": 10,
        "in_viz": true,
        "categories": [
            "male",
            "female"
        ],
        "active_from": null,
        "active_to": null
    }
},
{
    "model": "ontask.column",
    "pk": 2941,
    "fields": {
        "name": "group",
        "description_text": "",
        "workflow": 109,
        "data_type": "string",
        "is_key": false,
        "position": 11,
        "in_viz": true,
        "categories": [],
        "active_from": null,
        "active_to": null
    }
},
{
    "model": "ontask.column",
    "pk": 2942,
    "fields": {
        "name": "induction",
        "description_text": "",
        "workflow": 109,
        "data_type": "boolean",
        "is_key": false,
        "position": 12,
        "in_viz": true,
        "categories": [],
        "active_from": null,
        "active_to": null
    }
},
{
    "model": "ontask.column",
    "pk": 2943,
    "fields": {
        "name": "last_name",
        "description_text": "",
        "workflow": 109,
        "data_type": "string",
        "is_key": false,
        "position": 13,
        "in_viz": true,
        "categories": [],
        "active_from": null,
        "active_to": null
    }
},
{
    "model": "ontask.column",
    "pk": 2944,
    "fields": {
        "name": "mt_total",
        "description_text": "",
        "workflow": 109,
        "data_type": "double",
        "is_key": false,
        "position": 14,
        "in_viz": true,
        "categories": [],
        "active_from": null,
        "active_to": null
    }
},
{
    "model": "ontask.column",
    "pk": 2945,
    "fields": {
        "name": "q01",
        "description_text": "",
        "workflow": 109,
        "data_type": "integer",
        "is_key": false,
        "position": 15,
        "in_viz": true,
        "categories": [],
        "active_from": null,
        "active_to": null
    }
},
{
    "model": "ontask.column",
    "pk": 2946,
    "fields": {
        "name": "q02",
        "description_text": "",
        "workflow": 109,
        "data_type": "integer",
        "is_key": false,
        "position": 16,
        "in_viz": true,
        "categories": [],
        "active_from": null,
        "active_to": null
    }
},
{
    "model": "ontask.column",
    "pk": 2947,
    "fields": {
        "name": "q03",
        "description_text": "",
        "workflow": 109,
        "data_type": "integer",
        "is_key": false,
        "position": 17,
        "in_viz": true,
        "categories": [],
        "active_from": null,
        "active_to": null
    }
},
{
    "model": "ontask.column",
    "pk": 2948,
    "fields": {
        "name": "q04",
        "description_text": "",
        "workflow": 109,
        "data_type": "integer",
        "is_key": false,
        "position": 18,
        "in_viz": true,
        "categories": [],
        "active_from": null,
        "active_to": null
    }
},
{
    "model": "ontask.column",
    "pk": 2949,
    "fields": {
        "name": "q05",
        "description_text": "",
        "workflow": 109,
        "data_type": "integer",
        "is_key": false,
        "position": 19,
        "in_viz": true,
        "categories": [],
        "active_from": null,
        "active_to": null
    }
},
{
    "model": "ontask.column",
    "pk": 2950,
    "fields": {
        "name": "q06",
        "description_text": "",
        "workflow": 109,
        "data_type": "integer",
        "is_key": false,
        "position": 20,
        "in_viz": true,
        "categories": [],
        "active_from": null,
        "active_to": null
    }
},
{
    "model": "ontask.column",
    "pk": 2951,
    "fields": {
        "name": "q07",
        "description_text": "",
        "workflow": 109,
        "data_type": "integer",
        "is_key": false,
        "position": 21,
        "in_viz": true,
        "categories": [],
        "active_from": null,
        "active_to": null
    }
},
{
    "model": "ontask.column",
    "pk": 2952,
    "fields": {
        "name": "q08",
        "description_text": "",
        "workflow": 109,
        "data_type": "integer",
        "is_key": false,
        "position": 22,
        "in_viz": true,
        "categories": [],
        "active_from": null,
        "active_to": null
    }
},
{
    "model": "ontask.column",
    "pk": 2953,
    "fields": {
        "name": "q09",
        "description_text": "",
        "workflow": 109,
        "data_type": "integer",
        "is_key": false,
        "position": 23,
        "in_viz": true,
        "categories": [],
        "active_from": null,
        "active_to": null
    }
},
{
    "model": "ontask.column",
    "pk": 2954,
    "fields": {
        "name": "q10",
        "description_text": "",
        "workflow": 109,
        "data_type": "integer",
        "is_key": false,
        "position": 24,
        "in_viz": true,
        "categories": [],
        "active_from": null,
        "active_to": null
    }
},
{
    "model": "ontask.column",
    "pk": 2955,
    "fields": {
        "name": "took_mt",
        "description_text": "",
        "workflow": 109,
        "data_type": "boolean",
        "is_key": false,
        "position": 25,
        "in_viz": true,
        "categories": [],
        "active_from": null,
        "active_to": null
    }
},
{
    "model": "ontask.column",
    "pk": 2956,
    "fields": {
        "name": "video_1",
        "description_text": "",
        "workflow": 109,
        "data_type": "integer",
        "is_key": false,
        "position": 26,
        "in_viz": true,
        "categories": [],
        "active_from": null,
        "active_to": null
    }
},
{
    "model": "ontask.column",
    "pk": 2957,
    "fields": {
        "name": "video_2",
        "description_text": "",
        "workflow": 109,
        "data_type": "integer",
        "is_key": false,
        "position": 27,
        "in_viz": true,
        "categories": [],
        "active_from": null,
        "active_to": null
    }
},
{
    "model": "ontask.column",
    "pk": 2958,
    "fields": {
        "name": "video_3",
        "description_text": "",
        "workflow": 109,
        "data_type": "integer",
        "is_key": false,
        "position": 28,
        "in_viz": true,
        "categories": [],
        "active_from": null,
        "active_to": null
    }
},
{
    "model": "ontask.condition",
    "pk": 1037,
    "fields": {
        "action": 253,
        "name": "old",
        "description_text": "",
        "formula": {
            "not": false,
            "rules": [
                {
                    "id": "age",
                    "type": "double",
                    "field": "age",
                    "input": "number",
                    "value": "12",
                    "operator": "greater"
                }
            ],
            "valid": true,
            "condition": "AND"
        },
        "formula_text": "age &gt; 12.0 and not empty",
        "n_rows_selected": 2,
        "is_filter": true,
        "created": "2017-12-08T01:29:51.431Z",
        "modified": "2019-09-01T07:06:07.116Z",
        "columns": []
    }
},
{
    "model": "ontask.condition",
    "pk": 1038,
    "fields": {
        "action": 253,
        "name": "Registered",
        "description_text": "",
        "formula": {
            "not": false,
            "rules": [
                {
                    "id": "registered",
                    "type": "string",
                    "field": "registered",
                    "input": "select",
                    "value": "true",
                    "operator": "equal"
                }
            ],
            "valid": true,
            "condition": "AND"
        },
        "formula_text": "registered &equals; true and not empty",
        "n_rows_selected": 1,
        "is_filter": false,
        "created": "2017-12-08T01:33:21.687Z",
        "modified": "2019-09-01T07:06:07.242Z",
        "columns": []
    }
},
{
    "model": "ontask.condition",
    "pk": 1039,
    "fields": {
        "action": 255,
        "name": "",
        "description_text": "",
        "formula": {
            "not": false,
            "rules": [
                {
                    "id": "registered",
                    "type": "string",
                    "field": "registered",
                    "input": "select",
                    "value": "true",
                    "operator": "equal"
                }
            ],
            "valid": true,
            "condition": "AND"
        },
        "formula_text": "",
        "n_rows_selected": 1,
        "is_filter": true,
        "created": "2019-08-26T09:42:30.643Z",
        "modified": "2019-09-01T07:06:07.601Z",
        "columns": [
            2929
        ]
    }
},
{
    "model": "ontask.condition",
    "pk": 1040,
    "fields": {
        "action": 257,
        "name": "",
        "description_text": "",
        "formula": {
            "not": false,
            "rules": [
                {
                    "id": "registered",
                    "type": "string",
                    "field": "registered",
                    "input": "select",
                    "value": "true",
                    "operator": "equal"
                }
            ],
            "valid": true,
            "condition": "AND"
        },
        "formula_text": "registered &equals; true and not empty",
        "n_rows_selected": 1,
        "is_filter": true,
        "created": "2019-08-30T07:36:23.571Z",
        "modified": "2019-09-01T07:06:07.400Z",
        "columns": [
            2929
        ]
    }
},
{
    "model": "ontask.condition",
    "pk": 1041,
    "fields": {
        "action": 259,
        "name": "Concept_1",
        "description_text": "Resources for Concept 1",
        "formula": {
            "not": false,
            "rules": [
                {
                    "id": "difficult_week01",
                    "type": "string",
                    "field": "difficult_week01",
                    "input": "select",
                    "value": "Concept 1",
                    "operator": "equal"
                }
            ],
            "valid": true,
            "condition": "AND"
        },
        "formula_text": "",
        "n_rows_selected": 0,
        "is_filter": false,
        "created": "2019-08-31T12:10:22.405Z",
        "modified": "2019-08-31T12:10:22.694Z",
        "columns": [
            2936
        ]
    }
},
{
    "model": "ontask.condition",
    "pk": 1042,
    "fields": {
        "action": 259,
        "name": "Concept_2",
        "description_text": "Resources for Concept 2",
        "formula": {
            "not": false,
            "rules": [
                {
                    "id": "difficult_week01",
                    "type": "string",
                    "field": "difficult_week01",
                    "input": "select",
                    "value": "Concept 2",
                    "operator": "equal"
                }
            ],
            "valid": true,
            "condition": "AND"
        },
        "formula_text": "",
        "n_rows_selected": 0,
        "is_filter": false,
        "created": "2019-08-31T12:10:22.773Z",
        "modified": "2019-08-31T12:10:23.356Z",
        "columns": [
            2936
        ]
    }
},
{
    "model": "ontask.condition",
    "pk": 1043,
    "fields": {
        "action": 259,
        "name": "Concept_3",
        "description_text": "Resources for Concept 3",
        "formula": {
            "not": false,
            "rules": [
                {
                    "id": "difficult_week01",
                    "type": "string",
                    "field": "difficult_week01",
                    "input": "select",
                    "value": "Concept 3",
                    "operator": "equal"
                }
            ],
            "valid": true,
            "condition": "AND"
        },
        "formula_text": "",
        "n_rows_selected": 0,
        "is_filter": false,
        "created": "2019-08-31T12:10:23.504Z",
        "modified": "2019-08-31T12:10:24.494Z",
        "columns": [
            2936
        ]
    }
},
{
    "model": "ontask.condition",
    "pk": 1044,
    "fields": {
        "action": 259,
        "name": "Concept_4",
        "description_text": "Resources for Concept 4",
        "formula": {
            "not": false,
            "rules": [
                {
                    "id": "difficult_week01",
                    "type": "string",
                    "field": "difficult_week01",
                    "input": "select",
                    "value": "Concept 4",
                    "operator": "equal"
                }
            ],
            "valid": true,
            "condition": "AND"
        },
        "formula_text": "",
        "n_rows_selected": 0,
        "is_filter": false,
        "created": "2019-08-31T12:10:24.638Z",
        "modified": "2019-08-31T12:10:25.511Z",
        "columns": [
            2936
        ]
    }
},
{
    "model": "ontask.condition",
    "pk": 1045,
    "fields": {
        "action": 260,
        "name": "No_videos",
        "description_text": "No video activity",
        "formula": {
            "not": false,
            "rules": [
                {
                    "id": "video_1",
                    "type": "integer",
                    "field": "video_1",
                    "input": "number",
                    "value": "0",
                    "operator": "equal"
                },
                {
                    "id": "video_2",
                    "type": "integer",
                    "field": "video_2",
                    "input": "number",
                    "value": "0",
                    "operator": "equal"
                },
                {
                    "id": "video_3",
                    "type": "integer",
                    "field": "video_3",
                    "input": "number",
                    "value": "0",
                    "operator": "equal"
                }
            ],
            "valid": true,
            "condition": "AND"
        },
        "formula_text": "",
        "n_rows_selected": 1,
        "is_filter": false,
        "created": "2019-08-31T12:10:25.685Z",
        "modified": "2019-08-31T12:10:26.199Z",
        "columns": [
            2956,
            2957,
            2958
        ]
    }
},
{
    "model": "ontask.condition",
    "pk": 1046,
    "fields": {
        "action": 260,
        "name": "One_video",
        "description_text": "Activity detected in only one video",
        "formula": {
            "not": false,
            "rules": [
                {
                    "not": false,
                    "rules": [
                        {
                            "id": "video_1",
                            "type": "integer",
                            "field": "video_1",
                            "input": "number",
                            "value": "1",
                            "operator": "equal"
                        },
                        {
                            "id": "video_2",
                            "type": "integer",
                            "field": "video_2",
                            "input": "number",
                            "value": "0",
                            "operator": "equal"
                        },
                        {
                            "id": "video_3",
                            "type": "integer",
                            "field": "video_3",
                            "input": "number",
                            "value": "0",
                            "operator": "equal"
                        }
                    ],
                    "condition": "AND"
                },
                {
                    "not": false,
                    "rules": [
                        {
                            "id": "video_1",
                            "type": "integer",
                            "field": "video_1",
                            "input": "number",
                            "value": "0",
                            "operator": "equal"
                        },
                        {
                            "id": "video_2",
                            "type": "integer",
                            "field": "video_2",
                            "input": "number",
                            "value": "1",
                            "operator": "equal"
                        },
                        {
                            "id": "video_3",
                            "type": "integer",
                            "field": "video_3",
                            "input": "number",
                            "value": "0",
                            "operator": "equal"
                        }
                    ],
                    "condition": "AND"
                },
                {
                    "not": false,
                    "rules": [
                        {
                            "id": "video_1",
                            "type": "integer",
                            "field": "video_1",
                            "input": "number",
                            "value": "0",
                            "operator": "equal"
                        },
                        {
                            "id": "video_2",
                            "type": "integer",
                            "field": "video_2",
                            "input": "number",
                            "value": "0",
                            "operator": "equal"
                        },
                        {
                            "id": "video_3",
                            "type": "integer",
                            "field": "video_3",
                            "input": "number",
                            "value": "1",
                            "operator": "equal"
                        }
                    ],
                    "condition": "AND"
                }
            ],
            "valid": true,
            "condition": "OR"
        },
        "formula_text": "",
        "n_rows_selected": 5,
        "is_filter": false,
        "created": "2019-08-31T12:10:26.292Z",
        "modified": "2019-08-31T12:10:26.613Z",
        "columns": [
            2956,
            2957,
            2958
        ]
    }
},
{
    "model": "ontask.condition",
    "pk": 1047,
    "fields": {
        "action": 260,
        "name": "Two_videos",
        "description_text": "Activity detected in two videos",
        "formula": {
            "not": false,
            "rules": [
                {
                    "not": false,
                    "rules": [
                        {
                            "id": "video_1",
                            "type": "integer",
                            "field": "video_1",
                            "input": "number",
                            "value": "1",
                            "operator": "equal"
                        },
                        {
                            "id": "video_2",
                            "type": "integer",
                            "field": "video_2",
                            "input": "number",
                            "value": "1",
                            "operator": "equal"
                        },
                        {
                            "id": "video_3",
                            "type": "integer",
                            "field": "video_3",
                            "input": "number",
                            "value": "0",
                            "operator": "equal"
                        }
                    ],
                    "condition": "AND"
                },
                {
                    "not": false,
                    "rules": [
                        {
                            "id": "video_1",
                            "type": "integer",
                            "field": "video_1",
                            "input": "number",
                            "value": "1",
                            "operator": "equal"
                        },
                        {
                            "id": "video_2",
                            "type": "integer",
                            "field": "video_2",
                            "input": "number",
                            "value": "0",
                            "operator": "equal"
                        },
                        {
                            "id": "video_3",
                            "type": "integer",
                            "field": "video_3",
                            "input": "number",
                            "value": "1",
                            "operator": "equal"
                        }
                    ],
                    "condition": "AND"
                },
                {
                    "not": false,
                    "rules": [
                        {
                            "id": "video_1",
                            "type": "integer",
                            "field": "video_1",
                            "input": "number",
                            "value": "0",
                            "operator": "equal"
                        },
                        {
                            "id": "video_2",
                            "type": "integer",
                            "field": "video_2",
                            "input": "number",
                            "value": "1",
                            "operator": "equal"
                        },
                        {
                            "id": "video_3",
                            "type": "integer",
                            "field": "video_3",
                            "input": "number",
                            "value": "1",
                            "operator": "equal"
                        }
                    ],
                    "condition": "AND"
                }
            ],
            "valid": true,
            "condition": "OR"
        },
        "formula_text": "",
        "n_rows_selected": 4,
        "is_filter": false,
        "created": "2019-08-31T12:10:26.656Z",
        "modified": "2019-08-31T12:10:26.910Z",
        "columns": [
            2956,
            2957,
            2958
        ]
    }
},
{
    "model": "ontask.condition",
    "pk": 1048,
    "fields": {
        "action": 260,
        "name": "Three_videos",
        "description_text": "All three videos were watched",
        "formula": {
            "not": false,
            "rules": [
                {
                    "id": "video_1",
                    "type": "integer",
                    "field": "video_1",
                    "input": "number",
                    "value": "1",
                    "operator": "equal"
                },
                {
                    "id": "video_2",
                    "type": "integer",
                    "field": "video_2",
                    "input": "number",
                    "value": "1",
                    "operator": "equal"
                },
                {
                    "id": "video_3",
                    "type": "integer",
                    "field": "video_3",
                    "input": "number",
                    "value": "1",
                    "operator": "equal"
                }
            ],
            "valid": true,
            "condition": "AND"
        },
        "formula_text": "",
        "n_rows_selected": 2,
        "is_filter": false,
        "created": "2019-08-31T12:10:26.947Z",
        "modified": "2019-08-31T12:10:27.333Z",
        "columns": [
            2956,
            2957,
            2958
        ]
    }
},
{
    "model": "ontask.condition",
    "pk": 1049,
    "fields": {
        "action": 261,
        "name": "Only those with one video missing",
        "description_text": "",
        "formula": {
            "not": true,
            "rules": [
                {
                    "id": "video_1",
                    "type": "integer",
                    "field": "video_1",
                    "input": "number",
                    "value": "1",
                    "operator": "equal"
                },
                {
                    "id": "video_2",
                    "type": "integer",
                    "field": "video_2",
                    "input": "number",
                    "value": "1",
                    "operator": "equal"
                },
                {
                    "id": "video_3",
                    "type": "integer",
                    "field": "video_3",
                    "input": "number",
                    "value": "1",
                    "operator": "equal"
                }
            ],
            "valid": true,
            "condition": "AND"
        },
        "formula_text": "",
        "n_rows_selected": 10,
        "is_filter": true,
        "created": "2019-08-31T12:10:27.507Z",
        "modified": "2019-08-31T12:10:28.060Z",
        "columns": [
            2956,
            2957,
            2958
        ]
    }
},
{
    "model": "ontask.condition",
    "pk": 1050,
    "fields": {
        "action": 261,
        "name": "No_Video_1",
        "description_text": "Didn't watch Video 1",
        "formula": {
            "not": false,
            "rules": [
                {
                    "id": "video_1",
                    "type": "integer",
                    "field": "video_1",
                    "input": "number",
                    "value": "0",
                    "operator": "equal"
                }
            ],
            "valid": true,
            "condition": "AND"
        },
        "formula_text": "",
        "n_rows_selected": 4,
        "is_filter": false,
        "created": "2019-08-31T12:10:28.128Z",
        "modified": "2019-08-31T12:10:28.457Z",
        "columns": [
            2956
        ]
    }
},
{
    "model": "ontask.condition",
    "pk": 1051,
    "fields": {
        "action": 261,
        "name": "No_Video_2",
        "description_text": "Didn't watch Video 2",
        "formula": {
            "not": false,
            "rules": [
                {
                    "id": "video_2",
                    "type": "integer",
                    "field": "video_2",
                    "input": "number",
                    "value": "0",
                    "operator": "equal"
                }
            ],
            "valid": true,
            "condition": "AND"
        },
        "formula_text": "",
        "n_rows_selected": 5,
        "is_filter": false,
        "created": "2019-08-31T12:10:28.493Z",
        "modified": "2019-08-31T12:10:28.781Z",
        "columns": [
            2957
        ]
    }
},
{
    "model": "ontask.condition",
    "pk": 1052,
    "fields": {
        "action": 261,
        "name": "No_Video_3",
        "description_text": "Didn't watch Video 3",
        "formula": {
            "not": false,
            "rules": [
                {
                    "id": "video_3",
                    "type": "integer",
                    "field": "video_3",
                    "input": "number",
                    "value": "0",
                    "operator": "equal"
                }
            ],
            "valid": true,
            "condition": "AND"
        },
        "formula_text": "",
        "n_rows_selected": 8,
        "is_filter": false,
        "created": "2019-08-31T12:10:28.865Z",
        "modified": "2019-08-31T12:10:29.143Z",
        "columns": [
            2958
        ]
    }
},
{
    "model": "ontask.condition",
    "pk": 1053,
    "fields": {
        "action": 264,
        "name": "Students that took the midterm",
        "description_text": "Consider only those students that took the midterm examination.",
        "formula": {
            "not": false,
            "rules": [
                {
                    "id": "took_mt",
                    "type": "string",
                    "field": "took_mt",
                    "input": "select",
                    "value": "true",
                    "operator": "equal"
                }
            ],
            "valid": true,
            "condition": "AND"
        },
        "formula_text": "took_mt &equals; true and not empty",
        "n_rows_selected": 10,
        "is_filter": true,
        "created": "2019-08-31T12:10:29.818Z",
        "modified": "2019-08-31T12:11:21.228Z",
        "columns": [
            2955
        ]
    }
},
{
    "model": "ontask.condition",
    "pk": 1054,
    "fields": {
        "action": 264,
        "name": "T1_LOW",
        "description_text": "Low score in topic 1",
        "formula": {
            "not": false,
            "rules": [
                {
                    "id": "q01",
                    "type": "integer",
                    "field": "q01",
                    "input": "number",
                    "value": "0",
                    "operator": "equal"
                },
                {
                    "id": "q02",
                    "type": "integer",
                    "field": "q02",
                    "input": "number",
                    "value": "0",
                    "operator": "equal"
                }
            ],
            "valid": true,
            "condition": "AND"
        },
        "formula_text": "(q01 &equals; 0 and not empty) AND (q02 &equals; 0 and not empty)",
        "n_rows_selected": 4,
        "is_filter": false,
        "created": "2019-08-31T12:10:30.339Z",
        "modified": "2019-08-31T12:11:21.507Z",
        "columns": [
            2945,
            2946
        ]
    }
},
{
    "model": "ontask.condition",
    "pk": 1055,
    "fields": {
        "action": 264,
        "name": "T2_LOW",
        "description_text": "Low score in topic 2",
        "formula": {
            "not": false,
            "rules": [
                {
                    "id": "q03",
                    "type": "integer",
                    "field": "q03",
                    "input": "number",
                    "value": "0",
                    "operator": "equal"
                },
                {
                    "id": "q04",
                    "type": "integer",
                    "field": "q04",
                    "input": "number",
                    "value": "0",
                    "operator": "equal"
                }
            ],
            "valid": true,
            "condition": "AND"
        },
        "formula_text": "(q03 &equals; 0 and not empty) AND (q04 &equals; 0 and not empty)",
        "n_rows_selected": 5,
        "is_filter": false,
        "created": "2019-08-31T12:10:30.762Z",
        "modified": "2019-08-31T12:11:21.653Z",
        "columns": [
            2947,
            2948
        ]
    }
},
{
    "model": "ontask.condition",
    "pk": 1056,
    "fields": {
        "action": 264,
        "name": "T3_LOW",
        "description_text": "Low score in topic 3",
        "formula": {
            "not": false,
            "rules": [
                {
                    "id": "q05",
                    "type": "integer",
                    "field": "q05",
                    "input": "number",
                    "value": "0",
                    "operator": "equal"
                },
                {
                    "id": "q06",
                    "type": "integer",
                    "field": "q06",
                    "input": "number",
                    "value": "0",
                    "operator": "equal"
                }
            ],
            "valid": true,
            "condition": "AND"
        },
        "formula_text": "(q05 &equals; 0 and not empty) AND (q06 &equals; 0 and not empty)",
        "n_rows_selected": 4,
        "is_filter": false,
        "created": "2019-08-31T12:10:31.062Z",
        "modified": "2019-08-31T12:11:21.802Z",
        "columns": [
            2949,
            2950
        ]
    }
},
{
    "model": "ontask.condition",
    "pk": 1057,
    "fields": {
        "action": 264,
        "name": "T4_LOW",
        "description_text": "Low score in topic 4",
        "formula": {
            "not": false,
            "rules": [
                {
                    "id": "q07",
                    "type": "integer",
                    "field": "q07",
                    "input": "number",
                    "value": "0",
                    "operator": "equal"
                },
                {
                    "id": "q08",
                    "type": "integer",
                    "field": "q08",
                    "input": "number",
                    "value": "0",
                    "operator": "equal"
                }
            ],
            "valid": true,
            "condition": "AND"
        },
        "formula_text": "(q07 &equals; 0 and not empty) AND (q08 &equals; 0 and not empty)",
        "n_rows_selected": 5,
        "is_filter": false,
        "created": "2019-08-31T12:10:31.597Z",
        "modified": "2019-08-31T12:11:22.002Z",
        "columns": [
            2951,
            2952
        ]
    }
},
{
    "model": "ontask.condition",
    "pk": 1058,
    "fields": {
        "action": 264,
        "name": "T5_LOW",
        "description_text": "Low score in topic 5",
        "formula": {
            "not": false,
            "rules": [
                {
                    "id": "q09",
                    "type": "integer",
                    "field": "q09",
                    "input": "number",
                    "value": "0",
                    "operator": "equal"
                },
                {
                    "id": "q10",
                    "type": "integer",
                    "field": "q10",
                    "input": "number",
                    "value": "0",
                    "operator": "equal"
                }
            ],
            "valid": true,
            "condition": "AND"
        },
        "formula_text": "(q09 &equals; 0 and not empty) AND (q10 &equals; 0 and not empty)",
        "n_rows_selected": 5,
        "is_filter": false,
        "created": "2019-08-31T12:10:32.179Z",
        "modified": "2019-08-31T12:11:22.358Z",
        "columns": [
            2953,
            2954
        ]
    }
},
{
    "model": "ontask.condition",
    "pk": 1059,
    "fields": {
        "action": 264,
        "name": "T1_MID",
        "description_text": "One answer was correctly answered for topic 1",
        "formula": {
            "not": false,
            "rules": [
                {
                    "not": false,
                    "rules": [
                        {
                            "id": "q01",
                            "type": "integer",
                            "field": "q01",
                            "input": "number",
                            "value": "0",
                            "operator": "equal"
                        },
                        {
                            "id": "q02",
                            "type": "integer",
                            "field": "q02",
                            "input": "number",
                            "value": "1",
                            "operator": "equal"
                        }
                    ],
                    "condition": "AND"
                },
                {
                    "not": false,
                    "rules": [
                        {
                            "id": "q01",
                            "type": "integer",
                            "field": "q01",
                            "input": "number",
                            "value": "1",
                            "operator": "equal"
                        },
                        {
                            "id": "q02",
                            "type": "integer",
                            "field": "q02",
                            "input": "number",
                            "value": "0",
                            "operator": "equal"
                        }
                    ],
                    "condition": "AND"
                }
            ],
            "valid": true,
            "condition": "OR"
        },
        "formula_text": "((q01 &equals; 0 and not empty) AND (q02 &equals; 1 and not empty)) OR ((q01 &equals; 1 and not empty) AND (q02 &equals; 0 and not empty))",
        "n_rows_selected": 4,
        "is_filter": false,
        "created": "2019-08-31T12:10:32.669Z",
        "modified": "2019-08-31T12:11:21.558Z",
        "columns": [
            2945,
            2946
        ]
    }
},
{
    "model": "ontask.condition",
    "pk": 1060,
    "fields": {
        "action": 264,
        "name": "T2_MID",
        "description_text": "One answer was correctly answered for topic 2",
        "formula": {
            "not": false,
            "rules": [
                {
                    "not": false,
                    "rules": [
                        {
                            "id": "q03",
                            "type": "integer",
                            "field": "q03",
                            "input": "number",
                            "value": "0",
                            "operator": "equal"
                        },
                        {
                            "id": "q04",
                            "type": "integer",
                            "field": "q04",
                            "input": "number",
                            "value": "1",
                            "operator": "equal"
                        }
                    ],
                    "condition": "AND"
                },
                {
                    "not": false,
                    "rules": [
                        {
                            "id": "q03",
                            "type": "integer",
                            "field": "q03",
                            "input": "number",
                            "value": "1",
                            "operator": "equal"
                        },
                        {
                            "id": "q04",
                            "type": "integer",
                            "field": "q04",
                            "input": "number",
                            "value": "0",
                            "operator": "equal"
                        }
                    ],
                    "condition": "AND"
                }
            ],
            "valid": true,
            "condition": "OR"
        },
        "formula_text": "((q03 &equals; 0 and not empty) AND (q04 &equals; 1 and not empty)) OR ((q03 &equals; 1 and not empty) AND (q04 &equals; 0 and not empty))",
        "n_rows_selected": 7,
        "is_filter": false,
        "created": "2019-08-31T12:10:32.992Z",
        "modified": "2019-08-31T12:11:21.702Z",
        "columns": [
            2947,
            2948
        ]
    }
},
{
    "model": "ontask.condition",
    "pk": 1061,
    "fields": {
        "action": 264,
        "name": "T3_MID",
        "description_text": "One answer was correctly answered for topic 3",
        "formula": {
            "not": false,
            "rules": [
                {
                    "not": false,
                    "rules": [
                        {
                            "id": "q05",
                            "type": "integer",
                            "field": "q05",
                            "input": "number",
                            "value": "0",
                            "operator": "equal"
                        },
                        {
                            "id": "q06",
                            "type": "integer",
                            "field": "q06",
                            "input": "number",
                            "value": "1",
                            "operator": "equal"
                        }
                    ],
                    "condition": "AND"
                },
                {
                    "not": false,
                    "rules": [
                        {
                            "id": "q05",
                            "type": "integer",
                            "field": "q05",
                            "input": "number",
                            "value": "1",
                            "operator": "equal"
                        },
                        {
                            "id": "q06",
                            "type": "integer",
                            "field": "q06",
                            "input": "number",
                            "value": "0",
                            "operator": "equal"
                        }
                    ],
                    "condition": "AND"
                }
            ],
            "valid": true,
            "condition": "OR"
        },
        "formula_text": "((q05 &equals; 0 and not empty) AND (q06 &equals; 1 and not empty)) OR ((q05 &equals; 1 and not empty) AND (q06 &equals; 0 and not empty))",
        "n_rows_selected": 6,
        "is_filter": false,
        "created": "2019-08-31T12:10:33.689Z",
        "modified": "2019-08-31T12:11:21.848Z",
        "columns": [
            2949,
            2950
        ]
    }
},
{
    "model": "ontask.condition",
    "pk": 1062,
    "fields": {
        "action": 264,
        "name": "T4_MID",
        "description_text": "One answer was correctly answered for topic 4",
        "formula": {
            "not": false,
            "rules": [
                {
                    "not": false,
                    "rules": [
                        {
                            "id": "q07",
                            "type": "integer",
                            "field": "q07",
                            "input": "number",
                            "value": "0",
                            "operator": "equal"
                        },
                        {
                            "id": "q08",
                            "type": "integer",
                            "field": "q08",
                            "input": "number",
                            "value": "1",
                            "operator": "equal"
                        }
                    ],
                    "condition": "AND"
                },
                {
                    "not": false,
                    "rules": [
                        {
                            "id": "q07",
                            "type": "integer",
                            "field": "q07",
                            "input": "number",
                            "value": "1",
                            "operator": "equal"
                        },
                        {
                            "id": "q08",
                            "type": "integer",
                            "field": "q08",
                            "input": "number",
                            "value": "0",
                            "operator": "equal"
                        }
                    ],
                    "condition": "AND"
                }
            ],
            "valid": true,
            "condition": "OR"
        },
        "formula_text": "((q07 &equals; 0 and not empty) AND (q08 &equals; 1 and not empty)) OR ((q07 &equals; 1 and not empty) AND (q08 &equals; 0 and not empty))",
        "n_rows_selected": 4,
        "is_filter": false,
        "created": "2019-08-31T12:10:34.735Z",
        "modified": "2019-08-31T12:11:22.114Z",
        "columns": [
            2951,
            2952
        ]
    }
},
{
    "model": "ontask.condition",
    "pk": 1063,
    "fields": {
        "action": 264,
        "name": "T5_MID",
        "description_text": "One answer was correctly answered for topic 5",
        "formula": {
            "not": false,
            "rules": [
                {
                    "not": false,
                    "rules": [
                        {
                            "id": "q09",
                            "type": "integer",
                            "field": "q09",
                            "input": "number",
                            "value": "0",
                            "operator": "equal"
                        },
                        {
                            "id": "q10",
                            "type": "integer",
                            "field": "q10",
                            "input": "number",
                            "value": "1",
                            "operator": "equal"
                        }
                    ],
                    "condition": "AND"
                },
                {
                    "not": false,
                    "rules": [
                        {
                            "id": "q09",
                            "type": "integer",
                            "field": "q09",
                            "input": "number",
                            "value": "1",
                            "operator": "equal"
                        },
                        {
                            "id": "q10",
                            "type": "integer",
                            "field": "q10",
                            "input": "number",
                            "value": "0",
                            "operator": "equal"
                        }
                    ],
                    "condition": "AND"
                }
            ],
            "valid": true,
            "condition": "OR"
        },
        "formula_text": "((q09 &equals; 0 and not empty) AND (q10 &equals; 1 and not empty)) OR ((q09 &equals; 1 and not empty) AND (q10 &equals; 0 and not empty))",
        "n_rows_selected": 4,
        "is_filter": false,
        "created": "2019-08-31T12:10:35.296Z",
        "modified": "2019-08-31T12:11:22.453Z",
        "columns": [
            2953,
            2954
        ]
    }
},
{
    "model": "ontask.condition",
    "pk": 1064,
    "fields": {
        "action": 264,
        "name": "T1_HIGH",
        "description_text": "High score in topic 1",
        "formula": {
            "not": false,
            "rules": [
                {
                    "id": "q01",
                    "type": "integer",
                    "field": "q01",
                    "input": "number",
                    "value": "1",
                    "operator": "equal"
                },
                {
                    "id": "q02",
                    "type": "integer",
                    "field": "q02",
                    "input": "number",
                    "value": "1",
                    "operator": "equal"
                }
            ],
            "valid": true,
            "condition": "AND"
        },
        "formula_text": "(q01 &equals; 1 and not empty) AND (q02 &equals; 1 and not empty)",
        "n_rows_selected": 4,
        "is_filter": false,
        "created": "2019-08-31T12:10:36.113Z",
        "modified": "2019-08-31T12:11:21.455Z",
        "columns": [
            2945,
            2946
        ]
    }
},
{
    "model": "ontask.condition",
    "pk": 1065,
    "fields": {
        "action": 264,
        "name": "T2_HIGH",
        "description_text": "High score in topic 2",
        "formula": {
            "not": false,
            "rules": [
                {
                    "id": "q03",
                    "type": "integer",
                    "field": "q03",
                    "input": "number",
                    "value": "1",
                    "operator": "equal"
                },
                {
                    "id": "q04",
                    "type": "integer",
                    "field": "q04",
                    "input": "number",
                    "value": "1",
                    "operator": "equal"
                }
            ],
            "valid": true,
            "condition": "AND"
        },
        "formula_text": "(q03 &equals; 1 and not empty) AND (q04 &equals; 1 and not empty)",
        "n_rows_selected": 0,
        "is_filter": false,
        "created": "2019-08-31T12:10:36.636Z",
        "modified": "2019-08-31T12:11:21.606Z",
        "columns": [
            2947,
            2948
        ]
    }
},
{
    "model": "ontask.condition",
    "pk": 1066,
    "fields": {
        "action": 264,
        "name": "T3_HIGH",
        "description_text": "High score in topic 3",
        "formula": {
            "not": false,
            "rules": [
                {
                    "id": "q05",
                    "type": "integer",
                    "field": "q05",
                    "input": "number",
                    "value": "1",
                    "operator": "equal"
                },
                {
                    "id": "q06",
                    "type": "integer",
                    "field": "q06",
                    "input": "number",
                    "value": "1",
                    "operator": "equal"
                }
            ],
            "valid": true,
            "condition": "AND"
        },
        "formula_text": "(q05 &equals; 1 and not empty) AND (q06 &equals; 1 and not empty)",
        "n_rows_selected": 2,
        "is_filter": false,
        "created": "2019-08-31T12:10:36.992Z",
        "modified": "2019-08-31T12:11:21.750Z",
        "columns": [
            2949,
            2950
        ]
    }
},
{
    "model": "ontask.condition",
    "pk": 1067,
    "fields": {
        "action": 264,
        "name": "T4_HIGH",
        "description_text": "High score in topic 4",
        "formula": {
            "not": false,
            "rules": [
                {
                    "id": "q07",
                    "type": "integer",
                    "field": "q07",
                    "input": "number",
                    "value": "1",
                    "operator": "equal"
                },
                {
                    "id": "q08",
                    "type": "integer",
                    "field": "q08",
                    "input": "number",
                    "value": "1",
                    "operator": "equal"
                }
            ],
            "valid": true,
            "condition": "AND"
        },
        "formula_text": "(q07 &equals; 1 and not empty) AND (q08 &equals; 1 and not empty)",
        "n_rows_selected": 3,
        "is_filter": false,
        "created": "2019-08-31T12:10:37.390Z",
        "modified": "2019-08-31T12:11:21.896Z",
        "columns": [
            2951,
            2952
        ]
    }
},
{
    "model": "ontask.condition",
    "pk": 1068,
    "fields": {
        "action": 264,
        "name": "T5_HIGH",
        "description_text": "High score in topic 5",
        "formula": {
            "not": false,
            "rules": [
                {
                    "id": "q09",
                    "type": "integer",
                    "field": "q09",
                    "input": "number",
                    "value": "1",
                    "operator": "equal"
                },
                {
                    "id": "q10",
                    "type": "integer",
                    "field": "q10",
                    "input": "number",
                    "value": "1",
                    "operator": "equal"
                }
            ],
            "valid": true,
            "condition": "AND"
        },
        "formula_text": "(q09 &equals; 1 and not empty) AND (q10 &equals; 1 and not empty)",
        "n_rows_selected": 3,
        "is_filter": false,
        "created": "2019-08-31T12:10:38.031Z",
        "modified": "2019-08-31T12:11:22.230Z",
        "columns": [
            2953,
            2954
        ]
    }
},
{
    "model": "ontask.condition",
    "pk": 1069,
    "fields": {
        "action": 265,
        "name": "Students with days_online = 0",
        "description_text": "These are the students that haven't connected to the discussion forum yet.",
        "formula": {
            "not": false,
            "rules": [
                {
                    "id": "days_online",
                    "type": "double",
                    "field": "days_online",
                    "input": "number",
                    "value": "0",
                    "operator": "equal"
                }
            ],
            "valid": true,
            "condition": "AND"
        },
        "formula_text": "",
        "n_rows_selected": 2,
        "is_filter": true,
        "created": "2019-08-31T12:10:38.754Z",
        "modified": "2019-08-31T12:10:39.048Z",
        "columns": [
            2935
        ]
    }
},
{
    "model": "ontask.condition",
    "pk": 1070,
    "fields": {
        "action": 253,
        "name": "Not Registered",
        "description_text": "",
        "formula": {
            "not": true,
            "rules": [
                {
                    "id": "registered",
                    "type": "string",
                    "field": "registered",
                    "input": "select",
                    "value": "true",
                    "operator": "equal"
                }
            ],
            "valid": true,
            "condition": "AND"
        },
        "formula_text": "NOT (registered &equals; true and not empty)",
        "n_rows_selected": 1,
        "is_filter": false,
        "created": "2019-09-01T07:01:47.252Z",
        "modified": "2019-09-01T07:06:07.185Z",
        "columns": [
            2929
        ]
    }
},
{
    "model": "ontask.actioncolumnconditiontuple",
    "pk": 1,
    "fields": {
        "action": 262,
        "column": 2931,
        "condition": null
    }
},
{
    "model": "ontask.actioncolumnconditiontuple",
    "pk": 2,
    "fields": {
        "action": 262,
        "column": 2936,
        "condition": null
    }
},
{
    "model": "ontask.actioncolumnconditiontuple",
    "pk": 3,
    "fields": {
        "action": 263,
        "column": 2931,
        "condition": null
    }
},
{
    "model": "ontask.actioncolumnconditiontuple",
    "pk": 4,
    "fields": {
        "action": 263,
        "column": 2937,
        "condition": null
    }
},
{
    "model": "ontask.actioncolumnconditiontuple",
    "pk": 5,
    "fields": {
        "action": 267,
        "column": 2927,
        "condition": null
    }
},
{
    "model": "ontask.actioncolumnconditiontuple",
    "pk": 6,
    "fields": {
        "action": 267,
        "column": 2929,
        "condition": null
    }
},
{
    "model": "ontask.workflow",
    "pk": 108,
    "fields": {
        "user": [
            "instructor01@bogus.com"
        ],
        "name": "wflow2",
        "description_text": "Simple workflow structure with two type of actions",
        "created": "2017-12-08T01:25:32.160Z",
        "modified": "2019-09-01T07:05:20.586Z",
        "nrows": 3,
        "ncols": 6,
        "attributes": {
            "attribute name": "attribute value"
        },
        "query_builder_ops": [
            {
                "id": "age",
                "type": "double",
                "validation": {
                    "step": "any"
                }
            },
            {
                "id": "email",
                "type": "string"
            },
            {
                "id": "sid",
                "type": "integer"
            },
            {
                "id": "name",
                "type": "string"
            },
            {
                "id": "registered",
                "type": "string",
                "input": "select",
                "values": [
                    "true",
                    "false"
                ],
                "operators": [
                    "equal",
                    "not_equal",
                    "is_null",
                    "is_not_null"
                ]
            },
            {
                "id": "when",
                "type": "datetime"
            }
        ],
        "data_frame_table_name": "__ONTASK_WORKFLOW_TABLE_108",
        "session_key": "ijnxw8da0slau8yb8021re2k0aoo4kdu",
        "luser_email_column": null,
        "luser_email_column_md5": "",
        "lusers_is_outdated": false,
        "shared": [],
        "star": [],
        "lusers": []
    }
},
{
    "model": "ontask.workflow",
    "pk": 109,
    "fields": {
        "user": [
            "instructor01@bogus.com"
        ],
        "name": "wflow1",
        "description_text": "Course on Entrepreneurship Literacy for Online Networking",
        "created": "2019-08-31T12:10:19.019Z",
        "modified": "2019-09-01T06:46:43.006Z",
        "nrows": 12,
        "ncols": 28,
        "attributes": {
            "Course_name": "ELON5839",
            "Coordinator_name": "Sarah Coordinating"
        },
        "query_builder_ops": [
            {
                "id": "email",
                "type": "string"
            },
            {
                "id": "sid",
                "type": "integer"
            },
            {
                "id": "WAM",
                "type": "double",
                "validation": {
                    "step": "any"
                }
            },
            {
                "id": "credits",
                "type": "integer"
            },
            {
                "id": "days_online",
                "type": "double",
                "validation": {
                    "step": "any"
                }
            },
            {
                "id": "difficult_week01",
                "type": "string",
                "input": "select",
                "values": [
                    "",
                    "Concept 1",
                    "Concept 2",
                    "Concept 3",
                    "Concept 4"
                ],
                "operators": [
                    "equal",
                    "not_equal"
                ]
            },
            {
                "id": "difficult_week02",
                "type": "string",
                "input": "select",
                "values": [
                    "",
                    "Concept 1",
                    "Concept 2",
                    "Concept 3",
                    "Concept 4"
                ],
                "operators": [
                    "equal",
                    "not_equal"
                ]
            },
            {
                "id": "first_name",
                "type": "string"
            },
            {
                "id": "first_session",
                "type": "datetime"
            },
            {
                "id": "gender",
                "type": "string",
                "input": "select",
                "values": [
                    "male",
                    "female"
                ],
                "operators": [
                    "equal",
                    "not_equal"
                ]
            },
            {
                "id": "group",
                "type": "string"
            },
            {
                "id": "induction",
                "type": "boolean",
                "input": "radio",
                "values": {
                    "0": "No",
                    "1": "Yes"
                },
                "operators": [
                    "equal"
                ]
            },
            {
                "id": "last_name",
                "type": "string"
            },
            {
                "id": "mt_total",
                "type": "double",
                "validation": {
                    "step": "any"
                }
            },
            {
                "id": "q01",
                "type": "integer"
            },
            {
                "id": "q02",
                "type": "integer"
            },
            {
                "id": "q03",
                "type": "integer"
            },
            {
                "id": "q04",
                "type": "integer"
            },
            {
                "id": "q05",
                "type": "integer"
            },
            {
                "id": "q06",
                "type": "integer"
            },
            {
                "id": "q07",
                "type": "integer"
            },
            {
                "id": "q08",
                "type": "integer"
            },
            {
                "id": "q09",
                "type": "integer"
            },
            {
                "id": "q10",
                "type": "integer"
            },
            {
                "id": "took_mt",
                "type": "string",
                "input": "select",
                "values": [
                    "true",
                    "false"
                ],
                "operators": [
                    "equal",
                    "not_equal",
                    "is_null",
                    "is_not_null"
                ]
            },
            {
                "id": "video_1",
                "type": "integer"
            },
            {
                "id": "video_2",
                "type": "integer"
            },
            {
                "id": "video_3",
                "type": "integer"
            }
        ],
        "data_frame_table_name": "__ONTASK_WORKFLOW_TABLE_109",
        "session_key": "",
        "luser_email_column": null,
        "luser_email_column_md5": "",
        "lusers_is_outdated": false,
        "shared": [],
        "star": [],
        "lusers": []
    }
},
{
    "model": "ontask.action",
    "pk": 253,
    "fields": {
        "workflow": 108,
        "name": "send email",
        "description_text": "",
        "created": "2017-12-08T01:29:40.524Z",
        "modified": "2019-09-01T07:02:29.849Z",
        "last_executed_log": 29,
        "action_type": "personalized_text",
        "serve_enabled": false,
        "active_from": null,
        "active_to": null,
        "rows_all_false": [],
        "text_content": "<p>Hi {{ name }}</p><p>ATT:&nbsp;{{ attribute name }}</p><p>COL:&nbsp;{{ registered }}</p><p>{% if Registered %}Thank you for registering{% endif %}</p><p>{% if Not Registered %}Remember to register{% endif %}</p>",
        "target_url": "",
        "shuffle": false
    }
},
{
    "model": "ontask.action",
    "pk": 255,
    "fields": {
        "workflow": 108,
        "name": "send list",
        "description_text": "",
        "created": "2019-08-26T09:42:03.733Z",
        "modified": "2019-09-01T07:06:07.551Z",
        "last_executed_log": 26,
        "action_type": "email_list",
        "serve_enabled": false,
        "active_from": null,
        "active_to": null,
        "rows_all_false": null,
        "text_content": "<p>Dear madam/sir</p><p>Here is the list of students: {% ot_insert_column_list 'email' %}<br></p>",
        "target_url": "",
        "shuffle": false
    }
},
{
    "model": "ontask.action",
    "pk": 256,
    "fields": {
        "workflow": 108,
        "name": "send json",
        "description_text": "",
        "created": "2019-08-26T09:43:02.314Z",
        "modified": "2019-09-01T06:49:54.683Z",
        "last_executed_log": 34,
        "action_type": "personalized_json",
        "serve_enabled": false,
        "active_from": null,
        "active_to": null,
        "rows_all_false": null,
        "text_content": "{\r\n  \"field1\": \"{{ age }}\",\r\n  \"field2\": \"{{ email }}\",\r\n  \"field3\": \"{{ when }}\"\r\n}",
        "target_url": "http://bogus.com",
        "shuffle": false
    }
},
{
    "model": "ontask.action",
    "pk": 257,
    "fields": {
        "workflow": 108,
        "name": "send json list",
        "description_text": "",
        "created": "2019-08-30T07:35:53.133Z",
        "modified": "2019-09-01T07:06:07.330Z",
        "last_executed_log": 11,
        "action_type": "json_list",
        "serve_enabled": false,
        "active_from": null,
        "active_to": null,
        "rows_all_false": null,
        "text_content": "{\r\n    \"students\": {% ot_insert_column_list \"email\" %}\r\n}",
        "target_url": "",
        "shuffle": false
    }
},
{
    "model": "ontask.action",
    "pk": 259,
    "fields": {
        "workflow": 109,
        "name": "Additional resources",
        "description_text": "List of additional resources depending on the value given in the difficult topic",
        "created": "2019-08-31T12:10:22.358Z",
        "modified": "2019-08-31T12:11:06.349Z",
        "last_executed_log": null,
        "action_type": "personalized_text",
        "serve_enabled": false,
        "active_from": null,
        "active_to": null,
        "rows_all_false": [
            1,
            2,
            3,
            4,
            5,
            6,
            7,
            8,
            9,
            10,
            11,
            12
        ],
        "text_content": "<h3>Additional resources to review concepts</h3><p>{% if Concept_1 %}</p><ul><li><a href=\"https://www.ontasklearning.org\" target=\"_blank\">Resource 1 for concept 1</a></li><li><a href=\"https://www.ontasklearning.org/\" target=\"_blank\">Resource 2 for concept 1</a></li><li><a href=\"https://www.ontasklearning.org/\" target=\"_blank\">Resource 3 for concept 1</a></li></ul><p>{% endif %}</p><p>{% if Concept_2 %}</p><ul><li><a href=\"https://www.ontasklearning.org/\" target=\"_blank\">Resource 1 for concept 2</a></li><li><a href=\"https://www.ontasklearning.org/\" target=\"_blank\">Resource 2 for concept 2</a></li><li><a href=\"https://www.ontasklearning.org/\" target=\"_blank\">Resource 3 for concept 2</a></li></ul><p>{% endif %}</p><div><p>{% if Concept_3 %}</p><ul><li><a href=\"https://www.ontasklearning.org/\" target=\"_blank\">Resource 1 for concept 3</a></li><li><a href=\"https://www.ontasklearning.org/\" target=\"_blank\">Resource 2 for concept 3</a></li><li><a href=\"https://www.ontasklearning.org/\" target=\"_blank\">Resource 3 for concept 3</a></li></ul><p>{% endif %}</p></div><div><br></div>",
        "target_url": "",
        "shuffle": false
    }
},
{
    "model": "ontask.action",
    "pk": 260,
    "fields": {
        "workflow": 109,
        "name": "Badges",
        "description_text": "A badge reflecting the activity with respect to the videos",
        "created": "2019-08-31T12:10:25.595Z",
        "modified": "2019-08-31T12:11:06.711Z",
        "last_executed_log": null,
        "action_type": "personalized_text",
        "serve_enabled": true,
        "active_from": null,
        "active_to": null,
        "rows_all_false": [],
        "text_content": "<h1 style=\"text-align: center;\">Video Activity Badges</h1><p style=\"text-align: center;\">{% if Three_videos %}<img style=\"width: 128px;\" src=\"https://findicons.com/icon/download/134633/gold_medal/128/png\">{% endif %}</p><p style=\"text-align: center;\">{% if Two_videos %}<img style=\"width: 128px;\" src=\"https://findicons.com/icon/download/134646/silver_medal/128/png\">{% endif %}</p><p style=\"text-align: center;\">{% if One_video %}<img style=\"width: 128px;\" src=\"https://findicons.com/icon/download/134637/bronze_medal/128/png\">{% endif %}</p><p style=\"text-align: center;\">{% if No_videos %}Work in progress{% endif %}</p>",
        "target_url": "",
        "shuffle": false
    }
},
{
    "model": "ontask.action",
    "pk": 261,
    "fields": {
        "workflow": 109,
        "name": "Comment lecture preparation activities",
        "description_text": "A message commenting on the videos they watched.",
        "created": "2019-08-31T12:10:27.432Z",
        "modified": "2019-08-31T12:11:07.018Z",
        "last_executed_log": null,
        "action_type": "personalized_text",
        "serve_enabled": false,
        "active_from": null,
        "active_to": null,
        "rows_all_false": [],
        "text_content": "<p>Dear&nbsp;{{ first_name }}</p><p>Here are some comments about the preparation videos for this week.</p><p style=\"\">{% if No_Video_1 %}</p><h4 style=\"font-family: &quot;Helvetica Neue&quot;, Helvetica, Arial, sans-serif; color: rgb(0, 0, 0);\">Genes and Proteins Activity</h4><p style=\"font-family: &quot;Helvetica Neue&quot;, Helvetica, Arial, sans-serif; color: rgb(0, 0, 0);\">This video explains the role of the genes to synthesise proteins in the cell. It is very important to see the connection between the proteins and the rest of processes occurring in the cell.</p><p style=\"font-family: &quot;Helvetica Neue&quot;, Helvetica, Arial, sans-serif; color: rgb(0, 0, 0);\">{% endif %}</p><p>{% if No_Video_2 %}</p><h4 style=\"font-family: &quot;Helvetica Neue&quot;, Helvetica, Arial, sans-serif; color: rgb(0, 0, 0);\">STEM Cells</h4><p>This video show how stem cells are a fundamental building block of how cellular organisms evolve. There are very valuable descriptions in this video about the mechanisms that are involved in this specialisation.</p><p>{% endif %}</p><p>{% if No_Video_3 %}</p><h4 style=\"font-family: &quot;Helvetica Neue&quot;, Helvetica, Arial, sans-serif; color: rgb(0, 0, 0);\">Immune System</h4><p>This video contains an overview of the systems that protect the cell from infections. It is highly relevant to understand the rest of concepts such as for example, the way proteins are synthesized.&nbsp;</p><p>{% endif %}</p><p>Regards<br></p><p style=\"font-family: &quot;Helvetica Neue&quot;, Helvetica, Arial, sans-serif; color: rgb(0, 0, 0);\">{{ Coordinator_name }}</p><p style=\"font-family: &quot;Helvetica Neue&quot;, Helvetica, Arial, sans-serif; color: rgb(0, 0, 0);\">{{ Course_name }}<br></p>",
        "target_url": "",
        "shuffle": false
    }
},
{
    "model": "ontask.action",
    "pk": 262,
    "fields": {
        "workflow": 109,
        "name": "Difficult topics Week 1",
        "description_text": "Feedback about today's lecture",
        "created": "2019-08-31T12:10:29.187Z",
        "modified": "2019-08-31T12:10:29.187Z",
        "last_executed_log": null,
        "action_type": "survey",
        "serve_enabled": true,
        "active_from": null,
        "active_to": null,
        "rows_all_false": null,
        "text_content": "{% comment %}Your action content here{% endcomment %}",
        "target_url": "",
        "shuffle": false
    }
},
{
    "model": "ontask.action",
    "pk": 263,
    "fields": {
        "workflow": 109,
        "name": "Difficult topics Week 2",
        "description_text": "Feedback about today's lecture",
        "created": "2019-08-31T12:10:29.499Z",
        "modified": "2019-08-31T12:10:29.500Z",
        "last_executed_log": null,
        "action_type": "survey",
        "serve_enabled": true,
        "active_from": null,
        "active_to": null,
        "rows_all_false": null,
        "text_content": "{% comment %}Your action content here{% endcomment %}",
        "target_url": "",
        "shuffle": false
    }
},
{
    "model": "ontask.action",
    "pk": 264,
    "fields": {
        "workflow": 109,
        "name": "Midterm scores",
        "description_text": "Comment the midterm scores divided by topic",
        "created": "2019-08-31T12:10:29.726Z",
        "modified": "2019-08-31T12:11:08.537Z",
        "last_executed_log": null,
        "action_type": "personalized_text",
        "serve_enabled": false,
        "active_from": null,
        "active_to": null,
        "rows_all_false": [],
        "text_content": "<p>Dear&nbsp;{{ first_name }}</p><p>Here are the comments about your answers to the midterm exam (ordered by topic).</p><h4 style=\"font-family: &quot;Helvetica Neue&quot;, Helvetica, Arial, sans-serif; color: rgb(0, 0, 0);\">Chemistry and Molecules of Life</h4><p>{% if T1_LOW %}You need to review the concepts in this topic. It is important that you identify those molecules that are important in a living organism, and differentiate them from other molecules. Also, make sure you review the basic steps of the chemical reactions we discussed in class.{% endif %}</p><p>{% if T1_MID %}You need to review this topic again. Make sure you easily identify which molecules are present, for example, inside a cell and differentiate them from other.{% endif %}</p><p>{% if T1_HIGH %}Good work with this topic!{% endif %}</p><h4 style=\"font-family: &quot;Helvetica Neue&quot;, Helvetica, Arial, sans-serif; color: rgb(0, 0, 0);\">Cell function and structure</h4><p>{% if T2_LOW %}Go back and review in depth this chapter. You need to be able to identify the parts of the cell, and more importantly, the role they play in the various functions. It may help to build first a table of these functions, then a table of the parts of the cell, and then a paragraph in each category connecting one element from each table.{% endif %}</p><p>{% if T2_MID %}You need to review the cell function and structure. You confused some of the parts and you need to make sure you are sure about all the functions and the parts that participate in each of them.{% endif %}</p><p>{% if T2_HIGH %}Good work with this material! Can you envision how the cell gets the basic blocks for some of the functions such as DNA duplication?{% endif %}</p><h4 style=\"font-family: &quot;Helvetica Neue&quot;, Helvetica, Arial, sans-serif; color: rgb(0, 0, 0);\">Nutrition, Metabolism &amp; Enzymes</h4><p>{% if T3_LOW %}Take another thorough review of this block. You need to connect the elements required in the cell to perform nutrition processes with the components required, and more importantly, with the enzymes that regulate these processes.{% endif %}</p><p>{% if T3_MID %}You need to go back and review a bit more this part. Look again at the various processes that comprise what we call the metabolism of the cell, and the role of each enzyme in these processes.{% endif %}</p><p>{% if T3_HIGH %}Good work with this block. Can you envision which metabolic processes will be affected if there are not enough nutrients reaching the cell? Can you think of any disease that is connected to these elements?{% endif %}</p><h4 style=\"font-family: &quot;Helvetica Neue&quot;, Helvetica, Arial, sans-serif; color: rgb(0, 0, 0);\"><span style=\"color: inherit; font-family: inherit;\">Cell Division</span></h4><p>{% if T4_LOW %}You need to review the material about mitosis and meiosis. The two processes have analogies and differences, you have to be able to analyse the steps and connect them with the other elements in the cell that participate.{% endif %}</p><p>{% if T4_MID %}Good work with this topic, but you still need to review the material because some of the questions were not correctly answered. See if you can draw a diagram of the ttwo processes (mitosis and meiosis) without looking at the notes.{% endif %}</p><p>{% if T4_HIGH %}Good work with this block!{% endif %}</p><h4 style=\"font-family: &quot;Helvetica Neue&quot;, Helvetica, Arial, sans-serif; color: rgb(0, 0, 0);\">DNA Structure and Replication</h4><p>{% if T5_LOW %}Go back and review the structure of the DNA and its replication process. You need to be able to identify the different parts of the molecule, the basic elements, and how are they connected. Additionally, you need to be able to explain in detail the replication process.{% endif %}</p><p>{% if T5_MID %}You need to review a bit more this block. Make sure you understand the role of each of the parts of the molecule with the replication process.{% endif %}</p><p>{% if T5_HIGH %}Good work with this topic. Can you identify anomalies that may appear during the replication process?{% endif %}</p><p>Your total score for the midterm is&nbsp;{{ mt_total }}.</p><p>Kind regards</p><p>{{ Coordinator_name }}</p><p>{{ course_name }}</p><div><br></div>",
        "target_url": "",
        "shuffle": false
    }
},
{
    "model": "ontask.action",
    "pk": 265,
    "fields": {
        "workflow": 109,
        "name": "Reminder to post in the forum",
        "description_text": "Message to remind those students that haven't visited the forum to do so.",
        "created": "2019-08-31T12:10:38.699Z",
        "modified": "2019-08-31T12:10:38.959Z",
        "last_executed_log": null,
        "action_type": "personalized_text",
        "serve_enabled": false,
        "active_from": null,
        "active_to": null,
        "rows_all_false": null,
        "text_content": "<p>Dear&nbsp;{{ first_name }}</p><p>This is just a reminder to let you know that the activities in this course will rely on the discussions appearing in the forum. See if you can take a look at the messages currently there and let us know if you need any additional information from us.</p><p>Regards.</p><p>{{ Coordinator_name }}</p><p>{{ Course_name }}</p>",
        "target_url": "",
        "shuffle": false
    }
},
{
    "model": "ontask.action",
    "pk": 266,
    "fields": {
        "workflow": 108,
        "name": "send canvas",
        "description_text": "",
        "created": "2019-09-01T05:40:03.856Z",
        "modified": "2019-09-01T05:58:16.554Z",
        "last_executed_log": 33,
        "action_type": "personalized_canvas_email",
        "serve_enabled": false,
        "active_from": null,
        "active_to": null,
        "rows_all_false": null,
        "text_content": "Hello {{ name }}\r\n\r\nYour value is {{ age }}",
        "target_url": "",
        "shuffle": false
    }
},
{
    "model": "ontask.action",
    "pk": 267,
    "fields": {
        "workflow": 108,
        "name": "survey",
        "description_text": "Tell us about your experience in this tutorial",
        "created": "2019-09-01T07:04:25.672Z",
        "modified": "2019-09-01T07:06:07.750Z",
        "last_executed_log": 46,
        "action_type": "survey",
        "serve_enabled": false,
        "active_from": null,
        "active_to": null,
        "rows_all_false": null,
        "text_content": "",
        "target_url": "",
        "shuffle": false
    }
},
{
    "model": "ontask.profile",
    "pk": 9,
    "fields": {
        "slug": "f85b1b04-3d1b-4e3d-92d7-60e449c6ceeb",
        "picture": "",
        "bio": "",
        "email_verified": false
    }
},
{
    "model": "ontask.profile",
    "pk": 4,
    "fields": {
        "slug": "625c9377-9fa5-4565-8076-241cc5915c3f",
        "picture": "",
        "bio": "",
        "email_verified": false
    }
},
{
    "model": "ontask.profile",
    "pk": 6,
    "fields": {
        "slug": "5c5f63d2-bd40-4edf-b8ce-c942ef3f76c6",
        "picture": "",
        "bio": "",
        "email_verified": false
    }
},
{
    "model": "ontask.profile",
    "pk": 5,
    "fields": {
        "slug": "6c89d4f7-f6d4-4828-939c-e3eccb1a6ca7",
        "picture": "",
        "bio": "",
        "email_verified": false
    }
},
{
    "model": "ontask.profile",
    "pk": 1,
    "fields": {
        "slug": "a73d2eed-14b1-42b3-81a1-25fcc7284936",
        "picture": "",
        "bio": "",
        "email_verified": false
    }
},
{
    "model": "ontask.profile",
    "pk": 7,
    "fields": {
        "slug": "61956bd8-4ab5-44ae-8d94-7a07bcf73031",
        "picture": "",
        "bio": "",
        "email_verified": false
    }
},
{
    "model": "ontask.profile",
    "pk": 8,
    "fields": {
        "slug": "d181c982-d6f5-4eab-83f2-0a6f0425d3be",
        "picture": "",
        "bio": "",
        "email_verified": false
    }
},
{
    "model": "ontask.profile",
    "pk": 10,
    "fields": {
        "slug": "eeecb911-f65a-4ba9-9b87-0514fa15c2a1",
        "picture": "",
        "bio": "",
        "email_verified": false
    }
},
{
    "model": "ontask.profile",
    "pk": 2,
    "fields": {
        "slug": "467cdea6-686d-45bc-ad95-a073f7241f07",
        "picture": "",
        "bio": "",
        "email_verified": false
    }
},
{
    "model": "ontask.profile",
    "pk": 3,
    "fields": {
        "slug": "7196ba08-9652-47f9-8f1f-dbc4ee33fa35",
        "picture": "",
        "bio": "",
        "email_verified": false
    }
},
{
    "model": "ontask.scheduledaction",
    "pk": 3,
    "fields": {
        "user": [
            "instructor01@bogus.com"
        ],
        "name": "aaa",
        "description_text": "",
        "action": 256,
        "created": "2019-08-31T09:58:58.027Z",
        "execute": "2019-08-31T10:58:00Z",
        "status": "done",
        "item_column": 2927,
        "exclude_values": [
            "student02@bogus.com"
        ],
        "last_executed_log": 18,
        "payload": {
            "token": "fff"
        }
    }
},
{
    "model": "ontask.scheduledaction",
    "pk": 4,
    "fields": {
        "user": [
            "instructor01@bogus.com"
        ],
        "name": "ddd",
        "description_text": "",
        "action": 256,
        "created": "2019-09-01T00:03:22.308Z",
        "execute": "2019-09-01T01:03:00Z",
        "status": "creating",
        "item_column": 2927,
        "exclude_values": [],
        "last_executed_log": null,
        "payload": {
            "token": "nnn"
        }
    }
},
{
    "model": "ontask.ontaskuser",
    "pk": 9,
    "fields": {}
},
{
    "model": "ontask.ontaskuser",
    "pk": 4,
    "fields": {}
},
{
    "model": "ontask.ontaskuser",
    "pk": 6,
    "fields": {}
},
{
    "model": "ontask.ontaskuser",
    "pk": 5,
    "fields": {}
},
{
    "model": "ontask.ontaskuser",
    "pk": 1,
    "fields": {}
},
{
    "model": "ontask.ontaskuser",
    "pk": 7,
    "fields": {}
},
{
    "model": "ontask.ontaskuser",
    "pk": 8,
    "fields": {}
},
{
    "model": "ontask.ontaskuser",
    "pk": 10,
    "fields": {}
},
{
    "model": "ontask.ontaskuser",
    "pk": 2,
    "fields": {}
},
{
    "model": "ontask.ontaskuser",
    "pk": 3,
    "fields": {}
}
]
