[
{
    "model": "auth.group",
    "pk": 1,
    "fields": {
        "name": "instructor",
        "permissions": []
    }
},
{
    "model": "sites.site",
    "pk": 1,
    "fields": {
        "domain": "127.0.0.1",
        "name": "127.0.0.1"
    }
},
{
    "model": "authtools.user",
    "pk": 1,
    "fields": {
        "password": "argon2$argon2i$v=19$m=512,t=2,p=2$WktaTFdidmpOY3FP$RRYwFAL2ptwAT5fWCD1t2w",
        "last_login": null,
        "is_superuser": false,
        "email": "student01@bogus.com",
        "is_staff": false,
        "is_active": true,
        "date_joined": "2019-04-15T21:55:58.640Z",
        "name": "User Name",
        "groups": [],
        "user_permissions": []
    }
},
{
    "model": "authtools.user",
    "pk": 2,
    "fields": {
        "password": "argon2$argon2i$v=19$m=512,t=2,p=2$eU9KR1ZQeWNUc0ZW$M0/8lLXsHzXJ5QbGtsVvUg",
        "last_login": null,
        "is_superuser": false,
        "email": "student02@bogus.com",
        "is_staff": false,
        "is_active": true,
        "date_joined": "2019-04-15T21:55:58.761Z",
        "name": "User Name",
        "groups": [],
        "user_permissions": []
    }
},
{
    "model": "authtools.user",
    "pk": 3,
    "fields": {
        "password": "argon2$argon2i$v=19$m=512,t=2,p=2$YU5nQWNSMG5pcmZn$vDIdZd1CRGnZVkl2TjnZMQ",
        "last_login": null,
        "is_superuser": false,
        "email": "student03@bogus.com",
        "is_staff": false,
        "is_active": true,
        "date_joined": "2019-04-15T21:55:58.768Z",
        "name": "User Name",
        "groups": [],
        "user_permissions": []
    }
},
{
    "model": "authtools.user",
    "pk": 4,
    "fields": {
        "password": "argon2$argon2i$v=19$m=512,t=2,p=2$UHhObThUYzB3czdn$ANuMWnPsdGiofluZWdPT+A",
        "last_login": null,
        "is_superuser": false,
        "email": "student04@bogus.com",
        "is_staff": false,
        "is_active": true,
        "date_joined": "2019-04-15T21:55:58.775Z",
        "name": "User Name",
        "groups": [],
        "user_permissions": []
    }
},
{
    "model": "authtools.user",
    "pk": 5,
    "fields": {
        "password": "argon2$argon2i$v=19$m=512,t=2,p=2$UnpCMENOdWFHbVN5$vkElKpzLsOsP/MbZjMSayA",
        "last_login": null,
        "is_superuser": false,
        "email": "student05@bogus.com",
        "is_staff": false,
        "is_active": true,
        "date_joined": "2019-04-15T21:55:58.782Z",
        "name": "User Name",
        "groups": [],
        "user_permissions": []
    }
},
{
    "model": "authtools.user",
    "pk": 6,
    "fields": {
        "password": "argon2$argon2i$v=19$m=512,t=2,p=2$MmF0VXBMcmpsUmRL$saaF8R1E/y4ImhUpJ2UM6w",
        "last_login": null,
        "is_superuser": false,
        "email": "student06@bogus.com",
        "is_staff": false,
        "is_active": true,
        "date_joined": "2019-04-15T21:55:58.788Z",
        "name": "User Name",
        "groups": [],
        "user_permissions": []
    }
},
{
    "model": "authtools.user",
    "pk": 7,
    "fields": {
        "password": "argon2$argon2i$v=19$m=512,t=2,p=2$NWRWRGJORlhyT2F5$CfxwApT2pC0oqAI9xftnWw",
        "last_login": null,
        "is_superuser": false,
        "email": "student07@bogus.com",
        "is_staff": false,
        "is_active": true,
        "date_joined": "2019-04-15T21:55:58.794Z",
        "name": "User Name",
        "groups": [],
        "user_permissions": []
    }
},
{
    "model": "authtools.user",
    "pk": 8,
    "fields": {
        "password": "argon2$argon2i$v=19$m=512,t=2,p=2$STBENUppWXdDNFZL$TMBn4+XyAD9v58HaQZs1Dg",
        "last_login": null,
        "is_superuser": false,
        "email": "student08@bogus.com",
        "is_staff": false,
        "is_active": true,
        "date_joined": "2019-04-15T21:55:58.802Z",
        "name": "User Name",
        "groups": [],
        "user_permissions": []
    }
},
{
    "model": "authtools.user",
    "pk": 9,
    "fields": {
        "password": "argon2$argon2i$v=19$m=512,t=2,p=2$RGxuZmVDQkZHWnlr$UVlQ9OdvttQNzeX2lWLGzA",
        "last_login": null,
        "is_superuser": false,
        "email": "student09@bogus.com",
        "is_staff": false,
        "is_active": true,
        "date_joined": "2019-04-15T21:55:58.808Z",
        "name": "User Name",
        "groups": [],
        "user_permissions": []
    }
},
{
    "model": "authtools.user",
    "pk": 10,
    "fields": {
        "password": "argon2$argon2i$v=19$m=512,t=2,p=2$SmJ2cGpaMFhickdx$H9Yb2VVVUzsFqsjvPhmVFQ",
        "last_login": null,
        "is_superuser": false,
        "email": "student10@bogus.com",
        "is_staff": false,
        "is_active": true,
        "date_joined": "2019-04-15T21:55:58.815Z",
        "name": "User Name",
        "groups": [],
        "user_permissions": []
    }
},
{
    "model": "authtools.user",
    "pk": 11,
    "fields": {
        "password": "argon2$argon2i$v=19$m=512,t=2,p=2$aDI4Nmd2RUNxek9x$jiE6PTRib/+LSOqvEBCkcQ",
        "last_login": "2019-05-24T08:59:17.958Z",
        "is_superuser": false,
        "email": "instructor01@bogus.com",
        "is_staff": false,
        "is_active": true,
        "date_joined": "2019-04-15T21:56:07.148Z",
        "name": "User Name",
        "groups": [
            [
                "instructor"
            ]
        ],
        "user_permissions": []
    }
},
{
    "model": "authtools.user",
    "pk": 12,
    "fields": {
        "password": "argon2$argon2i$v=19$m=512,t=2,p=2$RTg1bVF6TzQ1UDJV$tTRk1jE6+Jc3IMoGQAYO/w",
        "last_login": null,
        "is_superuser": false,
        "email": "instructor02@bogus.com",
        "is_staff": false,
        "is_active": true,
        "date_joined": "2019-04-15T21:56:07.336Z",
        "name": "User Name",
        "groups": [
            [
                "instructor"
            ]
        ],
        "user_permissions": []
    }
},
{
    "model": "authtools.user",
    "pk": 13,
    "fields": {
        "password": "argon2$argon2i$v=19$m=512,t=2,p=2$UGFHVGt6WWpyMmNS$uOduVBh3oxpzgzDj7lVmHw",
        "last_login": null,
        "is_superuser": false,
        "email": "instructor03@bogus.com",
        "is_staff": false,
        "is_active": true,
        "date_joined": "2019-04-15T21:56:07.350Z",
        "name": "User Name",
        "groups": [
            [
                "instructor"
            ]
        ],
        "user_permissions": []
    }
},
{
    "model": "authtools.user",
    "pk": 14,
    "fields": {
        "password": "argon2$argon2i$v=19$m=512,t=2,p=2$SlNxVU10dUJoUG1q$fSkYnG+1Ea0jNR6UIGGzXg",
        "last_login": null,
        "is_superuser": false,
        "email": "instructor04@bogus.com",
        "is_staff": false,
        "is_active": true,
        "date_joined": "2019-04-15T21:56:07.363Z",
        "name": "User Name",
        "groups": [
            [
                "instructor"
            ]
        ],
        "user_permissions": []
    }
},
{
    "model": "authtools.user",
    "pk": 15,
    "fields": {
        "password": "argon2$argon2i$v=19$m=512,t=2,p=2$aTJpeWQ3S0ZMaW9y$7wpyhXw6By1OkLtmXlx/Yg",
        "last_login": null,
        "is_superuser": false,
        "email": "instructor05@bogus.com",
        "is_staff": false,
        "is_active": true,
        "date_joined": "2019-04-15T21:56:07.378Z",
        "name": "User Name",
        "groups": [
            [
                "instructor"
            ]
        ],
        "user_permissions": []
    }
},
{
    "model": "authtools.user",
    "pk": 16,
    "fields": {
        "password": "argon2$argon2i$v=19$m=512,t=2,p=2$ZzZmVnNDSHFCYloz$xVq0M/sVceBut8f7ce7X1g",
        "last_login": null,
        "is_superuser": false,
        "email": "instructor06@bogus.com",
        "is_staff": false,
        "is_active": true,
        "date_joined": "2019-04-15T21:56:07.390Z",
        "name": "User Name",
        "groups": [
            [
                "instructor"
            ]
        ],
        "user_permissions": []
    }
},
{
    "model": "authtools.user",
    "pk": 17,
    "fields": {
        "password": "argon2$argon2i$v=19$m=512,t=2,p=2$cW9wb1JQV2w2dU82$eUV0Vf2V+40436o+z6/zaA",
        "last_login": null,
        "is_superuser": false,
        "email": "instructor07@bogus.com",
        "is_staff": false,
        "is_active": true,
        "date_joined": "2019-04-15T21:56:07.400Z",
        "name": "User Name",
        "groups": [
            [
                "instructor"
            ]
        ],
        "user_permissions": []
    }
},
{
    "model": "authtools.user",
    "pk": 18,
    "fields": {
        "password": "argon2$argon2i$v=19$m=512,t=2,p=2$Zko3N1JuY3pvaUVa$acoZUFmLThN0fd/UrOP+RQ",
        "last_login": null,
        "is_superuser": false,
        "email": "instructor08@bogus.com",
        "is_staff": false,
        "is_active": true,
        "date_joined": "2019-04-15T21:56:07.412Z",
        "name": "User Name",
        "groups": [
            [
                "instructor"
            ]
        ],
        "user_permissions": []
    }
},
{
    "model": "authtools.user",
    "pk": 19,
    "fields": {
        "password": "argon2$argon2i$v=19$m=512,t=2,p=2$c2s3Q2k3V3ViejVl$iQcCZbylx4pfrGID54rmhw",
        "last_login": null,
        "is_superuser": false,
        "email": "instructor09@bogus.com",
        "is_staff": false,
        "is_active": true,
        "date_joined": "2019-04-15T21:56:07.422Z",
        "name": "User Name",
        "groups": [
            [
                "instructor"
            ]
        ],
        "user_permissions": []
    }
},
{
    "model": "authtools.user",
    "pk": 20,
    "fields": {
        "password": "argon2$argon2i$v=19$m=512,t=2,p=2$M3JSS0hjYzh4dEZi$LIhRtOy+aateZ+JscfBa5g",
        "last_login": null,
        "is_superuser": false,
        "email": "instructor10@bogus.com",
        "is_staff": false,
        "is_active": true,
        "date_joined": "2019-04-15T21:56:07.435Z",
        "name": "User Name",
        "groups": [
            [
                "instructor"
            ]
        ],
        "user_permissions": []
    }
},
{
    "model": "authtools.user",
    "pk": 21,
    "fields": {
        "password": "argon2$argon2i$v=19$m=512,t=2,p=2$UWZvbXJ4TTdKOVd0$z7Lq5s1CyGb7Cuw+hLDQUg",
        "last_login": null,
        "is_superuser": true,
        "email": "superuser@bogus.com",
        "is_staff": true,
        "is_active": true,
        "date_joined": "2019-04-15T21:56:15.769Z",
        "name": "Super User",
        "groups": [],
        "user_permissions": []
    }
},
{
    "model": "siteprefs.preference",
    "pk": 1,
    "fields": {
        "app": "core",
        "name": "help_url",
        "text": "html/index.html"
    }
},
{
    "model": "siteprefs.preference",
    "pk": 2,
    "fields": {
        "app": "core",
        "name": "minute_step",
        "text": "15"
    }
},
{
    "model": "siteprefs.preference",
    "pk": 3,
    "fields": {
        "app": "dataops",
        "name": "plugin_directory",
        "text": "/Users/pardosa/ontask_b/src/plugins"
    }
},
{
    "model": "siteprefs.preference",
    "pk": 4,
    "fields": {
        "app": "action",
        "name": "notification_template",
        "text": "\n<html>\n<head/>\n<body>\n<p>Dear {{ user.name }}</p>\n\n<p>This message is to inform you that on {{ email_sent_datetime }}\n{{ num_messages }} email{% if num_messages > 1 %}s{% endif %} were sent\nresulting from the execution of the action with name \"{{ action.name }}\".</p>\n\n{% if filter_present %}\n<p>The action had a filter that reduced the number of messages from\n{{ num_rows }} to {{ num_selected }}.</p>\n{% else %}\n<p>All the data rows stored in the workflow table were used.</p>\n{% endif %}\n\nRegards.\nThe OnTask Support Team\n</body></html>"
    }
},
{
    "model": "siteprefs.preference",
    "pk": 5,
    "fields": {
        "app": "action",
        "name": "notification_subject",
        "text": "OnTask: Action executed"
    }
},
{
    "model": "siteprefs.preference",
    "pk": 6,
    "fields": {
        "app": "action",
        "name": "notification_sender",
        "text": ""
    }
},
{
    "model": "siteprefs.preference",
    "pk": 7,
    "fields": {
        "app": "logs",
        "name": "max_list_size",
        "text": "200"
    }
},
{
    "model": "ontask.ontaskuser",
    "pk": 21,
    "fields": {}
},
{
    "model": "ontask.ontaskuser",
    "pk": 11,
    "fields": {}
},
{
    "model": "ontask.ontaskuser",
    "pk": 12,
    "fields": {}
},
{
    "model": "ontask.ontaskuser",
    "pk": 13,
    "fields": {}
},
{
    "model": "ontask.ontaskuser",
    "pk": 14,
    "fields": {}
},
{
    "model": "ontask.ontaskuser",
    "pk": 15,
    "fields": {}
},
{
    "model": "ontask.ontaskuser",
    "pk": 16,
    "fields": {}
},
{
    "model": "ontask.ontaskuser",
    "pk": 17,
    "fields": {}
},
{
    "model": "ontask.ontaskuser",
    "pk": 18,
    "fields": {}
},
{
    "model": "ontask.ontaskuser",
    "pk": 19,
    "fields": {}
},
{
    "model": "ontask.ontaskuser",
    "pk": 20,
    "fields": {}
},
{
    "model": "ontask.ontaskuser",
    "pk": 1,
    "fields": {}
},
{
    "model": "ontask.ontaskuser",
    "pk": 2,
    "fields": {}
},
{
    "model": "ontask.ontaskuser",
    "pk": 3,
    "fields": {}
},
{
    "model": "ontask.ontaskuser",
    "pk": 4,
    "fields": {}
},
{
    "model": "ontask.ontaskuser",
    "pk": 5,
    "fields": {}
},
{
    "model": "ontask.ontaskuser",
    "pk": 6,
    "fields": {}
},
{
    "model": "ontask.ontaskuser",
    "pk": 7,
    "fields": {}
},
{
    "model": "ontask.ontaskuser",
    "pk": 8,
    "fields": {}
},
{
    "model": "ontask.ontaskuser",
    "pk": 9,
    "fields": {}
},
{
    "model": "ontask.ontaskuser",
    "pk": 10,
    "fields": {}
},
{
    "model": "ontask.profile",
    "pk": 21,
    "fields": {
        "slug": "b214cf22-612b-4c68-ab8a-53152daf457b",
        "picture": "",
        "bio": "",
        "email_verified": false
    }
},
{
    "model": "ontask.profile",
    "pk": 11,
    "fields": {
        "slug": "df095b15-a04c-4e6f-a3bd-03f233b7c491",
        "picture": "",
        "bio": "",
        "email_verified": false
    }
},
{
    "model": "ontask.profile",
    "pk": 12,
    "fields": {
        "slug": "f551bee3-25d5-4485-9763-b1963481c256",
        "picture": "",
        "bio": "",
        "email_verified": false
    }
},
{
    "model": "ontask.profile",
    "pk": 13,
    "fields": {
        "slug": "36da91bc-6de6-410c-8b7f-30cf13380501",
        "picture": "",
        "bio": "",
        "email_verified": false
    }
},
{
    "model": "ontask.profile",
    "pk": 14,
    "fields": {
        "slug": "cda10e84-2563-431a-a1e0-08364ededf03",
        "picture": "",
        "bio": "",
        "email_verified": false
    }
},
{
    "model": "ontask.profile",
    "pk": 15,
    "fields": {
        "slug": "858d5d9b-8422-4649-831d-90f50857cfbb",
        "picture": "",
        "bio": "",
        "email_verified": false
    }
},
{
    "model": "ontask.profile",
    "pk": 16,
    "fields": {
        "slug": "ea863593-204e-4046-959a-a0b50b3bd6be",
        "picture": "",
        "bio": "",
        "email_verified": false
    }
},
{
    "model": "ontask.profile",
    "pk": 17,
    "fields": {
        "slug": "f97f3822-7758-4cd2-9873-d2c650f8b2a7",
        "picture": "",
        "bio": "",
        "email_verified": false
    }
},
{
    "model": "ontask.profile",
    "pk": 18,
    "fields": {
        "slug": "4e23cc69-d4b8-4065-8d49-839de7f48e10",
        "picture": "",
        "bio": "",
        "email_verified": false
    }
},
{
    "model": "ontask.profile",
    "pk": 19,
    "fields": {
        "slug": "5a615a2b-f8aa-43ac-845d-a374ee16de94",
        "picture": "",
        "bio": "",
        "email_verified": false
    }
},
{
    "model": "ontask.profile",
    "pk": 20,
    "fields": {
        "slug": "34af80c7-5e4b-42fc-9549-7c4d8a21c234",
        "picture": "",
        "bio": "",
        "email_verified": false
    }
},
{
    "model": "ontask.profile",
    "pk": 1,
    "fields": {
        "slug": "5a4d9346-b194-40f7-9b26-749f7601ab1e",
        "picture": "",
        "bio": "",
        "email_verified": false
    }
},
{
    "model": "ontask.profile",
    "pk": 2,
    "fields": {
        "slug": "8c102aa2-af1d-479a-8dab-c6843403565b",
        "picture": "",
        "bio": "",
        "email_verified": false
    }
},
{
    "model": "ontask.profile",
    "pk": 3,
    "fields": {
        "slug": "a4e0dfbd-5ac6-413b-a627-a3ade270f066",
        "picture": "",
        "bio": "",
        "email_verified": false
    }
},
{
    "model": "ontask.profile",
    "pk": 4,
    "fields": {
        "slug": "97897060-e97f-4f41-bd3a-8ef7b5a55642",
        "picture": "",
        "bio": "",
        "email_verified": false
    }
},
{
    "model": "ontask.profile",
    "pk": 5,
    "fields": {
        "slug": "9a08491d-8859-4c2f-aacd-56533129a256",
        "picture": "",
        "bio": "",
        "email_verified": false
    }
},
{
    "model": "ontask.profile",
    "pk": 6,
    "fields": {
        "slug": "11aa2e70-4c58-4db1-bb20-823e39aed280",
        "picture": "",
        "bio": "",
        "email_verified": false
    }
},
{
    "model": "ontask.profile",
    "pk": 7,
    "fields": {
        "slug": "e3af4818-1575-48aa-899f-52da3c74cd52",
        "picture": "",
        "bio": "",
        "email_verified": false
    }
},
{
    "model": "ontask.profile",
    "pk": 8,
    "fields": {
        "slug": "0d97d719-0fa7-48ec-9a79-fb235f53c997",
        "picture": "",
        "bio": "",
        "email_verified": false
    }
},
{
    "model": "ontask.profile",
    "pk": 9,
    "fields": {
        "slug": "734f49ad-0633-4ab2-bf81-5f97d143c0cf",
        "picture": "",
        "bio": "",
        "email_verified": false
    }
},
{
    "model": "ontask.profile",
    "pk": 10,
    "fields": {
        "slug": "a508a388-55fb-45cf-a47f-6970425c5f5c",
        "picture": "",
        "bio": "",
        "email_verified": false
    }
},
{
    "model": "ontask.workflow",
    "pk": 1,
    "fields": {
        "user": [
            "instructor01@bogus.com"
        ],
        "name": "BIOL1011",
        "description_text": "Course on Cell Biology",
        "created": "2019-04-15T21:59:00.066Z",
        "modified": "2019-05-26T13:12:50.035Z",
        "nrows": 14,
        "ncols": 67,
        "attributes": {
            "Course name": "Cell Biology",
            "Coordinator name": "Sarah Jones -- Course coordinator"
        },
        "query_builder_ops": [
            {
                "id": "SID",
                "type": "integer"
            },
            {
                "id": "email",
                "type": "string"
            },
            {
                "id": "Surname",
                "type": "string"
            },
            {
                "id": "GivenName",
                "type": "string"
            },
            {
                "id": "MiddleInitial",
                "type": "string"
            },
            {
                "id": "Gender",
                "type": "string"
            },
            {
                "id": "UOS Code",
                "type": "string"
            },
            {
                "id": "Program",
                "type": "string",
                "input": "select",
                "values": [
                    "FEIT",
                    "FSCI",
                    "FASS",
                    "SMED"
                ],
                "operators": [
                    "equal",
                    "not_equal",
                    "is_null",
                    "is_not_null"
                ]
            },
            {
                "id": "Enrolment Type",
                "type": "string"
            },
            {
                "id": "Attendance",
                "type": "string"
            },
            {
                "id": "Difficult Week 1",
                "type": "string",
                "input": "select",
                "values": [
                    "",
                    "Concept 1",
                    "Concept 2",
                    "Concept 3",
                    "Concept 4"
                ],
                "operators": [
                    "equal",
                    "not_equal",
                    "is_null",
                    "is_not_null"
                ]
            },
            {
                "id": "Sat W1",
                "type": "string",
                "input": "select",
                "values": [
                    "Metabolism",
                    "DNA",
                    "RNA",
                    "No idea"
                ],
                "operators": [
                    "equal",
                    "not_equal",
                    "is_null",
                    "is_not_null"
                ]
            },
            {
                "id": "Q01",
                "type": "double",
                "validation": {
                    "step": "any"
                }
            },
            {
                "id": "Q02",
                "type": "double",
                "validation": {
                    "step": "any"
                }
            },
            {
                "id": "Q03",
                "type": "double",
                "validation": {
                    "step": "any"
                }
            },
            {
                "id": "Q04",
                "type": "double",
                "validation": {
                    "step": "any"
                }
            },
            {
                "id": "Q05",
                "type": "double",
                "validation": {
                    "step": "any"
                }
            },
            {
                "id": "Q06",
                "type": "double",
                "validation": {
                    "step": "any"
                }
            },
            {
                "id": "Q07",
                "type": "double",
                "validation": {
                    "step": "any"
                }
            },
            {
                "id": "Q08",
                "type": "double",
                "validation": {
                    "step": "any"
                }
            },
            {
                "id": "Q09",
                "type": "double",
                "validation": {
                    "step": "any"
                }
            },
            {
                "id": "Q10",
                "type": "double",
                "validation": {
                    "step": "any"
                }
            },
            {
                "id": "Total",
                "type": "double",
                "validation": {
                    "step": "any"
                }
            },
            {
                "id": "Days online 2",
                "type": "integer"
            },
            {
                "id": "Views 2",
                "type": "integer"
            },
            {
                "id": "Contributions 2",
                "type": "integer"
            },
            {
                "id": "Questions 2",
                "type": "integer"
            },
            {
                "id": "Days online 3",
                "type": "integer"
            },
            {
                "id": "Views 3",
                "type": "integer"
            },
            {
                "id": "Contributions 3",
                "type": "integer"
            },
            {
                "id": "Questions 3",
                "type": "integer"
            },
            {
                "id": "Days online 4",
                "type": "integer"
            },
            {
                "id": "Views 4",
                "type": "integer"
            },
            {
                "id": "Contributions 4",
                "type": "integer"
            },
            {
                "id": "Questions 4",
                "type": "integer"
            },
            {
                "id": "Days online 5",
                "type": "integer"
            },
            {
                "id": "Views 5",
                "type": "integer"
            },
            {
                "id": "Contributions 5",
                "type": "integer"
            },
            {
                "id": "Questions 5",
                "type": "integer"
            },
            {
                "id": "Days online",
                "type": "integer"
            },
            {
                "id": "Views",
                "type": "integer"
            },
            {
                "id": "Contributions",
                "type": "integer"
            },
            {
                "id": "Questions",
                "type": "integer"
            },
            {
                "id": "Video_1_W2",
                "type": "double",
                "validation": {
                    "step": "any"
                }
            },
            {
                "id": "Questions_1_W2",
                "type": "double",
                "validation": {
                    "step": "any"
                }
            },
            {
                "id": "Correct_1_W2",
                "type": "double",
                "validation": {
                    "step": "any"
                }
            },
            {
                "id": "Video_2_W2",
                "type": "double",
                "validation": {
                    "step": "any"
                }
            },
            {
                "id": "Questions_2_W2",
                "type": "double",
                "validation": {
                    "step": "any"
                }
            },
            {
                "id": "Correct_2_W2",
                "type": "double",
                "validation": {
                    "step": "any"
                }
            },
            {
                "id": "Video_1_W3",
                "type": "double",
                "validation": {
                    "step": "any"
                }
            },
            {
                "id": "Questions_1_W3",
                "type": "double",
                "validation": {
                    "step": "any"
                }
            },
            {
                "id": "Correct_1_W3",
                "type": "double",
                "validation": {
                    "step": "any"
                }
            },
            {
                "id": "Video_2_W3",
                "type": "double",
                "validation": {
                    "step": "any"
                }
            },
            {
                "id": "Questions_2_W3",
                "type": "double",
                "validation": {
                    "step": "any"
                }
            },
            {
                "id": "Correct_2_W3",
                "type": "double",
                "validation": {
                    "step": "any"
                }
            },
            {
                "id": "Video_1_W4",
                "type": "double",
                "validation": {
                    "step": "any"
                }
            },
            {
                "id": "Questions_1_W4",
                "type": "double",
                "validation": {
                    "step": "any"
                }
            },
            {
                "id": "Correct_1_W4",
                "type": "double",
                "validation": {
                    "step": "any"
                }
            },
            {
                "id": "Video_2_W4",
                "type": "double",
                "validation": {
                    "step": "any"
                }
            },
            {
                "id": "Questions_2_W4",
                "type": "double",
                "validation": {
                    "step": "any"
                }
            },
            {
                "id": "Correct_2_W4",
                "type": "double",
                "validation": {
                    "step": "any"
                }
            },
            {
                "id": "Video_1_W5",
                "type": "double",
                "validation": {
                    "step": "any"
                }
            },
            {
                "id": "Questions_1_W5",
                "type": "double",
                "validation": {
                    "step": "any"
                }
            },
            {
                "id": "Correct_1_W5",
                "type": "double",
                "validation": {
                    "step": "any"
                }
            },
            {
                "id": "Video_2_W5",
                "type": "double",
                "validation": {
                    "step": "any"
                }
            },
            {
                "id": "Questions_2_W5",
                "type": "double",
                "validation": {
                    "step": "any"
                }
            },
            {
                "id": "Correct_2_W5",
                "type": "double",
                "validation": {
                    "step": "any"
                }
            }
        ],
        "data_frame_table_name": "__ONTASK_WORKFLOW_TABLE_1",
        "session_key": "",
        "luser_email_column": null,
        "luser_email_column_md5": "",
        "lusers_is_outdated": false,
        "shared": [],
        "lusers": []
    }
},
{
    "model": "ontask.column",
    "pk": 1,
    "fields": {
        "name": "SID",
        "description_text": "",
        "workflow": 1,
        "data_type": "integer",
        "is_key": true,
        "position": 1,
        "in_viz": true,
        "categories": [],
        "active_from": null,
        "active_to": null
    }
},
{
    "model": "ontask.column",
    "pk": 2,
    "fields": {
        "name": "email",
        "description_text": "",
        "workflow": 1,
        "data_type": "string",
        "is_key": true,
        "position": 2,
        "in_viz": true,
        "categories": [],
        "active_from": null,
        "active_to": null
    }
},
{
    "model": "ontask.column",
    "pk": 3,
    "fields": {
        "name": "Surname",
        "description_text": "",
        "workflow": 1,
        "data_type": "string",
        "is_key": false,
        "position": 3,
        "in_viz": true,
        "categories": [],
        "active_from": null,
        "active_to": null
    }
},
{
    "model": "ontask.column",
    "pk": 4,
    "fields": {
        "name": "GivenName",
        "description_text": "",
        "workflow": 1,
        "data_type": "string",
        "is_key": false,
        "position": 4,
        "in_viz": true,
        "categories": [],
        "active_from": null,
        "active_to": null
    }
},
{
    "model": "ontask.column",
    "pk": 5,
    "fields": {
        "name": "MiddleInitial",
        "description_text": "",
        "workflow": 1,
        "data_type": "string",
        "is_key": false,
        "position": 5,
        "in_viz": true,
        "categories": [],
        "active_from": null,
        "active_to": null
    }
},
{
    "model": "ontask.column",
    "pk": 6,
    "fields": {
        "name": "Gender",
        "description_text": "",
        "workflow": 1,
        "data_type": "string",
        "is_key": false,
        "position": 6,
        "in_viz": true,
        "categories": [],
        "active_from": null,
        "active_to": null
    }
},
{
    "model": "ontask.column",
    "pk": 7,
    "fields": {
        "name": "UOS Code",
        "description_text": "",
        "workflow": 1,
        "data_type": "string",
        "is_key": false,
        "position": 7,
        "in_viz": true,
        "categories": [],
        "active_from": null,
        "active_to": null
    }
},
{
    "model": "ontask.column",
    "pk": 8,
    "fields": {
        "name": "Program",
        "description_text": "",
        "workflow": 1,
        "data_type": "string",
        "is_key": false,
        "position": 8,
        "in_viz": true,
        "categories": [
            "FEIT",
            "FSCI",
            "FASS",
            "SMED"
        ],
        "active_from": null,
        "active_to": null
    }
},
{
    "model": "ontask.column",
    "pk": 9,
    "fields": {
        "name": "Enrolment Type",
        "description_text": "",
        "workflow": 1,
        "data_type": "string",
        "is_key": false,
        "position": 9,
        "in_viz": true,
        "categories": [],
        "active_from": null,
        "active_to": null
    }
},
{
    "model": "ontask.column",
    "pk": 10,
    "fields": {
        "name": "Attendance",
        "description_text": "",
        "workflow": 1,
        "data_type": "string",
        "is_key": false,
        "position": 10,
        "in_viz": true,
        "categories": [],
        "active_from": null,
        "active_to": null
    }
},
{
    "model": "ontask.column",
    "pk": 11,
    "fields": {
        "name": "Difficult Week 1",
        "description_text": "What was the most difficult topic in this week's lecture?",
        "workflow": 1,
        "data_type": "string",
        "is_key": false,
        "position": 11,
        "in_viz": true,
        "categories": [
            "",
            "Concept 1",
            "Concept 2",
            "Concept 3",
            "Concept 4"
        ],
        "active_from": null,
        "active_to": null
    }
},
{
    "model": "ontask.column",
    "pk": 12,
    "fields": {
        "name": "Sat W1",
        "description_text": "What was the most relevant topic in this week's lecture?",
        "workflow": 1,
        "data_type": "string",
        "is_key": false,
        "position": 12,
        "in_viz": true,
        "categories": [
            "Metabolism",
            "DNA",
            "RNA",
            "No idea"
        ],
        "active_from": null,
        "active_to": null
    }
},
{
    "model": "ontask.column",
    "pk": 13,
    "fields": {
        "name": "Q01",
        "description_text": "",
        "workflow": 1,
        "data_type": "double",
        "is_key": false,
        "position": 13,
        "in_viz": true,
        "categories": [],
        "active_from": null,
        "active_to": null
    }
},
{
    "model": "ontask.column",
    "pk": 14,
    "fields": {
        "name": "Q02",
        "description_text": "",
        "workflow": 1,
        "data_type": "double",
        "is_key": false,
        "position": 14,
        "in_viz": true,
        "categories": [],
        "active_from": null,
        "active_to": null
    }
},
{
    "model": "ontask.column",
    "pk": 15,
    "fields": {
        "name": "Q03",
        "description_text": "",
        "workflow": 1,
        "data_type": "double",
        "is_key": false,
        "position": 15,
        "in_viz": true,
        "categories": [],
        "active_from": null,
        "active_to": null
    }
},
{
    "model": "ontask.column",
    "pk": 16,
    "fields": {
        "name": "Q04",
        "description_text": "",
        "workflow": 1,
        "data_type": "double",
        "is_key": false,
        "position": 16,
        "in_viz": true,
        "categories": [],
        "active_from": null,
        "active_to": null
    }
},
{
    "model": "ontask.column",
    "pk": 17,
    "fields": {
        "name": "Q05",
        "description_text": "",
        "workflow": 1,
        "data_type": "double",
        "is_key": false,
        "position": 17,
        "in_viz": true,
        "categories": [],
        "active_from": null,
        "active_to": null
    }
},
{
    "model": "ontask.column",
    "pk": 18,
    "fields": {
        "name": "Q06",
        "description_text": "",
        "workflow": 1,
        "data_type": "double",
        "is_key": false,
        "position": 18,
        "in_viz": true,
        "categories": [],
        "active_from": null,
        "active_to": null
    }
},
{
    "model": "ontask.column",
    "pk": 19,
    "fields": {
        "name": "Q07",
        "description_text": "",
        "workflow": 1,
        "data_type": "double",
        "is_key": false,
        "position": 19,
        "in_viz": true,
        "categories": [],
        "active_from": null,
        "active_to": null
    }
},
{
    "model": "ontask.column",
    "pk": 20,
    "fields": {
        "name": "Q08",
        "description_text": "",
        "workflow": 1,
        "data_type": "double",
        "is_key": false,
        "position": 20,
        "in_viz": true,
        "categories": [],
        "active_from": null,
        "active_to": null
    }
},
{
    "model": "ontask.column",
    "pk": 21,
    "fields": {
        "name": "Q09",
        "description_text": "",
        "workflow": 1,
        "data_type": "double",
        "is_key": false,
        "position": 21,
        "in_viz": true,
        "categories": [],
        "active_from": null,
        "active_to": null
    }
},
{
    "model": "ontask.column",
    "pk": 22,
    "fields": {
        "name": "Q10",
        "description_text": "",
        "workflow": 1,
        "data_type": "double",
        "is_key": false,
        "position": 22,
        "in_viz": true,
        "categories": [],
        "active_from": null,
        "active_to": null
    }
},
{
    "model": "ontask.column",
    "pk": 23,
    "fields": {
        "name": "Total",
        "description_text": "",
        "workflow": 1,
        "data_type": "double",
        "is_key": false,
        "position": 23,
        "in_viz": true,
        "categories": [],
        "active_from": null,
        "active_to": null
    }
},
{
    "model": "ontask.column",
    "pk": 24,
    "fields": {
        "name": "Days online 2",
        "description_text": "",
        "workflow": 1,
        "data_type": "integer",
        "is_key": false,
        "position": 24,
        "in_viz": true,
        "categories": [],
        "active_from": null,
        "active_to": null
    }
},
{
    "model": "ontask.column",
    "pk": 25,
    "fields": {
        "name": "Views 2",
        "description_text": "",
        "workflow": 1,
        "data_type": "integer",
        "is_key": false,
        "position": 25,
        "in_viz": true,
        "categories": [],
        "active_from": null,
        "active_to": null
    }
},
{
    "model": "ontask.column",
    "pk": 26,
    "fields": {
        "name": "Contributions 2",
        "description_text": "",
        "workflow": 1,
        "data_type": "integer",
        "is_key": false,
        "position": 26,
        "in_viz": true,
        "categories": [],
        "active_from": null,
        "active_to": null
    }
},
{
    "model": "ontask.column",
    "pk": 27,
    "fields": {
        "name": "Questions 2",
        "description_text": "",
        "workflow": 1,
        "data_type": "integer",
        "is_key": false,
        "position": 27,
        "in_viz": true,
        "categories": [],
        "active_from": null,
        "active_to": null
    }
},
{
    "model": "ontask.column",
    "pk": 28,
    "fields": {
        "name": "Days online 3",
        "description_text": "",
        "workflow": 1,
        "data_type": "integer",
        "is_key": false,
        "position": 28,
        "in_viz": true,
        "categories": [],
        "active_from": null,
        "active_to": null
    }
},
{
    "model": "ontask.column",
    "pk": 29,
    "fields": {
        "name": "Views 3",
        "description_text": "",
        "workflow": 1,
        "data_type": "integer",
        "is_key": false,
        "position": 29,
        "in_viz": true,
        "categories": [],
        "active_from": null,
        "active_to": null
    }
},
{
    "model": "ontask.column",
    "pk": 30,
    "fields": {
        "name": "Contributions 3",
        "description_text": "",
        "workflow": 1,
        "data_type": "integer",
        "is_key": false,
        "position": 30,
        "in_viz": true,
        "categories": [],
        "active_from": null,
        "active_to": null
    }
},
{
    "model": "ontask.column",
    "pk": 31,
    "fields": {
        "name": "Questions 3",
        "description_text": "",
        "workflow": 1,
        "data_type": "integer",
        "is_key": false,
        "position": 31,
        "in_viz": true,
        "categories": [],
        "active_from": null,
        "active_to": null
    }
},
{
    "model": "ontask.column",
    "pk": 32,
    "fields": {
        "name": "Days online 4",
        "description_text": "",
        "workflow": 1,
        "data_type": "integer",
        "is_key": false,
        "position": 32,
        "in_viz": true,
        "categories": [],
        "active_from": null,
        "active_to": null
    }
},
{
    "model": "ontask.column",
    "pk": 33,
    "fields": {
        "name": "Views 4",
        "description_text": "",
        "workflow": 1,
        "data_type": "integer",
        "is_key": false,
        "position": 33,
        "in_viz": true,
        "categories": [],
        "active_from": null,
        "active_to": null
    }
},
{
    "model": "ontask.column",
    "pk": 34,
    "fields": {
        "name": "Contributions 4",
        "description_text": "",
        "workflow": 1,
        "data_type": "integer",
        "is_key": false,
        "position": 34,
        "in_viz": true,
        "categories": [],
        "active_from": null,
        "active_to": null
    }
},
{
    "model": "ontask.column",
    "pk": 35,
    "fields": {
        "name": "Questions 4",
        "description_text": "",
        "workflow": 1,
        "data_type": "integer",
        "is_key": false,
        "position": 35,
        "in_viz": true,
        "categories": [],
        "active_from": null,
        "active_to": null
    }
},
{
    "model": "ontask.column",
    "pk": 36,
    "fields": {
        "name": "Days online 5",
        "description_text": "",
        "workflow": 1,
        "data_type": "integer",
        "is_key": false,
        "position": 36,
        "in_viz": true,
        "categories": [],
        "active_from": null,
        "active_to": null
    }
},
{
    "model": "ontask.column",
    "pk": 37,
    "fields": {
        "name": "Views 5",
        "description_text": "",
        "workflow": 1,
        "data_type": "integer",
        "is_key": false,
        "position": 37,
        "in_viz": true,
        "categories": [],
        "active_from": null,
        "active_to": null
    }
},
{
    "model": "ontask.column",
    "pk": 38,
    "fields": {
        "name": "Contributions 5",
        "description_text": "",
        "workflow": 1,
        "data_type": "integer",
        "is_key": false,
        "position": 38,
        "in_viz": true,
        "categories": [],
        "active_from": null,
        "active_to": null
    }
},
{
    "model": "ontask.column",
    "pk": 39,
    "fields": {
        "name": "Questions 5",
        "description_text": "",
        "workflow": 1,
        "data_type": "integer",
        "is_key": false,
        "position": 39,
        "in_viz": true,
        "categories": [],
        "active_from": null,
        "active_to": null
    }
},
{
    "model": "ontask.column",
    "pk": 40,
    "fields": {
        "name": "Days online",
        "description_text": "",
        "workflow": 1,
        "data_type": "integer",
        "is_key": false,
        "position": 40,
        "in_viz": true,
        "categories": [],
        "active_from": null,
        "active_to": null
    }
},
{
    "model": "ontask.column",
    "pk": 41,
    "fields": {
        "name": "Views",
        "description_text": "",
        "workflow": 1,
        "data_type": "integer",
        "is_key": false,
        "position": 41,
        "in_viz": true,
        "categories": [],
        "active_from": null,
        "active_to": null
    }
},
{
    "model": "ontask.column",
    "pk": 42,
    "fields": {
        "name": "Contributions",
        "description_text": "",
        "workflow": 1,
        "data_type": "integer",
        "is_key": false,
        "position": 42,
        "in_viz": true,
        "categories": [],
        "active_from": null,
        "active_to": null
    }
},
{
    "model": "ontask.column",
    "pk": 43,
    "fields": {
        "name": "Questions",
        "description_text": "",
        "workflow": 1,
        "data_type": "integer",
        "is_key": false,
        "position": 43,
        "in_viz": true,
        "categories": [],
        "active_from": null,
        "active_to": null
    }
},
{
    "model": "ontask.column",
    "pk": 44,
    "fields": {
        "name": "Video_1_W2",
        "description_text": "",
        "workflow": 1,
        "data_type": "double",
        "is_key": false,
        "position": 44,
        "in_viz": true,
        "categories": [],
        "active_from": null,
        "active_to": null
    }
},
{
    "model": "ontask.column",
    "pk": 45,
    "fields": {
        "name": "Questions_1_W2",
        "description_text": "",
        "workflow": 1,
        "data_type": "double",
        "is_key": false,
        "position": 45,
        "in_viz": true,
        "categories": [],
        "active_from": null,
        "active_to": null
    }
},
{
    "model": "ontask.column",
    "pk": 46,
    "fields": {
        "name": "Correct_1_W2",
        "description_text": "",
        "workflow": 1,
        "data_type": "double",
        "is_key": false,
        "position": 46,
        "in_viz": true,
        "categories": [],
        "active_from": null,
        "active_to": null
    }
},
{
    "model": "ontask.column",
    "pk": 47,
    "fields": {
        "name": "Video_2_W2",
        "description_text": "",
        "workflow": 1,
        "data_type": "double",
        "is_key": false,
        "position": 47,
        "in_viz": true,
        "categories": [],
        "active_from": null,
        "active_to": null
    }
},
{
    "model": "ontask.column",
    "pk": 48,
    "fields": {
        "name": "Questions_2_W2",
        "description_text": "",
        "workflow": 1,
        "data_type": "double",
        "is_key": false,
        "position": 48,
        "in_viz": true,
        "categories": [],
        "active_from": null,
        "active_to": null
    }
},
{
    "model": "ontask.column",
    "pk": 49,
    "fields": {
        "name": "Correct_2_W2",
        "description_text": "",
        "workflow": 1,
        "data_type": "double",
        "is_key": false,
        "position": 49,
        "in_viz": true,
        "categories": [],
        "active_from": null,
        "active_to": null
    }
},
{
    "model": "ontask.column",
    "pk": 50,
    "fields": {
        "name": "Video_1_W3",
        "description_text": "",
        "workflow": 1,
        "data_type": "double",
        "is_key": false,
        "position": 50,
        "in_viz": true,
        "categories": [],
        "active_from": null,
        "active_to": null
    }
},
{
    "model": "ontask.column",
    "pk": 51,
    "fields": {
        "name": "Questions_1_W3",
        "description_text": "",
        "workflow": 1,
        "data_type": "double",
        "is_key": false,
        "position": 51,
        "in_viz": true,
        "categories": [],
        "active_from": null,
        "active_to": null
    }
},
{
    "model": "ontask.column",
    "pk": 52,
    "fields": {
        "name": "Correct_1_W3",
        "description_text": "",
        "workflow": 1,
        "data_type": "double",
        "is_key": false,
        "position": 52,
        "in_viz": true,
        "categories": [],
        "active_from": null,
        "active_to": null
    }
},
{
    "model": "ontask.column",
    "pk": 53,
    "fields": {
        "name": "Video_2_W3",
        "description_text": "",
        "workflow": 1,
        "data_type": "double",
        "is_key": false,
        "position": 53,
        "in_viz": true,
        "categories": [],
        "active_from": null,
        "active_to": null
    }
},
{
    "model": "ontask.column",
    "pk": 54,
    "fields": {
        "name": "Questions_2_W3",
        "description_text": "",
        "workflow": 1,
        "data_type": "double",
        "is_key": false,
        "position": 54,
        "in_viz": true,
        "categories": [],
        "active_from": null,
        "active_to": null
    }
},
{
    "model": "ontask.column",
    "pk": 55,
    "fields": {
        "name": "Correct_2_W3",
        "description_text": "",
        "workflow": 1,
        "data_type": "double",
        "is_key": false,
        "position": 55,
        "in_viz": true,
        "categories": [],
        "active_from": null,
        "active_to": null
    }
},
{
    "model": "ontask.column",
    "pk": 56,
    "fields": {
        "name": "Video_1_W4",
        "description_text": "",
        "workflow": 1,
        "data_type": "double",
        "is_key": false,
        "position": 56,
        "in_viz": true,
        "categories": [],
        "active_from": null,
        "active_to": null
    }
},
{
    "model": "ontask.column",
    "pk": 57,
    "fields": {
        "name": "Questions_1_W4",
        "description_text": "",
        "workflow": 1,
        "data_type": "double",
        "is_key": false,
        "position": 57,
        "in_viz": true,
        "categories": [],
        "active_from": null,
        "active_to": null
    }
},
{
    "model": "ontask.column",
    "pk": 58,
    "fields": {
        "name": "Correct_1_W4",
        "description_text": "",
        "workflow": 1,
        "data_type": "double",
        "is_key": false,
        "position": 58,
        "in_viz": true,
        "categories": [],
        "active_from": null,
        "active_to": null
    }
},
{
    "model": "ontask.column",
    "pk": 59,
    "fields": {
        "name": "Video_2_W4",
        "description_text": "",
        "workflow": 1,
        "data_type": "double",
        "is_key": false,
        "position": 59,
        "in_viz": true,
        "categories": [],
        "active_from": null,
        "active_to": null
    }
},
{
    "model": "ontask.column",
    "pk": 60,
    "fields": {
        "name": "Questions_2_W4",
        "description_text": "",
        "workflow": 1,
        "data_type": "double",
        "is_key": false,
        "position": 60,
        "in_viz": true,
        "categories": [],
        "active_from": null,
        "active_to": null
    }
},
{
    "model": "ontask.column",
    "pk": 61,
    "fields": {
        "name": "Correct_2_W4",
        "description_text": "",
        "workflow": 1,
        "data_type": "double",
        "is_key": false,
        "position": 61,
        "in_viz": true,
        "categories": [],
        "active_from": null,
        "active_to": null
    }
},
{
    "model": "ontask.column",
    "pk": 62,
    "fields": {
        "name": "Video_1_W5",
        "description_text": "",
        "workflow": 1,
        "data_type": "double",
        "is_key": false,
        "position": 62,
        "in_viz": true,
        "categories": [],
        "active_from": null,
        "active_to": null
    }
},
{
    "model": "ontask.column",
    "pk": 63,
    "fields": {
        "name": "Questions_1_W5",
        "description_text": "",
        "workflow": 1,
        "data_type": "double",
        "is_key": false,
        "position": 63,
        "in_viz": true,
        "categories": [],
        "active_from": null,
        "active_to": null
    }
},
{
    "model": "ontask.column",
    "pk": 64,
    "fields": {
        "name": "Correct_1_W5",
        "description_text": "",
        "workflow": 1,
        "data_type": "double",
        "is_key": false,
        "position": 64,
        "in_viz": true,
        "categories": [],
        "active_from": null,
        "active_to": null
    }
},
{
    "model": "ontask.column",
    "pk": 65,
    "fields": {
        "name": "Video_2_W5",
        "description_text": "",
        "workflow": 1,
        "data_type": "double",
        "is_key": false,
        "position": 65,
        "in_viz": true,
        "categories": [],
        "active_from": null,
        "active_to": null
    }
},
{
    "model": "ontask.column",
    "pk": 66,
    "fields": {
        "name": "Questions_2_W5",
        "description_text": "",
        "workflow": 1,
        "data_type": "double",
        "is_key": false,
        "position": 66,
        "in_viz": true,
        "categories": [],
        "active_from": null,
        "active_to": null
    }
},
{
    "model": "ontask.column",
    "pk": 67,
    "fields": {
        "name": "Correct_2_W5",
        "description_text": "",
        "workflow": 1,
        "data_type": "double",
        "is_key": false,
        "position": 67,
        "in_viz": true,
        "categories": [],
        "active_from": null,
        "active_to": null
    }
},
{
    "model": "ontask.plugin",
    "pk": 7,
    "fields": {
        "filename": "linear_model",
        "modified": "2018-05-28T01:00:42.649Z",
        "name": "Linear Model",
        "description_txt": "Execute a linear model",
        "is_verified": true,
        "is_enabled": true,
        "is_model": true,
        "executed": null
    }
},
{
    "model": "ontask.plugin",
    "pk": 8,
    "fields": {
        "filename": "test_plugin_2",
        "modified": "2018-05-28T01:00:42.649Z",
        "name": "Test Plungin 2 Name",
        "description_txt": "Test Plugin 2 Description Text",
        "is_verified": true,
        "is_enabled": true,
        "executed": null
    }
},
{
    "model": "ontask.plugin",
    "pk": 9,
    "fields": {
        "filename": "test_plugin_1",
        "modified": "2018-05-28T01:00:42.598Z",
        "name": "Test Plungin 1 Name",
        "description_txt": "Test Plugin 1 Description Text",
        "is_verified": true,
        "is_enabled": true,
        "executed": null
    }
},
{
    "model": "ontask.sqlconnection",
    "pk": 1,
    "fields": {
        "name": "remote server",
        "description_txt": "Server with student records",
        "conn_type": "mysql",
        "conn_driver": "",
        "db_user": "remote_db_user",
        "db_password": true,
        "db_host": "dbserver.bogus.com",
        "db_port": null,
        "db_name": "demographics",
        "db_table": "s_records"
    }
},
{
    "model": "ontask.view",
    "pk": 1,
    "fields": {
        "workflow": 1,
        "name": "Low forum sessions",
        "description_text": "",
        "created": "2019-04-15T21:59:15.075Z",
        "modified": "2019-04-15T21:59:15.221Z",
        "formula": {
            "not": false,
            "rules": [
                {
                    "id": "Days online",
                    "type": "integer",
                    "field": "Days online",
                    "input": "number",
                    "value": "7",
                    "operator": "less_or_equal"
                }
            ],
            "valid": true,
            "condition": "AND"
        },
        "columns": [
            2
        ]
    }
},
{
    "model": "ontask.view",
    "pk": 2,
    "fields": {
        "workflow": 1,
        "name": "Midterm",
        "description_text": "",
        "created": "2019-04-15T21:59:15.249Z",
        "modified": "2019-04-15T21:59:16.846Z",
        "formula": {
            "not": false,
            "rules": [],
            "valid": true,
            "condition": "AND"
        },
        "columns": [
            2,
            13,
            14,
            15,
            16,
            17,
            18,
            19,
            20,
            21,
            22,
            23
        ]
    }
},
{
    "model": "ontask.view",
    "pk": 3,
    "fields": {
        "workflow": 1,
        "name": "Videos",
        "description_text": "",
        "created": "2019-04-15T21:59:16.879Z",
        "modified": "2019-04-15T21:59:17.854Z",
        "formula": {
            "not": false,
            "rules": [],
            "valid": true,
            "condition": "AND"
        },
        "columns": [
            2,
            44,
            47,
            50,
            53,
            56,
            59,
            62,
            65
        ]
    }
},
{
    "model": "ontask.action",
    "pk": 1,
    "fields": {
        "workflow": 1,
        "name": "Badges",
        "description_text": "A badge reflecting the activity with respect to the videos",
        "created": "2019-04-15T21:59:04.686Z",
        "modified": "2019-04-15T22:47:00.085Z",
        "last_executed_log": null,
        "action_type": "personalized_text",
        "serve_enabled": true,
        "active_from": null,
        "active_to": null,
        "rows_all_false": [],
        "text_content": "<h1 style=\"text-align: center;\">Video Activity Badges</h1><p style=\"text-align: center;\">{% if High engagement %}<img style=\"width: 128px;\" src=\"https://findicons.com/icon/download/134633/gold_medal/128/png\">{% endif %}</p><p style=\"text-align: center;\">{% if Medium engagement %}<img style=\"width: 128px;\" src=\"https://findicons.com/icon/download/134646/silver_medal/128/png\">{% endif %}</p><p style=\"text-align: center;\">{% if Low video engagement %}<img style=\"width: 128px;\" src=\"https://findicons.com/icon/download/134637/bronze_medal/128/png\">{% endif %}</p><p style=\"text-align: center;\">{% if No_videos %}Work in progress{% endif %}</p>",
        "target_url": "",
        "shuffle": false
    }
},
{
    "model": "ontask.action",
    "pk": 2,
    "fields": {
        "workflow": 1,
        "name": "Comments about how to prepare the lecture (Week 4)",
        "description_text": "A message commenting on the videos they watched for Week 4",
        "created": "2019-04-15T21:59:06.738Z",
        "modified": "2019-04-15T22:47:00.469Z",
        "last_executed_log": null,
        "action_type": "personalized_text",
        "serve_enabled": false,
        "active_from": null,
        "active_to": null,
        "rows_all_false": [],
        "text_content": "<p>Dear {{ GivenName }}<br></p><p>Here are some comments about the preparation videos for this week.</p><p style=\"\">{% if No Video 1 %}</p><h4 style=\"font-family: &quot;Helvetica Neue&quot;, Helvetica, Arial, sans-serif; color: rgb(0, 0, 0);\">Genes and Proteins Activity</h4><p style=\"font-family: &quot;Helvetica Neue&quot;, Helvetica, Arial, sans-serif; color: rgb(0, 0, 0);\">This video explains the role of the genes to synthesise proteins in the cell. It is very important to see the connection between the proteins and the rest of processes occurring in the cell.</p><p style=\"font-family: &quot;Helvetica Neue&quot;, Helvetica, Arial, sans-serif; color: rgb(0, 0, 0);\">{% endif %}</p><p>{% if No Video 2 %}</p><h4 style=\"font-family: &quot;Helvetica Neue&quot;, Helvetica, Arial, sans-serif; color: rgb(0, 0, 0);\">STEM Cells</h4><p>This video show how stem cells are a fundamental building block of how cellular organisms evolve. There are very valuable descriptions in this video about the mechanisms that are involved in this specialisation.</p><p>{% endif %}</p>Regards<br><p style=\"font-family: &quot;Helvetica Neue&quot;, Helvetica, Arial, sans-serif; color: rgb(0, 0, 0);\">{{ Coordinator name }}</p><p style=\"font-family: &quot;Helvetica Neue&quot;, Helvetica, Arial, sans-serif; color: rgb(0, 0, 0);\">{{ Course name }}<br></p>",
        "target_url": "",
        "shuffle": false
    }
},
{
    "model": "ontask.action",
    "pk": 3,
    "fields": {
        "workflow": 1,
        "name": "Midterm comments",
        "description_text": "Comment the midterm scores divided by topic",
        "created": "2019-04-15T21:59:08.038Z",
        "modified": "2019-05-24T09:01:16.424Z",
        "last_executed_log": null,
        "action_type": "personalized_text",
        "serve_enabled": false,
        "active_from": null,
        "active_to": null,
        "rows_all_false": [],
        "text_content": "<p>Dear\u00a0{{ first_name }}</p><p>Here are the comments about your answers to the midterm exam (ordered by topic).</p><h4 style=\"font-family: \" helvetica=\"\" neue\",=\"\" helvetica,=\"\" arial,=\"\" sans-serif;=\"\" color:=\"\" rgb(0,=\"\" 0,=\"\" 0);\"=\"\">Chemistry and Molecules of Life</h4><p>{% if T1_LOW %}You need to review the concepts in this topic. It is important that you identify those molecules that are important in a living organism, and differentiate them from other molecules. Also, make sure you review the basic steps of the chemical reactions we discussed in class.{% endif %}</p><p>{% if T1_MID %}You need to review this topic again. Make sure you easily identify which molecules are present, for example, inside a cell and differentiate them from other.{% endif %}</p><p>{% if T1_HIGH %}Good work with this topic!{% endif %}</p><h4 style=\"font-family: \" helvetica=\"\" neue\",=\"\" helvetica,=\"\" arial,=\"\" sans-serif;=\"\" color:=\"\" rgb(0,=\"\" 0,=\"\" 0);\"=\"\">Cell function and structure</h4><p>{% if T2_LOW %}Go back and review in depth this chapter. You need to be able to identify the parts of the cell, and more importantly, the role they play in the various functions. It may help to build first a table of these functions, then a table of the parts of the cell, and then a paragraph in each category connecting one element from each table.{% endif %}</p><p>{% if T2_MID %}You need to review the cell function and structure. You confused some of the parts and you need to make sure you are sure about all the functions and the parts that participate in each of them.{% endif %}</p><p>{% if T2_HIGH %}Good work with this material! Can you envision how the cell gets the basic blocks for some of the functions such as DNA duplication?{% endif %}</p><h4 style=\"font-family: \" helvetica=\"\" neue\",=\"\" helvetica,=\"\" arial,=\"\" sans-serif;=\"\" color:=\"\" rgb(0,=\"\" 0,=\"\" 0);\"=\"\">Nutrition, Metabolism & Enzymes</h4><p>{% if T3_LOW %}Take another thorough review of this block. You need to connect the elements required in the cell to perform nutrition processes with the components required, and more importantly, with the enzymes that regulate these processes.{% endif %}</p><p>{% if T3_MID %}You need to go back and review a bit more this part. Look again at the various processes that comprise what we call the metabolism of the cell, and the role of each enzyme in these processes.{% endif %}</p><p>{% if T3_HIGH %}Good work with this block. Can you envision which metabolic processes will be affected if there are not enough nutrients reaching the cell? Can you think of any disease that is connected to these elements?{% endif %}</p><h4 style=\"font-family: \" helvetica=\"\" neue\",=\"\" helvetica,=\"\" arial,=\"\" sans-serif;=\"\" color:=\"\" rgb(0,=\"\" 0,=\"\" 0);\"=\"\"><span style=\"color: inherit; font-family: inherit;\">Cell Division</span></h4><p>{% if T4_LOW %}You need to review the material about mitosis and meiosis. The two processes have analogies and differences, you have to be able to analyse the steps and connect them with the other elements in the cell that participate.{% endif %}</p><p>{% if T4_MID %}Good work with this topic, but you still need to review the material because some of the questions were not correctly answered. See if you can draw a diagram of the ttwo processes (mitosis and meiosis) without looking at the notes.{% endif %}</p><p>{% if T4_HIGH %}Good work with this block!{% endif %}</p><h4 style=\"font-family: \" helvetica=\"\" neue\",=\"\" helvetica,=\"\" arial,=\"\" sans-serif;=\"\" color:=\"\" rgb(0,=\"\" 0,=\"\" 0);\"=\"\">DNA Structure and Replication</h4><p>{% if T5_LOW %}Go back and review the structure of the DNA and its replication process. You need to be able to identify the different parts of the molecule, the basic elements, and how are they connected. Additionally, you need to be able to explain in detail the replication process.{% endif %}</p><p>{% if T5_MID %}You need to review a bit more this block. Make sure you understand the role of each of the parts of the molecule with the replication process.{% endif %}</p><p>{% if T5_HIGH %}Good work with this topic. Can you identify anomalies that may appear during the replication process?{% endif %}</p><p>Your total score for the midterm is\u00a0{{ mt_total }}.</p><p>Kind regards</p><p>{{ Coordinator name }}</p><p>{{ Course name }}</p><div><br></div>",
        "target_url": "",
        "shuffle": false
    }
},
{
    "model": "ontask.action",
    "pk": 4,
    "fields": {
        "workflow": 1,
        "name": "Send JSON to remote server",
        "description_text": "Send a JSON object to a remote server (outside this platform)",
        "created": "2019-04-15T21:59:13.477Z",
        "modified": "2019-05-24T09:01:53.763Z",
        "last_executed_log": null,
        "action_type": "personalized_json",
        "serve_enabled": false,
        "active_from": null,
        "active_to": null,
        "rows_all_false": [],
        "text_content": "{\r\n  \"sid\": {{ SID }},\r\n  \"midterm_total\": {{ Total }},\r\n  \"msg\":\r\n     {% if Less than 50 in the midterm %}\"Message number 1\"{% endif %}\r\n    {% if More or equal to 50 in midterm %}\"Message number 2\"{% endif %}\r\n}",
        "target_url": "http://127.0.0.1",
        "shuffle": false
    }
},
{
    "model": "ontask.action",
    "pk": 5,
    "fields": {
        "workflow": 1,
        "name": "Student comments Week 1",
        "description_text": "Feedback about today's lecture",
        "created": "2019-04-15T21:59:14.143Z",
        "modified": "2019-05-24T09:02:45.838Z",
        "last_executed_log": 24,
        "action_type": "survey",
        "serve_enabled": true,
        "active_from": null,
        "active_to": null,
        "rows_all_false": null,
        "text_content": "{% comment %}Your action content here{% endcomment %}",
        "target_url": "",
        "shuffle": false
    }
},
{
    "model": "ontask.action",
    "pk": 6,
    "fields": {
        "workflow": 1,
        "name": "Suggestions about the forum",
        "description_text": "Message to remind those students that haven't visited the forum to do so.",
        "created": "2019-04-15T21:59:14.759Z",
        "modified": "2019-05-24T09:03:19.152Z",
        "last_executed_log": 25,
        "action_type": "personalized_text",
        "serve_enabled": false,
        "active_from": null,
        "active_to": null,
        "rows_all_false": null,
        "text_content": "<p>Dear\u00a0{{ first_name }}</p><p>This is just a reminder to let you know that the activities in this course will rely on the discussions appearing in the forum. See if you can take a look at the messages currently there and let us know if you need any additional information from us.</p><p>Regards.</p><p>{{ Coordinator name }}</p><p>{{ Course name }}</p>",
        "target_url": "",
        "shuffle": false
    }
},
{
    "model": "ontask.action",
    "pk": 7,
    "fields": {
        "workflow": 1,
        "name": "Initial motivation",
        "description_text": "Motivating message depending on the program enrolled. This action sends email using the CANVAS platform",
        "created": "2019-04-15T22:04:23.354Z",
        "modified": "2019-04-15T22:47:00.746Z",
        "last_executed_log": null,
        "action_type": "personalized_canvas_email",
        "serve_enabled": false,
        "active_from": null,
        "active_to": null,
        "rows_all_false": [],
        "text_content": "Dear {{ GivenName }}\r\n\r\nWe are just starting this course and I thought it would be good to share with you how this course will help you acquire the skills that are required for professionals in your area.\r\n\r\n\r\n{% if Enrolled in FASS %}Text for the students that are enrolled in FASS.{% endif %}\r\n\r\n{% if Enrolled in FEIT %}Text for the students that are enrolled in FEIT.{% endif %}\r\n\r\n{% if Enrolled in SMED %}Text for the students that are enrolled in SMED.{% endif %}\r\n\r\n{% if Enrolled in FSCI %}Text for the students that are enrolled in FSCI.{% endif %}\r\n\r\n\r\nIf you want additional information, do not hesitate to contact me.\r\n\r\n{{ Coordinator name }}\r\n\r\n{{ Course name }}",
        "target_url": "",
        "shuffle": false
    }
},
{
    "model": "ontask.condition",
    "pk": 1,
    "fields": {
        "action": 1,
        "name": "No_videos",
        "description_text": "No video activity",
        "formula": {
            "not": false,
            "rules": [
                {
                    "id": "Video_1_W2",
                    "type": "double",
                    "field": "Video_1_W2",
                    "input": "number",
                    "value": "0",
                    "operator": "equal"
                }
            ],
            "valid": true,
            "condition": "AND"
        },
        "n_rows_selected": 2,
        "is_filter": false,
        "created": "2019-04-15T21:59:04.775Z",
        "modified": "2019-05-24T09:02:44.912Z",
        "columns": [
            44
        ]
    }
},
{
    "model": "ontask.condition",
    "pk": 2,
    "fields": {
        "action": 1,
        "name": "Low video engagement",
        "description_text": "Low activity detected in the first video of Week 2",
        "formula": {
            "not": false,
            "rules": [
                {
                    "not": false,
                    "rules": [
                        {
                            "id": "Video_1_W2",
                            "type": "double",
                            "field": "Video_1_W2",
                            "input": "number",
                            "value": "0",
                            "operator": "greater"
                        },
                        {
                            "id": "Video_1_W2",
                            "type": "double",
                            "field": "Video_1_W2",
                            "input": "number",
                            "value": "25",
                            "operator": "less_or_equal"
                        }
                    ],
                    "condition": "AND"
                }
            ],
            "valid": true,
            "condition": "OR"
        },
        "n_rows_selected": 1,
        "is_filter": false,
        "created": "2019-04-15T21:59:05.426Z",
        "modified": "2019-05-24T09:02:44.832Z",
        "columns": [
            44
        ]
    }
},
{
    "model": "ontask.condition",
    "pk": 3,
    "fields": {
        "action": 1,
        "name": "Medium engagement",
        "description_text": "Medium engagement with Video 1 in Week 2",
        "formula": {
            "not": false,
            "rules": [
                {
                    "not": false,
                    "rules": [
                        {
                            "id": "Video_1_W2",
                            "type": "double",
                            "field": "Video_1_W2",
                            "input": "number",
                            "value": "25",
                            "operator": "greater"
                        },
                        {
                            "id": "Video_1_W2",
                            "type": "double",
                            "field": "Video_1_W2",
                            "input": "number",
                            "value": "75",
                            "operator": "less_or_equal"
                        }
                    ],
                    "condition": "AND"
                }
            ],
            "valid": true,
            "condition": "OR"
        },
        "n_rows_selected": 5,
        "is_filter": false,
        "created": "2019-04-15T21:59:05.860Z",
        "modified": "2019-05-24T09:02:44.873Z",
        "columns": [
            44
        ]
    }
},
{
    "model": "ontask.condition",
    "pk": 4,
    "fields": {
        "action": 1,
        "name": "High engagement",
        "description_text": "High engagement with Video 1 in Week 2",
        "formula": {
            "not": false,
            "rules": [
                {
                    "id": "Video_1_W2",
                    "type": "double",
                    "field": "Video_1_W2",
                    "input": "number",
                    "value": "75",
                    "operator": "greater"
                }
            ],
            "valid": true,
            "condition": "AND"
        },
        "n_rows_selected": 6,
        "is_filter": false,
        "created": "2019-04-15T21:59:06.244Z",
        "modified": "2019-05-24T09:02:44.783Z",
        "columns": [
            44
        ]
    }
},
{
    "model": "ontask.condition",
    "pk": 5,
    "fields": {
        "action": 2,
        "name": "Those with any video missing in Week 4",
        "description_text": "Either Video 1 or Video 2 in Week 4 have zero engagement",
        "formula": {
            "not": false,
            "rules": [
                {
                    "id": "Video_1_W4",
                    "type": "double",
                    "field": "Video_1_W4",
                    "input": "number",
                    "value": "0",
                    "operator": "equal"
                },
                {
                    "id": "Video_2_W4",
                    "type": "double",
                    "field": "Video_2_W4",
                    "input": "number",
                    "value": "0",
                    "operator": "equal"
                }
            ],
            "valid": true,
            "condition": "OR"
        },
        "n_rows_selected": 3,
        "is_filter": true,
        "created": "2019-04-15T21:59:06.782Z",
        "modified": "2019-05-24T09:02:44.986Z",
        "columns": [
            56,
            59
        ]
    }
},
{
    "model": "ontask.condition",
    "pk": 6,
    "fields": {
        "action": 2,
        "name": "No Video 1",
        "description_text": "Didn't watch Video 1 Week 4",
        "formula": {
            "not": false,
            "rules": [
                {
                    "id": "Correct_1_W4",
                    "type": "double",
                    "field": "Correct_1_W4",
                    "input": "number",
                    "value": "0",
                    "operator": "equal"
                }
            ],
            "valid": true,
            "condition": "AND"
        },
        "n_rows_selected": 1,
        "is_filter": false,
        "created": "2019-04-15T21:59:06.981Z",
        "modified": "2019-05-24T09:02:45.023Z",
        "columns": [
            58
        ]
    }
},
{
    "model": "ontask.condition",
    "pk": 7,
    "fields": {
        "action": 2,
        "name": "No Video 2",
        "description_text": "Didn't watch Video 2 Week 4",
        "formula": {
            "not": false,
            "rules": [
                {
                    "id": "Video_2_W4",
                    "type": "double",
                    "field": "Video_2_W4",
                    "input": "number",
                    "value": "0",
                    "operator": "equal"
                }
            ],
            "valid": true,
            "condition": "AND"
        },
        "n_rows_selected": 3,
        "is_filter": false,
        "created": "2019-04-15T21:59:07.203Z",
        "modified": "2019-05-24T09:02:45.274Z",
        "columns": [
            59
        ]
    }
},
{
    "model": "ontask.condition",
    "pk": 8,
    "fields": {
        "action": 3,
        "name": "T1_LOW",
        "description_text": "Low score in topic 1",
        "formula": {
            "not": false,
            "rules": [
                {
                    "id": "Q01",
                    "type": "double",
                    "field": "Q01",
                    "input": "number",
                    "value": "0",
                    "operator": "equal"
                },
                {
                    "id": "Q02",
                    "type": "double",
                    "field": "Q02",
                    "input": "number",
                    "value": "0",
                    "operator": "equal"
                }
            ],
            "valid": true,
            "condition": "AND"
        },
        "n_rows_selected": 2,
        "is_filter": false,
        "created": "2019-04-15T21:59:08.109Z",
        "modified": "2019-05-24T09:02:45.447Z",
        "columns": [
            13,
            14
        ]
    }
},
{
    "model": "ontask.condition",
    "pk": 9,
    "fields": {
        "action": 3,
        "name": "T2_LOW",
        "description_text": "Low score in topic 2",
        "formula": {
            "not": false,
            "rules": [
                {
                    "id": "Q03",
                    "type": "double",
                    "field": "Q03",
                    "input": "number",
                    "value": "0",
                    "operator": "equal"
                },
                {
                    "id": "Q04",
                    "type": "double",
                    "field": "Q04",
                    "input": "number",
                    "value": "0",
                    "operator": "equal"
                }
            ],
            "valid": true,
            "condition": "AND"
        },
        "n_rows_selected": 3,
        "is_filter": false,
        "created": "2019-04-15T21:59:08.500Z",
        "modified": "2019-05-24T09:02:45.502Z",
        "columns": [
            15,
            16
        ]
    }
},
{
    "model": "ontask.condition",
    "pk": 10,
    "fields": {
        "action": 3,
        "name": "T3_LOW",
        "description_text": "Low score in topic 3",
        "formula": {
            "not": false,
            "rules": [
                {
                    "id": "Q05",
                    "type": "double",
                    "field": "Q05",
                    "input": "number",
                    "value": "0",
                    "operator": "equal"
                },
                {
                    "id": "Q06",
                    "type": "double",
                    "field": "Q06",
                    "input": "number",
                    "value": "0",
                    "operator": "equal"
                }
            ],
            "valid": true,
            "condition": "AND"
        },
        "n_rows_selected": 2,
        "is_filter": false,
        "created": "2019-04-15T21:59:08.813Z",
        "modified": "2019-05-24T09:02:45.556Z",
        "columns": [
            17,
            18
        ]
    }
},
{
    "model": "ontask.condition",
    "pk": 11,
    "fields": {
        "action": 3,
        "name": "T4_LOW",
        "description_text": "Low score in topic 4",
        "formula": {
            "not": false,
            "rules": [
                {
                    "id": "Q07",
                    "type": "double",
                    "field": "Q07",
                    "input": "number",
                    "value": "0",
                    "operator": "equal"
                },
                {
                    "id": "Q08",
                    "type": "double",
                    "field": "Q08",
                    "input": "number",
                    "value": "0",
                    "operator": "equal"
                }
            ],
            "valid": true,
            "condition": "AND"
        },
        "n_rows_selected": 2,
        "is_filter": false,
        "created": "2019-04-15T21:59:08.996Z",
        "modified": "2019-05-24T09:02:45.609Z",
        "columns": [
            19,
            20
        ]
    }
},
{
    "model": "ontask.condition",
    "pk": 12,
    "fields": {
        "action": 3,
        "name": "T5_LOW",
        "description_text": "Low score in topic 5",
        "formula": {
            "not": false,
            "rules": [
                {
                    "id": "Q09",
                    "type": "double",
                    "field": "Q09",
                    "input": "number",
                    "value": "0",
                    "operator": "equal"
                },
                {
                    "id": "Q10",
                    "type": "double",
                    "field": "Q10",
                    "input": "number",
                    "value": "0",
                    "operator": "equal"
                }
            ],
            "valid": true,
            "condition": "AND"
        },
        "n_rows_selected": 4,
        "is_filter": false,
        "created": "2019-04-15T21:59:09.198Z",
        "modified": "2019-05-24T09:02:45.663Z",
        "columns": [
            21,
            22
        ]
    }
},
{
    "model": "ontask.condition",
    "pk": 13,
    "fields": {
        "action": 3,
        "name": "T1_MID",
        "description_text": "One answer was correctly answered for topic 1",
        "formula": {
            "not": false,
            "rules": [
                {
                    "not": false,
                    "rules": [
                        {
                            "id": "Q01",
                            "type": "double",
                            "field": "Q01",
                            "input": "number",
                            "value": "0",
                            "operator": "equal"
                        },
                        {
                            "id": "Q02",
                            "type": "double",
                            "field": "Q02",
                            "input": "number",
                            "value": "1",
                            "operator": "equal"
                        }
                    ],
                    "condition": "AND"
                },
                {
                    "not": false,
                    "rules": [
                        {
                            "id": "Q01",
                            "type": "double",
                            "field": "Q01",
                            "input": "number",
                            "value": "1",
                            "operator": "equal"
                        },
                        {
                            "id": "Q02",
                            "type": "double",
                            "field": "Q02",
                            "input": "number",
                            "value": "0",
                            "operator": "equal"
                        }
                    ],
                    "condition": "AND"
                }
            ],
            "valid": true,
            "condition": "OR"
        },
        "n_rows_selected": 6,
        "is_filter": false,
        "created": "2019-04-15T21:59:09.438Z",
        "modified": "2019-05-24T09:02:45.465Z",
        "columns": [
            13,
            14
        ]
    }
},
{
    "model": "ontask.condition",
    "pk": 14,
    "fields": {
        "action": 3,
        "name": "T2_MID",
        "description_text": "One answer was correctly answered for topic 2",
        "formula": {
            "not": false,
            "rules": [
                {
                    "not": false,
                    "rules": [
                        {
                            "id": "Q03",
                            "type": "double",
                            "field": "Q03",
                            "input": "number",
                            "value": "0",
                            "operator": "equal"
                        },
                        {
                            "id": "Q04",
                            "type": "double",
                            "field": "Q04",
                            "input": "number",
                            "value": "1",
                            "operator": "equal"
                        }
                    ],
                    "condition": "AND"
                },
                {
                    "not": false,
                    "rules": [
                        {
                            "id": "Q03",
                            "type": "double",
                            "field": "Q03",
                            "input": "number",
                            "value": "1",
                            "operator": "equal"
                        },
                        {
                            "id": "Q04",
                            "type": "double",
                            "field": "Q04",
                            "input": "number",
                            "value": "0",
                            "operator": "equal"
                        }
                    ],
                    "condition": "AND"
                }
            ],
            "valid": true,
            "condition": "OR"
        },
        "n_rows_selected": 3,
        "is_filter": false,
        "created": "2019-04-15T21:59:09.656Z",
        "modified": "2019-05-24T09:02:45.520Z",
        "columns": [
            15,
            16
        ]
    }
},
{
    "model": "ontask.condition",
    "pk": 15,
    "fields": {
        "action": 3,
        "name": "T3_MID",
        "description_text": "One answer was correctly answered for topic 3",
        "formula": {
            "not": false,
            "rules": [
                {
                    "not": false,
                    "rules": [
                        {
                            "id": "Q05",
                            "type": "double",
                            "field": "Q05",
                            "input": "number",
                            "value": "0",
                            "operator": "equal"
                        },
                        {
                            "id": "Q06",
                            "type": "double",
                            "field": "Q06",
                            "input": "number",
                            "value": "1",
                            "operator": "equal"
                        }
                    ],
                    "condition": "AND"
                },
                {
                    "not": false,
                    "rules": [
                        {
                            "id": "Q05",
                            "type": "double",
                            "field": "Q05",
                            "input": "number",
                            "value": "1",
                            "operator": "equal"
                        },
                        {
                            "id": "Q06",
                            "type": "double",
                            "field": "Q06",
                            "input": "number",
                            "value": "0",
                            "operator": "equal"
                        }
                    ],
                    "condition": "AND"
                }
            ],
            "valid": true,
            "condition": "OR"
        },
        "n_rows_selected": 3,
        "is_filter": false,
        "created": "2019-04-15T21:59:10.035Z",
        "modified": "2019-05-24T09:02:45.574Z",
        "columns": [
            17,
            18
        ]
    }
},
{
    "model": "ontask.condition",
    "pk": 16,
    "fields": {
        "action": 3,
        "name": "T4_MID",
        "description_text": "One answer was correctly answered for topic 4",
        "formula": {
            "not": false,
            "rules": [
                {
                    "not": false,
                    "rules": [
                        {
                            "id": "Q07",
                            "type": "double",
                            "field": "Q07",
                            "input": "number",
                            "value": "0",
                            "operator": "equal"
                        },
                        {
                            "id": "Q08",
                            "type": "double",
                            "field": "Q08",
                            "input": "number",
                            "value": "1",
                            "operator": "equal"
                        }
                    ],
                    "condition": "AND"
                },
                {
                    "not": false,
                    "rules": [
                        {
                            "id": "Q07",
                            "type": "double",
                            "field": "Q07",
                            "input": "number",
                            "value": "1",
                            "operator": "equal"
                        },
                        {
                            "id": "Q08",
                            "type": "double",
                            "field": "Q08",
                            "input": "number",
                            "value": "0",
                            "operator": "equal"
                        }
                    ],
                    "condition": "AND"
                }
            ],
            "valid": true,
            "condition": "OR"
        },
        "n_rows_selected": 3,
        "is_filter": false,
        "created": "2019-04-15T21:59:10.388Z",
        "modified": "2019-05-24T09:02:45.627Z",
        "columns": [
            19,
            20
        ]
    }
},
{
    "model": "ontask.condition",
    "pk": 17,
    "fields": {
        "action": 3,
        "name": "T5_MID",
        "description_text": "One answer was correctly answered for topic 5",
        "formula": {
            "not": false,
            "rules": [
                {
                    "not": false,
                    "rules": [
                        {
                            "id": "Q09",
                            "type": "double",
                            "field": "Q09",
                            "input": "number",
                            "value": "0",
                            "operator": "equal"
                        },
                        {
                            "id": "Q10",
                            "type": "double",
                            "field": "Q10",
                            "input": "number",
                            "value": "1",
                            "operator": "equal"
                        }
                    ],
                    "condition": "AND"
                },
                {
                    "not": false,
                    "rules": [
                        {
                            "id": "Q09",
                            "type": "double",
                            "field": "Q09",
                            "input": "number",
                            "value": "1",
                            "operator": "equal"
                        },
                        {
                            "id": "Q10",
                            "type": "double",
                            "field": "Q10",
                            "input": "number",
                            "value": "0",
                            "operator": "equal"
                        }
                    ],
                    "condition": "AND"
                }
            ],
            "valid": true,
            "condition": "OR"
        },
        "n_rows_selected": 4,
        "is_filter": false,
        "created": "2019-04-15T21:59:10.779Z",
        "modified": "2019-05-24T09:02:45.681Z",
        "columns": [
            21,
            22
        ]
    }
},
{
    "model": "ontask.condition",
    "pk": 18,
    "fields": {
        "action": 3,
        "name": "T1_HIGH",
        "description_text": "High score in topic 1",
        "formula": {
            "not": false,
            "rules": [
                {
                    "id": "Q01",
                    "type": "double",
                    "field": "Q01",
                    "input": "number",
                    "value": "1",
                    "operator": "equal"
                },
                {
                    "id": "Q02",
                    "type": "double",
                    "field": "Q02",
                    "input": "number",
                    "value": "1",
                    "operator": "equal"
                }
            ],
            "valid": true,
            "condition": "AND"
        },
        "n_rows_selected": 4,
        "is_filter": false,
        "created": "2019-04-15T21:59:10.980Z",
        "modified": "2019-05-24T09:02:45.429Z",
        "columns": [
            13,
            14
        ]
    }
},
{
    "model": "ontask.condition",
    "pk": 19,
    "fields": {
        "action": 3,
        "name": "T2_HIGH",
        "description_text": "High score in topic 2",
        "formula": {
            "not": false,
            "rules": [
                {
                    "id": "Q03",
                    "type": "double",
                    "field": "Q03",
                    "input": "number",
                    "value": "1",
                    "operator": "equal"
                },
                {
                    "id": "Q04",
                    "type": "double",
                    "field": "Q04",
                    "input": "number",
                    "value": "1",
                    "operator": "equal"
                }
            ],
            "valid": true,
            "condition": "AND"
        },
        "n_rows_selected": 6,
        "is_filter": false,
        "created": "2019-04-15T21:59:11.179Z",
        "modified": "2019-05-24T09:02:45.484Z",
        "columns": [
            15,
            16
        ]
    }
},
{
    "model": "ontask.condition",
    "pk": 20,
    "fields": {
        "action": 3,
        "name": "T3_HIGH",
        "description_text": "High score in topic 3",
        "formula": {
            "not": false,
            "rules": [
                {
                    "id": "Q05",
                    "type": "double",
                    "field": "Q05",
                    "input": "number",
                    "value": "1",
                    "operator": "equal"
                },
                {
                    "id": "Q06",
                    "type": "double",
                    "field": "Q06",
                    "input": "number",
                    "value": "1",
                    "operator": "equal"
                }
            ],
            "valid": true,
            "condition": "AND"
        },
        "n_rows_selected": 7,
        "is_filter": false,
        "created": "2019-04-15T21:59:11.404Z",
        "modified": "2019-05-24T09:02:45.538Z",
        "columns": [
            17,
            18
        ]
    }
},
{
    "model": "ontask.condition",
    "pk": 21,
    "fields": {
        "action": 3,
        "name": "T4_HIGH",
        "description_text": "High score in topic 4",
        "formula": {
            "not": false,
            "rules": [
                {
                    "id": "Q07",
                    "type": "double",
                    "field": "Q07",
                    "input": "number",
                    "value": "1",
                    "operator": "equal"
                },
                {
                    "id": "Q08",
                    "type": "double",
                    "field": "Q08",
                    "input": "number",
                    "value": "1",
                    "operator": "equal"
                }
            ],
            "valid": true,
            "condition": "AND"
        },
        "n_rows_selected": 7,
        "is_filter": false,
        "created": "2019-04-15T21:59:11.609Z",
        "modified": "2019-05-24T09:02:45.591Z",
        "columns": [
            19,
            20
        ]
    }
},
{
    "model": "ontask.condition",
    "pk": 22,
    "fields": {
        "action": 3,
        "name": "T5_HIGH",
        "description_text": "High score in topic 5",
        "formula": {
            "not": false,
            "rules": [
                {
                    "id": "Q09",
                    "type": "double",
                    "field": "Q09",
                    "input": "number",
                    "value": "1",
                    "operator": "equal"
                },
                {
                    "id": "Q10",
                    "type": "double",
                    "field": "Q10",
                    "input": "number",
                    "value": "1",
                    "operator": "equal"
                }
            ],
            "valid": true,
            "condition": "AND"
        },
        "n_rows_selected": 4,
        "is_filter": false,
        "created": "2019-04-15T21:59:11.795Z",
        "modified": "2019-05-24T09:02:45.645Z",
        "columns": [
            21,
            22
        ]
    }
},
{
    "model": "ontask.condition",
    "pk": 23,
    "fields": {
        "action": 4,
        "name": "Less than 50 in the midterm",
        "description_text": "",
        "formula": {
            "not": false,
            "rules": [
                {
                    "id": "Total",
                    "type": "double",
                    "field": "Total",
                    "input": "number",
                    "value": "50",
                    "operator": "less"
                }
            ],
            "valid": true,
            "condition": "AND"
        },
        "n_rows_selected": 2,
        "is_filter": false,
        "created": "2019-04-15T21:59:13.518Z",
        "modified": "2019-05-24T09:02:45.732Z",
        "columns": [
            23
        ]
    }
},
{
    "model": "ontask.condition",
    "pk": 24,
    "fields": {
        "action": 4,
        "name": "More or equal to 50 in midterm",
        "description_text": "",
        "formula": {
            "not": false,
            "rules": [
                {
                    "id": "Total",
                    "type": "double",
                    "field": "Total",
                    "input": "number",
                    "value": "50",
                    "operator": "greater_or_equal"
                }
            ],
            "valid": true,
            "condition": "AND"
        },
        "n_rows_selected": 10,
        "is_filter": false,
        "created": "2019-04-15T21:59:13.715Z",
        "modified": "2019-05-24T09:02:45.750Z",
        "columns": [
            23
        ]
    }
},
{
    "model": "ontask.condition",
    "pk": 25,
    "fields": {
        "action": 6,
        "name": "Students with days online <= 7",
        "description_text": "These are the students that haven't connected to the discussion forum yet.",
        "formula": {
            "not": false,
            "rules": [
                {
                    "id": "Days online",
                    "type": "integer",
                    "field": "Days online",
                    "input": "number",
                    "value": "7",
                    "operator": "less_or_equal"
                }
            ],
            "valid": true,
            "condition": "AND"
        },
        "n_rows_selected": 2,
        "is_filter": true,
        "created": "2019-04-15T21:59:14.811Z",
        "modified": "2019-05-24T09:02:45.799Z",
        "columns": [
            40
        ]
    }
},
{
    "model": "ontask.condition",
    "pk": 26,
    "fields": {
        "action": 4,
        "name": "",
        "description_text": "There is an exam score",
        "formula": {
            "not": false,
            "rules": [
                {
                    "id": "Total",
                    "type": "double",
                    "field": "Total",
                    "input": "number",
                    "value": null,
                    "operator": "is_not_null"
                }
            ],
            "valid": true,
            "condition": "AND"
        },
        "n_rows_selected": 12,
        "is_filter": true,
        "created": "2019-04-15T22:00:36.803Z",
        "modified": "2019-05-24T09:02:45.715Z",
        "columns": [
            23
        ]
    }
},
{
    "model": "ontask.condition",
    "pk": 27,
    "fields": {
        "action": 7,
        "name": "Enrolled in FASS",
        "description_text": "",
        "formula": {
            "not": false,
            "rules": [
                {
                    "id": "Program",
                    "type": "string",
                    "field": "Program",
                    "input": "text",
                    "value": "FASS",
                    "operator": "equal"
                }
            ],
            "valid": true,
            "condition": "AND"
        },
        "n_rows_selected": 2,
        "is_filter": false,
        "created": "2019-04-15T22:10:31.640Z",
        "modified": "2019-05-24T09:02:45.319Z",
        "columns": [
            8
        ]
    }
},
{
    "model": "ontask.condition",
    "pk": 28,
    "fields": {
        "action": 7,
        "name": "Enrolled in FEIT",
        "description_text": "",
        "formula": {
            "not": false,
            "rules": [
                {
                    "id": "Program",
                    "type": "string",
                    "field": "Program",
                    "input": "text",
                    "value": "FEIT",
                    "operator": "equal"
                }
            ],
            "valid": true,
            "condition": "AND"
        },
        "n_rows_selected": 3,
        "is_filter": false,
        "created": "2019-04-15T22:10:37.936Z",
        "modified": "2019-05-24T09:02:45.337Z",
        "columns": [
            8
        ]
    }
},
{
    "model": "ontask.condition",
    "pk": 29,
    "fields": {
        "action": 7,
        "name": "Enrolled in SMED",
        "description_text": "",
        "formula": {
            "not": false,
            "rules": [
                {
                    "id": "Program",
                    "type": "string",
                    "field": "Program",
                    "input": "text",
                    "value": "SMED",
                    "operator": "equal"
                }
            ],
            "valid": true,
            "condition": "AND"
        },
        "n_rows_selected": 3,
        "is_filter": false,
        "created": "2019-04-15T22:10:44.355Z",
        "modified": "2019-05-24T09:02:45.373Z",
        "columns": [
            8
        ]
    }
},
{
    "model": "ontask.condition",
    "pk": 30,
    "fields": {
        "action": 7,
        "name": "Enrolled in FSCI",
        "description_text": "",
        "formula": {
            "not": false,
            "rules": [
                {
                    "id": "Program",
                    "type": "string",
                    "field": "Program",
                    "input": "text",
                    "value": "FSCI",
                    "operator": "equal"
                }
            ],
            "valid": true,
            "condition": "AND"
        },
        "n_rows_selected": 6,
        "is_filter": false,
        "created": "2019-04-15T22:10:49.358Z",
        "modified": "2019-05-24T09:02:45.355Z",
        "columns": [
            8
        ]
    }
},
{
    "model": "ontask.condition",
    "pk": 31,
    "fields": {
        "action": 3,
        "name": "",
        "description_text": "",
        "formula": {
            "not": false,
            "rules": [
                {
                    "id": "Q01",
                    "type": "double",
                    "field": "Q01",
                    "input": "number",
                    "value": null,
                    "operator": "is_not_null"
                }
            ],
            "valid": true,
            "condition": "AND"
        },
        "n_rows_selected": 12,
        "is_filter": true,
        "created": "2019-05-24T08:59:52.560Z",
        "modified": "2019-05-24T09:02:45.411Z",
        "columns": [
            13
        ]
    }
},
{
    "model": "ontask.actioncolumnconditiontuple",
    "pk": 1,
    "fields": {
        "action": 1,
        "column": 44,
        "condition": null
    }
},
{
    "model": "ontask.actioncolumnconditiontuple",
    "pk": 2,
    "fields": {
        "action": 2,
        "column": 44,
        "condition": null
    }
},
{
    "model": "ontask.actioncolumnconditiontuple",
    "pk": 3,
    "fields": {
        "action": 2,
        "column": 47,
        "condition": null
    }
},
{
    "model": "ontask.actioncolumnconditiontuple",
    "pk": 4,
    "fields": {
        "action": 2,
        "column": 58,
        "condition": null
    }
},
{
    "model": "ontask.actioncolumnconditiontuple",
    "pk": 5,
    "fields": {
        "action": 2,
        "column": 59,
        "condition": null
    }
},
{
    "model": "ontask.actioncolumnconditiontuple",
    "pk": 6,
    "fields": {
        "action": 3,
        "column": 13,
        "condition": null
    }
},
{
    "model": "ontask.actioncolumnconditiontuple",
    "pk": 7,
    "fields": {
        "action": 3,
        "column": 14,
        "condition": null
    }
},
{
    "model": "ontask.actioncolumnconditiontuple",
    "pk": 8,
    "fields": {
        "action": 3,
        "column": 15,
        "condition": null
    }
},
{
    "model": "ontask.actioncolumnconditiontuple",
    "pk": 9,
    "fields": {
        "action": 3,
        "column": 16,
        "condition": null
    }
},
{
    "model": "ontask.actioncolumnconditiontuple",
    "pk": 10,
    "fields": {
        "action": 3,
        "column": 17,
        "condition": null
    }
},
{
    "model": "ontask.actioncolumnconditiontuple",
    "pk": 11,
    "fields": {
        "action": 3,
        "column": 18,
        "condition": null
    }
},
{
    "model": "ontask.actioncolumnconditiontuple",
    "pk": 12,
    "fields": {
        "action": 3,
        "column": 19,
        "condition": null
    }
},
{
    "model": "ontask.actioncolumnconditiontuple",
    "pk": 13,
    "fields": {
        "action": 3,
        "column": 20,
        "condition": null
    }
},
{
    "model": "ontask.actioncolumnconditiontuple",
    "pk": 14,
    "fields": {
        "action": 3,
        "column": 21,
        "condition": null
    }
},
{
    "model": "ontask.actioncolumnconditiontuple",
    "pk": 15,
    "fields": {
        "action": 3,
        "column": 22,
        "condition": null
    }
},
{
    "model": "ontask.actioncolumnconditiontuple",
    "pk": 16,
    "fields": {
        "action": 4,
        "column": 23,
        "condition": null
    }
},
{
    "model": "ontask.actioncolumnconditiontuple",
    "pk": 17,
    "fields": {
        "action": 5,
        "column": 2,
        "condition": null
    }
},
{
    "model": "ontask.actioncolumnconditiontuple",
    "pk": 18,
    "fields": {
        "action": 5,
        "column": 11,
        "condition": null
    }
},
{
    "model": "ontask.actioncolumnconditiontuple",
    "pk": 19,
    "fields": {
        "action": 5,
        "column": 12,
        "condition": null
    }
},
{
    "model": "ontask.actioncolumnconditiontuple",
    "pk": 20,
    "fields": {
        "action": 7,
        "column": 8,
        "condition": null
    }
},
{
    "model": "ontask.log",
    "pk": 1,
    "fields": {
        "user": [
            "instructor01@bogus.com"
        ],
        "created": "2019-04-15T21:59:18.260Z",
        "modified": "2019-04-15T21:59:18.260Z",
        "name": "workflow_import",
        "workflow": 1,
        "payload": {
            "id": 1,
            "name": "BIOL1011"
        }
    }
},
{
    "model": "ontask.log",
    "pk": 2,
    "fields": {
        "user": [
            "instructor01@bogus.com"
        ],
        "created": "2019-04-15T21:59:58.747Z",
        "modified": "2019-04-15T21:59:58.748Z",
        "name": "action_update",
        "workflow": 1,
        "payload": {
            "id": 3,
            "name": "Midterm comments",
            "content": "<p>Dear\u00a0{{ first_name }}</p><p>Here are the comments about your answers to the midterm exam (ordered by topic).</p><h4 style=\"font-family: \"Helvetica Neue\", Helvetica, Arial, sans-serif; color: rgb(0, 0, 0);\">Chemistry and Molecules of Life</h4><p>{% if T1_LOW %}You need to review the concepts in this topic. It is important that you identify those molecules that are important in a living organism, and differentiate them from other molecules. Also, make sure you review the basic steps of the chemical reactions we discussed in class.{% endif %}</p><p>{% if T1_MID %}You need to review this topic again. Make sure you easily identify which molecules are present, for example, inside a cell and differentiate them from other.{% endif %}</p><p>{% if T1_HIGH %}Good work with this topic!{% endif %}</p><h4 style=\"font-family: \"Helvetica Neue\", Helvetica, Arial, sans-serif; color: rgb(0, 0, 0);\">Cell function and structure</h4><p>{% if T2_LOW %}Go back and review in depth this chapter. You need to be able to identify the parts of the cell, and more importantly, the role they play in the various functions. It may help to build first a table of these functions, then a table of the parts of the cell, and then a paragraph in each category connecting one element from each table.{% endif %}</p><p>{% if T2_MID %}You need to review the cell function and structure. You confused some of the parts and you need to make sure you are sure about all the functions and the parts that participate in each of them.{% endif %}</p><p>{% if T2_HIGH %}Good work with this material! Can you envision how the cell gets the basic blocks for some of the functions such as DNA duplication?{% endif %}</p><h4 style=\"font-family: \"Helvetica Neue\", Helvetica, Arial, sans-serif; color: rgb(0, 0, 0);\">Nutrition, Metabolism & Enzymes</h4><p>{% if T3_LOW %}Take another thorough review of this block. You need to connect the elements required in the cell to perform nutrition processes with the components required, and more importantly, with the enzymes that regulate these processes.{% endif %}</p><p>{% if T3_MID %}You need to go back and review a bit more this part. Look again at the various processes that comprise what we call the metabolism of the cell, and the role of each enzyme in these processes.{% endif %}</p><p>{% if T3_HIGH %}Good work with this block. Can you envision which metabolic processes will be affected if there are not enough nutrients reaching the cell? Can you think of any disease that is connected to these elements?{% endif %}</p><h4 style=\"font-family: \"Helvetica Neue\", Helvetica, Arial, sans-serif; color: rgb(0, 0, 0);\"><span style=\"color: inherit; font-family: inherit;\">Cell Division</span></h4><p>{% if T4_LOW %}You need to review the material about mitosis and meiosis. The two processes have analogies and differences, you have to be able to analyse the steps and connect them with the other elements in the cell that participate.{% endif %}</p><p>{% if T4_MID %}Good work with this topic, but you still need to review the material because some of the questions were not correctly answered. See if you can draw a diagram of the ttwo processes (mitosis and meiosis) without looking at the notes.{% endif %}</p><p>{% if T4_HIGH %}Good work with this block!{% endif %}</p><h4 style=\"font-family: \"Helvetica Neue\", Helvetica, Arial, sans-serif; color: rgb(0, 0, 0);\">DNA Structure and Replication</h4><p>{% if T5_LOW %}Go back and review the structure of the DNA and its replication process. You need to be able to identify the different parts of the molecule, the basic elements, and how are they connected. Additionally, you need to be able to explain in detail the replication process.{% endif %}</p><p>{% if T5_MID %}You need to review a bit more this block. Make sure you understand the role of each of the parts of the molecule with the replication process.{% endif %}</p><p>{% if T5_HIGH %}Good work with this topic. Can you identify anomalies that may appear during the replication process?{% endif %}</p><p>Your total score for the midterm is\u00a0{{ mt_total }}.</p><p>Kind regards</p><p>{{ Coordinator name }}</p><p>{{ Course name }}</p><div><br></div>",
            "workflow_id": 1,
            "workflow_name": "BIOL1011"
        }
    }
},
{
    "model": "ontask.log",
    "pk": 3,
    "fields": {
        "user": [
            "instructor01@bogus.com"
        ],
        "created": "2019-04-15T22:00:36.837Z",
        "modified": "2019-04-15T22:00:36.837Z",
        "name": "filter_create",
        "workflow": 1,
        "payload": {
            "id": 26,
            "name": "",
            "formula": "(((\"Total\" is not null)))",
            "selected_rows": 12
        }
    }
},
{
    "model": "ontask.log",
    "pk": 4,
    "fields": {
        "user": [
            "instructor01@bogus.com"
        ],
        "created": "2019-04-15T22:00:50.059Z",
        "modified": "2019-04-15T22:00:50.059Z",
        "name": "action_update",
        "workflow": 1,
        "payload": {
            "id": 4,
            "name": "Send JSON to remote server",
            "content": "{\r\n  \"sid\": {{ SID }},\r\n  \"midterm_total\": {{ Total }},\r\n  \"msg\":\r\n     {% if Less than 50 in the midterm %}\"Message number 1\"{% endif %}\r\n    {% if More or equal to 50 in midterm %}\"Message number 2\"{% endif %}\r\n}",
            "workflow_id": 1,
            "workflow_name": "BIOL1011"
        }
    }
},
{
    "model": "ontask.log",
    "pk": 5,
    "fields": {
        "user": [
            "instructor01@bogus.com"
        ],
        "created": "2019-04-15T22:01:54.604Z",
        "modified": "2019-04-15T22:01:54.604Z",
        "name": "action_update",
        "workflow": 1,
        "payload": {
            "id": 6,
            "name": "Suggestions about the forum",
            "content": "<p>Dear\u00a0{{ first_name }}</p><p>This is just a reminder to let you know that the activities in this course will rely on the discussions appearing in the forum. See if you can take a look at the messages currently there and let us know if you need any additional information from us.</p><p>Regards.</p><p>{{ Coordinator name }}</p><p>{{ Course name }}</p>",
            "workflow_id": 1,
            "workflow_name": "BIOL1011"
        }
    }
},
{
    "model": "ontask.log",
    "pk": 6,
    "fields": {
        "user": [
            "instructor01@bogus.com"
        ],
        "created": "2019-04-15T22:04:23.397Z",
        "modified": "2019-04-15T22:04:23.398Z",
        "name": "action_create",
        "workflow": 1,
        "payload": {
            "id": 7,
            "name": "Initial motivation",
            "workflow_id": 1,
            "workflow_name": "BIOL1011"
        }
    }
},
{
    "model": "ontask.log",
    "pk": 7,
    "fields": {
        "user": [
            "instructor01@bogus.com"
        ],
        "created": "2019-04-15T22:08:57.052Z",
        "modified": "2019-04-15T22:08:57.052Z",
        "name": "action_update",
        "workflow": 1,
        "payload": {
            "id": 7,
            "name": "Initial motivation",
            "content": "Dear {{ GivenName }}\r\n\r\nWe are just starting this course and I thought it would be good to share with you how this course will help you acquire the skills that are required for professionals in your area.",
            "workflow_id": 1,
            "workflow_name": "BIOL1011"
        }
    }
},
{
    "model": "ontask.log",
    "pk": 8,
    "fields": {
        "user": [
            "instructor01@bogus.com"
        ],
        "created": "2019-04-15T22:10:31.664Z",
        "modified": "2019-04-15T22:10:31.664Z",
        "name": "condition_create",
        "workflow": 1,
        "payload": {
            "id": 27,
            "name": "Enrolled in FASS",
            "formula": "(((\"Program\" = %s) AND (\"Program\" is not null)))",
            "selected_rows": 2
        }
    }
},
{
    "model": "ontask.log",
    "pk": 9,
    "fields": {
        "user": [
            "instructor01@bogus.com"
        ],
        "created": "2019-04-15T22:10:37.959Z",
        "modified": "2019-04-15T22:10:37.959Z",
        "name": "condition_clone",
        "workflow": 1,
        "payload": {
            "id_new": 28,
            "id_old": 27,
            "name_new": "Copy of Enrolled in FASS",
            "name_old": "Enrolled in FASS"
        }
    }
},
{
    "model": "ontask.log",
    "pk": 10,
    "fields": {
        "user": [
            "instructor01@bogus.com"
        ],
        "created": "2019-04-15T22:10:44.358Z",
        "modified": "2019-04-15T22:10:44.358Z",
        "name": "condition_clone",
        "workflow": 1,
        "payload": {
            "id_new": 29,
            "id_old": 28,
            "name_new": "Copy of Copy of Enrolled in FASS",
            "name_old": "Copy of Enrolled in FASS"
        }
    }
},
{
    "model": "ontask.log",
    "pk": 11,
    "fields": {
        "user": [
            "instructor01@bogus.com"
        ],
        "created": "2019-04-15T22:10:49.362Z",
        "modified": "2019-04-15T22:10:49.362Z",
        "name": "condition_clone",
        "workflow": 1,
        "payload": {
            "id_new": 30,
            "id_old": 29,
            "name_new": "Copy of Copy of Copy of Enrolled in FASS",
            "name_old": "Copy of Copy of Enrolled in FASS"
        }
    }
},
{
    "model": "ontask.log",
    "pk": 12,
    "fields": {
        "user": [
            "instructor01@bogus.com"
        ],
        "created": "2019-04-15T22:11:04.679Z",
        "modified": "2019-04-15T22:11:04.679Z",
        "name": "condition_update",
        "workflow": 1,
        "payload": {
            "id": 28,
            "name": "Enrolled in FEIT",
            "formula": "(((\"Program\" = %s) AND (\"Program\" is not null)))",
            "selected_rows": 3
        }
    }
},
{
    "model": "ontask.log",
    "pk": 13,
    "fields": {
        "user": [
            "instructor01@bogus.com"
        ],
        "created": "2019-04-15T22:11:22.216Z",
        "modified": "2019-04-15T22:11:22.216Z",
        "name": "condition_update",
        "workflow": 1,
        "payload": {
            "id": 29,
            "name": "Enrolled in SMED",
            "formula": "(((\"Program\" = %s) AND (\"Program\" is not null)))",
            "selected_rows": 3
        }
    }
},
{
    "model": "ontask.log",
    "pk": 14,
    "fields": {
        "user": [
            "instructor01@bogus.com"
        ],
        "created": "2019-04-15T22:11:53.299Z",
        "modified": "2019-04-15T22:11:53.299Z",
        "name": "condition_update",
        "workflow": 1,
        "payload": {
            "id": 30,
            "name": "Enrolled in FSCI",
            "formula": "(((\"Program\" = %s) AND (\"Program\" is not null)))",
            "selected_rows": 6
        }
    }
},
{
    "model": "ontask.log",
    "pk": 15,
    "fields": {
        "user": [
            "instructor01@bogus.com"
        ],
        "created": "2019-04-15T22:13:51.787Z",
        "modified": "2019-04-15T22:13:51.787Z",
        "name": "action_update",
        "workflow": 1,
        "payload": {
            "id": 7,
            "name": "Initial motivation",
            "content": "Dear {{ GivenName }}\r\n\r\nWe are just starting this course and I thought it would be good to share with you how this course will help you acquire the skills that are required for professionals in your area.\r\n\r\n{% if Enrolled in FASS %}Text for the students that are enrolled in FASS.{% endif %}\r\n\r\n{% if Enrolled in FEIT %}Text for the students that are enrolled in FEIT.{% endif %}\r\n\r\n{% if Enrolled in SMED %}Text for the students that are enrolled in SMED.{% endif %}\r\n\r\n{% if Enrolled in FSCI %}Text for the students that are enrolled in FSCI.{% endif %}\r\n\r\nIf you want additional information, do not hesitate to contact me.\r\n\r\n{{ Coordinator name }}\r\n\r\n{{ Course name }}",
            "workflow_id": 1,
            "workflow_name": "BIOL1011"
        }
    }
},
{
    "model": "ontask.log",
    "pk": 16,
    "fields": {
        "user": [
            "instructor01@bogus.com"
        ],
        "created": "2019-04-15T22:14:35.775Z",
        "modified": "2019-04-15T22:14:35.775Z",
        "name": "action_update",
        "workflow": 1,
        "payload": {
            "id": 7,
            "name": "Initial motivation",
            "content": "Dear {{ GivenName }}\r\n\r\nWe are just starting this course and I thought it would be good to share with you how this course will help you acquire the skills that are required for professionals in your area.\r\n\r\n\r\n{% if Enrolled in FASS %}Text for the students that are enrolled in FASS.{% endif %}\r\n\r\n{% if Enrolled in FEIT %}Text for the students that are enrolled in FEIT.{% endif %}\r\n\r\n{% if Enrolled in SMED %}Text for the students that are enrolled in SMED.{% endif %}\r\n\r\n{% if Enrolled in FSCI %}Text for the students that are enrolled in FSCI.{% endif %}\r\n\r\n\r\nIf you want additional information, do not hesitate to contact me.\r\n\r\n{{ Coordinator name }}\r\n\r\n{{ Course name }}",
            "workflow_id": 1,
            "workflow_name": "BIOL1011"
        }
    }
},
{
    "model": "ontask.log",
    "pk": 17,
    "fields": {
        "user": [
            "instructor01@bogus.com"
        ],
        "created": "2019-04-15T22:15:06.708Z",
        "modified": "2019-04-15T22:15:06.708Z",
        "name": "workflow_attribute_create",
        "workflow": 1,
        "payload": {
            "id": 1,
            "name": "BIOL1011",
            "attr_key": "Coordinator name",
            "attr_val": "Sarah Jones -- Course coordinator"
        }
    }
},
{
    "model": "ontask.log",
    "pk": 18,
    "fields": {
        "user": [
            "instructor01@bogus.com"
        ],
        "created": "2019-04-15T22:16:06.478Z",
        "modified": "2019-04-15T22:16:06.478Z",
        "name": "action_update",
        "workflow": 1,
        "payload": {
            "id": 7,
            "name": "Initial motivation",
            "content": "Dear {{ GivenName }}\r\n\r\nWe are just starting this course and I thought it would be good to share with you how this course will help you acquire the skills that are required for professionals in your area.\r\n\r\n\r\n{% if Enrolled in FASS %}Text for the students that are enrolled in FASS.{% endif %}\r\n\r\n{% if Enrolled in FEIT %}Text for the students that are enrolled in FEIT.{% endif %}\r\n\r\n{% if Enrolled in SMED %}Text for the students that are enrolled in SMED.{% endif %}\r\n\r\n{% if Enrolled in FSCI %}Text for the students that are enrolled in FSCI.{% endif %}\r\n\r\n\r\nIf you want additional information, do not hesitate to contact me.\r\n\r\n{{ Coordinator name }}\r\n\r\n{{ Course name }}",
            "workflow_id": 1,
            "workflow_name": "BIOL1011"
        }
    }
},
{
    "model": "ontask.log",
    "pk": 19,
    "fields": {
        "user": [
            "instructor01@bogus.com"
        ],
        "created": "2019-04-15T22:46:25.789Z",
        "modified": "2019-04-15T22:46:25.789Z",
        "name": "schedule_email_edit",
        "workflow": 1,
        "payload": {
            "action": "Comments about how to prepare the lecture (Week 4)",
            "execute": "2121-10-01T08:14:00+10:30",
            "subject": "How is this course connected with your career",
            "cc_email": [],
            "action_id": 2,
            "bcc_email": [],
            "track_read": false,
            "email_column": "email",
            "send_confirmation": false
        }
    }
},
{
    "model": "ontask.log",
    "pk": 20,
    "fields": {
        "user": [
            "instructor01@bogus.com"
        ],
        "created": "2019-05-24T08:59:52.639Z",
        "modified": "2019-05-24T08:59:52.639Z",
        "name": "filter_create",
        "workflow": 1,
        "payload": {
            "id": 31,
            "name": "",
            "formula": "Q01 is not null",
            "selected_rows": 12
        }
    }
},
{
    "model": "ontask.log",
    "pk": 21,
    "fields": {
        "user": [
            "instructor01@bogus.com"
        ],
        "created": "2019-05-24T09:01:16.375Z",
        "modified": "2019-05-24T09:01:16.375Z",
        "name": "action_update",
        "workflow": 1,
        "payload": {
            "id": 3,
            "name": "Midterm comments",
            "content": "<p>Dear\u00a0{{ first_name }}</p><p>Here are the comments about your answers to the midterm exam (ordered by topic).</p><h4 style=\"font-family: \" helvetica=\"\" neue\",=\"\" helvetica,=\"\" arial,=\"\" sans-serif;=\"\" color:=\"\" rgb(0,=\"\" 0,=\"\" 0);\"=\"\">Chemistry and Molecules of Life</h4><p>{% if T1_LOW %}You need to review the concepts in this topic. It is important that you identify those molecules that are important in a living organism, and differentiate them from other molecules. Also, make sure you review the basic steps of the chemical reactions we discussed in class.{% endif %}</p><p>{% if T1_MID %}You need to review this topic again. Make sure you easily identify which molecules are present, for example, inside a cell and differentiate them from other.{% endif %}</p><p>{% if T1_HIGH %}Good work with this topic!{% endif %}</p><h4 style=\"font-family: \" helvetica=\"\" neue\",=\"\" helvetica,=\"\" arial,=\"\" sans-serif;=\"\" color:=\"\" rgb(0,=\"\" 0,=\"\" 0);\"=\"\">Cell function and structure</h4><p>{% if T2_LOW %}Go back and review in depth this chapter. You need to be able to identify the parts of the cell, and more importantly, the role they play in the various functions. It may help to build first a table of these functions, then a table of the parts of the cell, and then a paragraph in each category connecting one element from each table.{% endif %}</p><p>{% if T2_MID %}You need to review the cell function and structure. You confused some of the parts and you need to make sure you are sure about all the functions and the parts that participate in each of them.{% endif %}</p><p>{% if T2_HIGH %}Good work with this material! Can you envision how the cell gets the basic blocks for some of the functions such as DNA duplication?{% endif %}</p><h4 style=\"font-family: \" helvetica=\"\" neue\",=\"\" helvetica,=\"\" arial,=\"\" sans-serif;=\"\" color:=\"\" rgb(0,=\"\" 0,=\"\" 0);\"=\"\">Nutrition, Metabolism & Enzymes</h4><p>{% if T3_LOW %}Take another thorough review of this block. You need to connect the elements required in the cell to perform nutrition processes with the components required, and more importantly, with the enzymes that regulate these processes.{% endif %}</p><p>{% if T3_MID %}You need to go back and review a bit more this part. Look again at the various processes that comprise what we call the metabolism of the cell, and the role of each enzyme in these processes.{% endif %}</p><p>{% if T3_HIGH %}Good work with this block. Can you envision which metabolic processes will be affected if there are not enough nutrients reaching the cell? Can you think of any disease that is connected to these elements?{% endif %}</p><h4 style=\"font-family: \" helvetica=\"\" neue\",=\"\" helvetica,=\"\" arial,=\"\" sans-serif;=\"\" color:=\"\" rgb(0,=\"\" 0,=\"\" 0);\"=\"\"><span style=\"color: inherit; font-family: inherit;\">Cell Division</span></h4><p>{% if T4_LOW %}You need to review the material about mitosis and meiosis. The two processes have analogies and differences, you have to be able to analyse the steps and connect them with the other elements in the cell that participate.{% endif %}</p><p>{% if T4_MID %}Good work with this topic, but you still need to review the material because some of the questions were not correctly answered. See if you can draw a diagram of the ttwo processes (mitosis and meiosis) without looking at the notes.{% endif %}</p><p>{% if T4_HIGH %}Good work with this block!{% endif %}</p><h4 style=\"font-family: \" helvetica=\"\" neue\",=\"\" helvetica,=\"\" arial,=\"\" sans-serif;=\"\" color:=\"\" rgb(0,=\"\" 0,=\"\" 0);\"=\"\">DNA Structure and Replication</h4><p>{% if T5_LOW %}Go back and review the structure of the DNA and its replication process. You need to be able to identify the different parts of the molecule, the basic elements, and how are they connected. Additionally, you need to be able to explain in detail the replication process.{% endif %}</p><p>{% if T5_MID %}You need to review a bit more this block. Make sure you understand the role of each of the parts of the molecule with the replication process.{% endif %}</p><p>{% if T5_HIGH %}Good work with this topic. Can you identify anomalies that may appear during the replication process?{% endif %}</p><p>Your total score for the midterm is\u00a0{{ mt_total }}.</p><p>Kind regards</p><p>{{ Coordinator name }}</p><p>{{ Course name }}</p><div><br></div>",
            "workflow_id": 1,
            "workflow_name": "BIOL1011"
        }
    }
},
{
    "model": "ontask.log",
    "pk": 22,
    "fields": {
        "user": [
            "instructor01@bogus.com"
        ],
        "created": "2019-05-24T09:01:53.720Z",
        "modified": "2019-05-24T09:01:53.720Z",
        "name": "action_update",
        "workflow": 1,
        "payload": {
            "id": 4,
            "name": "Send JSON to remote server",
            "content": "{\r\n  \"sid\": {{ SID }},\r\n  \"midterm_total\": {{ Total }},\r\n  \"msg\":\r\n     {% if Less than 50 in the midterm %}\"Message number 1\"{% endif %}\r\n    {% if More or equal to 50 in midterm %}\"Message number 2\"{% endif %}\r\n}",
            "workflow_id": 1,
            "workflow_name": "BIOL1011"
        }
    }
},
{
    "model": "ontask.log",
    "pk": 23,
    "fields": {
        "user": [
            "instructor01@bogus.com"
        ],
        "created": "2019-05-24T09:02:17.695Z",
        "modified": "2019-05-24T09:02:17.695Z",
        "name": "action_update",
        "workflow": 1,
        "payload": {
            "id": 6,
            "name": "Suggestions about the forum",
            "content": "<p>Dear\u00a0{{ first_name }}</p><p>This is just a reminder to let you know that the activities in this course will rely on the discussions appearing in the forum. See if you can take a look at the messages currently there and let us know if you need any additional information from us.</p><p>Regards.</p><p>{{ Coordinator name }}</p><p>{{ Course name }}</p>",
            "workflow_id": 1,
            "workflow_name": "BIOL1011"
        }
    }
},
{
    "model": "ontask.log",
    "pk": 24,
    "fields": {
        "user": [
            "instructor01@bogus.com"
        ],
        "created": "2019-05-24T09:02:45.818Z",
        "modified": "2019-05-24T09:02:45.818Z",
        "name": "survey_input",
        "workflow": 1,
        "payload": {
            "id": 1,
            "name": "BIOL1011",
            "action": "Student comments Week 1",
            "action_id": 5,
            "new_values": "[[\"Difficult Week 1\", \"Concept 1\"], [\"Sat W1\", \"Metabolism\"]]"
        }
    }
},
{
    "model": "ontask.log",
    "pk": 25,
    "fields": {
        "user": [
            "instructor01@bogus.com"
        ],
        "created": "2019-05-24T09:03:19.133Z",
        "modified": "2019-05-24T09:03:19.840Z",
        "name": "schedule_email_execute",
        "workflow": 1,
        "payload": {
            "action": "Suggestions about the forum",
            "status": "Execution finished successfully",
            "subject": "Forum activity",
            "cc_email": [],
            "datetime": "2019-05-24 18:33:19.813465+09:30",
            "action_id": 6,
            "bcc_email": [],
            "from_email": "instructor01@bogus.com",
            "track_read": false,
            "email_column": "email",
            "objects_sent": 2,
            "exclude_values": [],
            "filter_present": true,
            "exported_workflow": false,
            "send_confirmation": false
        }
    }
},
{
    "model": "ontask.log",
    "pk": 26,
    "fields": {
        "user": [
            "instructor01@bogus.com"
        ],
        "created": "2019-05-24T09:03:19.593Z",
        "modified": "2019-05-24T09:03:19.593Z",
        "name": "action_email_sent",
        "workflow": 1,
        "payload": {
            "body": "<p>Dear\u00a0</p><p>This is just a reminder to let you know that the activities in this course will rely on the discussions appearing in the forum. See if you can take a look at the messages currently there and let us know if you need any additional information from us.</p><p>Regards.</p><p>Sarah Jones -- Course coordinator</p><p>Cell Biology</p>",
            "user": 11,
            "action": 6,
            "subject": "Forum activity",
            "to_email": "ucdx8510@bogus.com",
            "from_email": "instructor01@bogus.com",
            "action_name": "Suggestions about the forum",
            "email_sent_datetime": "2019-05-24 18:33:19.593167+09:30"
        }
    }
},
{
    "model": "ontask.log",
    "pk": 27,
    "fields": {
        "user": [
            "instructor01@bogus.com"
        ],
        "created": "2019-05-24T09:03:19.623Z",
        "modified": "2019-05-24T09:03:19.623Z",
        "name": "action_email_sent",
        "workflow": 1,
        "payload": {
            "body": "<p>Dear\u00a0</p><p>This is just a reminder to let you know that the activities in this course will rely on the discussions appearing in the forum. See if you can take a look at the messages currently there and let us know if you need any additional information from us.</p><p>Regards.</p><p>Sarah Jones -- Course coordinator</p><p>Cell Biology</p>",
            "user": 11,
            "action": 6,
            "subject": "Forum activity",
            "to_email": "ctfh9946@bogus.com",
            "from_email": "instructor01@bogus.com",
            "action_name": "Suggestions about the forum",
            "email_sent_datetime": "2019-05-24 18:33:19.593167+09:30"
        }
    }
},
{
    "model": "ontask.scheduledaction",
    "pk": 1,
    "fields": {
        "user": [
            "instructor01@bogus.com"
        ],
        "name": "Week 2 motivation message",
        "description_text": "Send the motivation message to all students depending on their program",
        "action": 2,
        "created": "2019-04-15T22:46:25.569Z",
        "execute": "2121-09-30T21:44:00Z",
        "status": "pending",
        "item_column": 2,
        "exclude_values": [],
        "last_executed_log": null,
        "payload": {
            "subject": "How is this course connected with your career",
            "cc_email": [],
            "bcc_email": [],
            "track_read": false,
            "send_confirmation": false
        }
    }
}
]
