[
{
    "model": "auth.group",
    "pk": 1,
    "fields": {
        "name": "instructor",
        "permissions": []
    }
},
{
    "model": "sites.site",
    "pk": 1,
    "fields": {
        "domain": "127.0.0.1:8000",
        "name": "127.0.0.1:8000"
    }
},
{
    "model": "authtools.user",
    "pk": 2,
    "fields": {
        "password": "argon2$argon2i$v=19$m=512,t=2,p=2$bk9KRTlKZ2xxbDlB$cAe2f8x6BpprOod9BCaOKg",
        "last_login": null,
        "is_superuser": false,
        "email": "instructor02@bogus.com",
        "is_staff": false,
        "is_active": true,
        "date_joined": "2018-09-06T00:02:08.903Z",
        "name": "User Name",
        "groups": [
            [
                "instructor"
            ]
        ],
        "user_permissions": []
    }
},
{
    "model": "authtools.user",
    "pk": 3,
    "fields": {
        "password": "argon2$argon2i$v=19$m=512,t=2,p=2$RVV0UDM1REIyaDFG$shPH16qN2KsXFn1ud5r5JA",
        "last_login": null,
        "is_superuser": false,
        "email": "instructor03@bogus.com",
        "is_staff": false,
        "is_active": true,
        "date_joined": "2018-09-06T00:02:08.925Z",
        "name": "User Name",
        "groups": [
            [
                "instructor"
            ]
        ],
        "user_permissions": []
    }
},
{
    "model": "authtools.user",
    "pk": 4,
    "fields": {
        "password": "pbkdf2_sha256$36000$7IWHqHRmEqHJ$MACKzkY9ez1AP8w+m6vBWJDgnBB63qiZ8ltnHRgp9DA=",
        "last_login": "2017-12-21T09:57:47.744Z",
        "is_superuser": false,
        "email": "instructor01@bogus.com",
        "is_staff": false,
        "is_active": true,
        "date_joined": "2017-11-13T10:44:13.687Z",
        "name": "Instructor One",
        "groups": [
            [
                "instructor"
            ]
        ],
        "user_permissions": []
    }
},
{
    "model": "authtools.user",
    "pk": 11,
    "fields": {
        "password": "pbkdf2_sha256$36000$XeDuhpNRol7k$Qu9fFGGtZ1g2KrZMoZB3C9Vayli2fgUJ49xCS/t/6W4=",
        "last_login": null,
        "is_superuser": false,
        "email": "student01@bogus.com",
        "is_staff": false,
        "is_active": true,
        "date_joined": "2018-03-26T04:16:01.691Z",
        "name": "",
        "groups": [
            [
                "instructor"
            ]
        ],
        "user_permissions": []
    }
},
{
    "model": "authtools.user",
    "pk": 12,
    "fields": {
        "password": "pbkdf2_sha256$36000$JKVFE2sK9BzN$zjfY5NimWe+fuOZAEyX7CPG7ly8GXk0+M5O7encViMU=",
        "last_login": null,
        "is_superuser": false,
        "email": "student02@bogus.com",
        "is_staff": false,
        "is_active": true,
        "date_joined": "2018-03-26T04:16:01.732Z",
        "name": "",
        "groups": [
            [
                "instructor"
            ]
        ],
        "user_permissions": []
    }
},
{
    "model": "authtools.user",
    "pk": 13,
    "fields": {
        "password": "pbkdf2_sha256$36000$MET2JrwSIMXM$AUqSrF/6Q2/YkWyUU56kTRQg4qNrgqxidaIw0vBzLhs=",
        "last_login": null,
        "is_superuser": false,
        "email": "student03@bogus.com",
        "is_staff": false,
        "is_active": true,
        "date_joined": "2018-03-26T04:16:03.687Z",
        "name": "",
        "groups": [
            [
                "instructor"
            ]
        ],
        "user_permissions": []
    }
},
{
    "model": "authtools.user",
    "pk": 14,
    "fields": {
        "password": "pbkdf2_sha256$36000$XioovtFBwfjc$e2tr+VFyxmzDj51nCmRqsnOCzwObdCN/sQVKW9NqGWU=",
        "last_login": "2018-05-16T03:39:11.630Z",
        "is_superuser": true,
        "email": "superuser@bogus.com",
        "is_staff": true,
        "is_active": true,
        "date_joined": "2018-04-17T05:02:24.297Z",
        "name": "Super User",
        "groups": [
            [
                "instructor"
            ]
        ],
        "user_permissions": []
    }
},
{
    "model": "siteprefs.preference",
    "pk": 1,
    "fields": {
        "app": "core",
        "name": "help_url",
        "text": "html/index.html"
    }
},
{
    "model": "siteprefs.preference",
    "pk": 2,
    "fields": {
        "app": "core",
        "name": "minute_step",
        "text": "15"
    }
},
{
    "model": "siteprefs.preference",
    "pk": 3,
    "fields": {
        "app": "dataops",
        "name": "plugin_directory",
        "text": "/Users/pardosa/ontask_b/src/plugins"
    }
},
{
    "model": "siteprefs.preference",
    "pk": 4,
    "fields": {
        "app": "action",
        "name": "notification_template",
        "text": "\n<html>\n<head/>\n<body>\n<p>Dear {{ user.name }}</p>\n\n<p>This message is to inform you that on {{ email_sent_datetime }}  \n{{ num_messages }} email{% if num_messages > 1 %}s{% endif %} were sent \nresulting from the execution of the action with name \"{{ action.name }}\".</p> \n\n{% if filter_present %}\n<p>The action had a filter that reduced the number of messages from \n{{ num_rows }} to {{ num_selected }}.</p> \n{% else %}\n<p>All the data rows stored in the workflow table were used.</p>\n{% endif %}\n\nRegards.\nThe OnTask Support Team\n</body></html>"
    }
},
{
    "model": "siteprefs.preference",
    "pk": 5,
    "fields": {
        "app": "action",
        "name": "notification_subject",
        "text": "OnTask: Action executed"
    }
},
{
    "model": "siteprefs.preference",
    "pk": 6,
    "fields": {
        "app": "action",
        "name": "notification_sender",
        "text": "ontask@ontasklearning.org"
    }
},
{
    "model": "siteprefs.preference",
    "pk": 7,
    "fields": {
        "app": "logs",
        "name": "max_list_size",
        "text": "200"
    }
},
{
    "model": "profiles.profile",
    "pk": 11,
    "fields": {
        "slug": "fc6a5601-2dd0-4d18-94ff-0ff3ce5c11bc",
        "picture": "",
        "bio": null,
        "email_verified": false
    }
},
{
    "model": "profiles.profile",
    "pk": 12,
    "fields": {
        "slug": "fdadc0dd-5a61-4d0a-900a-bf4c9ce91472",
        "picture": "",
        "bio": null,
        "email_verified": false
    }
},
{
    "model": "profiles.profile",
    "pk": 13,
    "fields": {
        "slug": "a0f85b12-6c5d-42a0-b7e8-42798bc7e6e3",
        "picture": "",
        "bio": null,
        "email_verified": false
    }
},
{
    "model": "profiles.profile",
    "pk": 4,
    "fields": {
        "slug": "32cb7297-eaa3-492d-afcb-2ad7ccd90299",
        "picture": "",
        "bio": null,
        "email_verified": false
    }
},
{
    "model": "profiles.profile",
    "pk": 14,
    "fields": {
        "slug": "dbfeabe5-1893-46e1-9a5b-40f3a7232abb",
        "picture": "",
        "bio": null,
        "email_verified": false
    }
},
{
    "model": "profiles.profile",
    "pk": 2,
    "fields": {
        "slug": "42437531-ddf1-4d2e-ac0a-40a306af0f3f",
        "picture": "",
        "bio": null,
        "email_verified": false
    }
},
{
    "model": "profiles.profile",
    "pk": 3,
    "fields": {
        "slug": "673fd1ac-6ec2-4e07-b8b6-7bd28e1c0364",
        "picture": "",
        "bio": null,
        "email_verified": false
    }
},
{
    "model": "workflow.workflow",
    "pk": 28,
    "fields": {
        "user": [
            "instructor02@bogus.com"
        ],
        "name": "Scenario 4",
        "description_text": "Send an email to each of the students in a program with different explanations of why the course is relevant for their degree.",
        "created": "2018-05-03T23:24:19.560Z",
        "modified": "2018-05-23T03:43:02.818Z",
        "nrows": 500,
        "ncols": 10,
        "attributes": {},
        "query_builder_ops": [
            {
                "id": "SID",
                "type": "integer"
            },
            {
                "id": "email",
                "type": "string"
            },
            {
                "id": "Attendance",
                "type": "string"
            },
            {
                "id": "Enrolment Type",
                "type": "string"
            },
            {
                "id": "Gender",
                "type": "string"
            },
            {
                "id": "GivenName",
                "type": "string"
            },
            {
                "id": "MiddleInitial",
                "type": "string"
            },
            {
                "id": "Program",
                "type": "string"
            },
            {
                "id": "Surname",
                "type": "string"
            },
            {
                "id": "Course Code",
                "type": "string"
            }
        ],
        "data_frame_table_name": "__ONTASK_WORKFLOW_TABLE_28",
        "session_key": "",
        "shared": []
    }
},
{
    "model": "workflow.workflow",
    "pk": 35,
    "fields": {
        "user": [
            "instructor01@bogus.com"
        ],
        "name": "Plugin test",
        "description_text": "Workflow to test plugin execution.",
        "created": "2018-05-15T11:44:53.189Z",
        "modified": "2018-05-28T04:19:42.028Z",
        "nrows": 3,
        "ncols": 4,
        "attributes": {},
        "query_builder_ops": [
            {
                "id": "email",
                "type": "string"
            },
            {
                "id": "sis id",
                "type": "integer"
            },
            {
                "id": "student id",
                "type": "integer"
            },
            {
                "id": "A1",
                "type": "integer"
            },
            {
                "id": "A2",
                "type": "integer"
            },
            {
                "id": "SCORE",
                "type": "integer"
            }
        ],
        "data_frame_table_name": "__ONTASK_WORKFLOW_TABLE_35",
        "session_key": "03jyqfznsmggg3stvpxinu2m2uzmopx5",
        "shared": []
    }
},
{
    "model": "workflow.workflow",
    "pk": 53,
    "fields": {
        "user": [
            "instructor02@bogus.com"
        ],
        "name": "sss",
        "description_text": "",
        "created": "2018-05-23T03:43:06.222Z",
        "modified": "2018-05-23T03:55:33.902Z",
        "nrows": 3,
        "ncols": 6,
        "attributes": {},
        "query_builder_ops": [
            {
                "id": "sid",
                "type": "integer"
            },
            {
                "id": "name",
                "type": "string"
            },
            {
                "id": "email",
                "type": "string"
            },
            {
                "id": "age",
                "type": "double",
                "validation": {
                    "step": "any"
                }
            },
            {
                "id": "registered",
                "type": "boolean",
                "input": "radio",
                "values": {
                    "0": "No",
                    "1": "Yes"
                },
                "operators": [
                    "equal"
                ]
            },
            {
                "id": "when",
                "type": "datetime"
            }
        ],
        "data_frame_table_name": "__ONTASK_WORKFLOW_TABLE_53",
        "session_key": "",
        "shared": []
    }
},
{
    "model": "workflow.column",
    "pk": 943,
    "fields": {
        "name": "SID",
        "description_text": "",
        "workflow": 28,
        "data_type": "integer",
        "is_key": true,
        "position": 1,
        "in_viz": true,
        "categories": [],
        "active_from": null,
        "active_to": null
    }
},
{
    "model": "workflow.column",
    "pk": 944,
    "fields": {
        "name": "email",
        "description_text": "",
        "workflow": 28,
        "data_type": "string",
        "is_key": true,
        "position": 2,
        "in_viz": true,
        "categories": [],
        "active_from": null,
        "active_to": null
    }
},
{
    "model": "workflow.column",
    "pk": 945,
    "fields": {
        "name": "Attendance",
        "description_text": "",
        "workflow": 28,
        "data_type": "string",
        "is_key": false,
        "position": 3,
        "in_viz": true,
        "categories": [],
        "active_from": null,
        "active_to": null
    }
},
{
    "model": "workflow.column",
    "pk": 946,
    "fields": {
        "name": "Enrolment Type",
        "description_text": "",
        "workflow": 28,
        "data_type": "string",
        "is_key": false,
        "position": 4,
        "in_viz": true,
        "categories": [],
        "active_from": null,
        "active_to": null
    }
},
{
    "model": "workflow.column",
    "pk": 947,
    "fields": {
        "name": "Gender",
        "description_text": "",
        "workflow": 28,
        "data_type": "string",
        "is_key": false,
        "position": 5,
        "in_viz": true,
        "categories": [],
        "active_from": null,
        "active_to": null
    }
},
{
    "model": "workflow.column",
    "pk": 948,
    "fields": {
        "name": "GivenName",
        "description_text": "",
        "workflow": 28,
        "data_type": "string",
        "is_key": false,
        "position": 6,
        "in_viz": true,
        "categories": [],
        "active_from": null,
        "active_to": null
    }
},
{
    "model": "workflow.column",
    "pk": 949,
    "fields": {
        "name": "MiddleInitial",
        "description_text": "",
        "workflow": 28,
        "data_type": "string",
        "is_key": false,
        "position": 7,
        "in_viz": true,
        "categories": [],
        "active_from": null,
        "active_to": null
    }
},
{
    "model": "workflow.column",
    "pk": 950,
    "fields": {
        "name": "Program",
        "description_text": "",
        "workflow": 28,
        "data_type": "string",
        "is_key": false,
        "position": 8,
        "in_viz": true,
        "categories": [],
        "active_from": null,
        "active_to": null
    }
},
{
    "model": "workflow.column",
    "pk": 951,
    "fields": {
        "name": "Surname",
        "description_text": "",
        "workflow": 28,
        "data_type": "string",
        "is_key": false,
        "position": 9,
        "in_viz": true,
        "categories": [],
        "active_from": null,
        "active_to": null
    }
},
{
    "model": "workflow.column",
    "pk": 952,
    "fields": {
        "name": "Course Code",
        "description_text": "",
        "workflow": 28,
        "data_type": "string",
        "is_key": false,
        "position": 10,
        "in_viz": true,
        "categories": [],
        "active_from": null,
        "active_to": null
    }
},
{
    "model": "workflow.column",
    "pk": 1157,
    "fields": {
        "name": "email",
        "description_text": "",
        "workflow": 35,
        "data_type": "string",
        "is_key": true,
        "position": 1,
        "in_viz": true,
        "categories": [],
        "active_from": null,
        "active_to": null
    }
},
{
    "model": "workflow.column",
    "pk": 1159,
    "fields": {
        "name": "A1",
        "description_text": "",
        "workflow": 35,
        "data_type": "integer",
        "is_key": false,
        "position": 3,
        "in_viz": true,
        "categories": [],
        "active_from": null,
        "active_to": null
    }
},
{
    "model": "workflow.column",
    "pk": 1160,
    "fields": {
        "name": "student id",
        "description_text": "",
        "workflow": 35,
        "data_type": "integer",
        "is_key": true,
        "position": 2,
        "in_viz": true,
        "categories": [],
        "active_from": null,
        "active_to": null
    }
},
{
    "model": "workflow.column",
    "pk": 1161,
    "fields": {
        "name": "A2",
        "description_text": "",
        "workflow": 35,
        "data_type": "integer",
        "is_key": false,
        "position": 4,
        "in_viz": true,
        "categories": [],
        "active_from": null,
        "active_to": null
    }
},
{
    "model": "workflow.column",
    "pk": 1659,
    "fields": {
        "name": "sid",
        "description_text": "",
        "workflow": 53,
        "data_type": "integer",
        "is_key": true,
        "position": 1,
        "in_viz": true,
        "categories": [],
        "active_from": null,
        "active_to": null
    }
},
{
    "model": "workflow.column",
    "pk": 1660,
    "fields": {
        "name": "name",
        "description_text": "",
        "workflow": 53,
        "data_type": "string",
        "is_key": false,
        "position": 2,
        "in_viz": true,
        "categories": [],
        "active_from": null,
        "active_to": null
    }
},
{
    "model": "workflow.column",
    "pk": 1661,
    "fields": {
        "name": "email",
        "description_text": "",
        "workflow": 53,
        "data_type": "string",
        "is_key": true,
        "position": 3,
        "in_viz": true,
        "categories": [],
        "active_from": null,
        "active_to": null
    }
},
{
    "model": "workflow.column",
    "pk": 1662,
    "fields": {
        "name": "age",
        "description_text": "",
        "workflow": 53,
        "data_type": "double",
        "is_key": true,
        "position": 4,
        "in_viz": true,
        "categories": [],
        "active_from": null,
        "active_to": null
    }
},
{
    "model": "workflow.column",
    "pk": 1663,
    "fields": {
        "name": "registered",
        "description_text": "",
        "workflow": 53,
        "data_type": "boolean",
        "is_key": false,
        "position": 5,
        "in_viz": true,
        "categories": [],
        "active_from": null,
        "active_to": null
    }
},
{
    "model": "workflow.column",
    "pk": 1664,
    "fields": {
        "name": "when",
        "description_text": "",
        "workflow": 53,
        "data_type": "datetime",
        "is_key": false,
        "position": 6,
        "in_viz": true,
        "categories": [],
        "active_from": null,
        "active_to": null
    }
},
{
    "model": "dataops.pluginregistry",
    "pk": 8,
    "fields": {
        "filename": "test_plugin_2",
        "modified": "2018-05-28T01:00:42.649Z",
        "name": "Test Plungin 2 Name",
        "description_txt": "Test Plugin 2 Description Text",
        "is_verified": true,
        "executed": null
    }
},
{
    "model": "dataops.pluginregistry",
    "pk": 9,
    "fields": {
        "filename": "test_plugin_1",
        "modified": "2018-05-28T01:00:42.598Z",
        "name": "Test Plungin 1 Name",
        "description_txt": "Test Plugin 1 Description Text",
        "is_verified": true,
        "executed": null
    }
},
{
    "model": "table.view",
    "pk": 26,
    "fields": {
        "workflow": 35,
        "name": "sxx",
        "description_text": "",
        "created": "2018-05-23T03:11:29.097Z",
        "modified": "2018-05-23T03:11:29.097Z",
        "formula": {
            "not": false,
            "rules": [],
            "valid": true,
            "condition": "AND"
        },
        "columns": [
            1157
        ]
    }
},
{
    "model": "action.action",
    "pk": 68,
    "fields": {
        "workflow": 28,
        "name": "Email students in SMED",
        "description_text": "Message to those students in SMED",
        "created": "2018-05-03T23:24:19.740Z",
        "modified": "2018-09-06T00:02:34.236Z",
        "last_executed_log": null,
        "action_type": "personalized_text",
        "serve_enabled": false,
        "active_from": null,
        "active_to": null,
        "text_content": "<p>Hello&nbsp;{{ GivenName }}</p><p>Welcome to the course. As you may know, there are several techniques and concepts in <b>SMED</b> that are relevant to this course. For example one of them is ....</p><p><br></p><p>Regards.</p><p>Sarah Johnson</p><p>Course Coordinator</p>",
        "target_url": "",
        "shuffle": false
    }
},
{
    "model": "action.action",
    "pk": 69,
    "fields": {
        "workflow": 28,
        "name": "Email to students in FASS",
        "description_text": "Message to students in program FASS",
        "created": "2018-05-03T23:24:19.778Z",
        "modified": "2018-09-06T00:02:34.237Z",
        "last_executed_log": null,
        "action_type": "personalized_text",
        "serve_enabled": false,
        "active_from": null,
        "active_to": null,
        "text_content": "<p>Hello&nbsp;{{ GivenName }}</p><p>Welcome to the course. As you may know, there are several techniques and concepts in <b>FASS</b> that are relevant to this course. For example one of them is ....</p><p><br></p><p>Regards.</p><p>Sarah Johnson</p><p>Course Coordinator</p>",
        "target_url": "",
        "shuffle": false
    }
},
{
    "model": "action.action",
    "pk": 70,
    "fields": {
        "workflow": 28,
        "name": "Email to students in FEIT",
        "description_text": "Message to those students in FEIT",
        "created": "2018-05-03T23:24:19.807Z",
        "modified": "2018-09-06T00:02:34.238Z",
        "last_executed_log": null,
        "action_type": "personalized_text",
        "serve_enabled": false,
        "active_from": null,
        "active_to": null,
        "text_content": "<p>Hello&nbsp;{{ GivenName }}</p><p>Welcome to the course. As you may know, there are several techniques and concepts in <b>FEIT</b> that are relevant to this course. For example one of them is ....</p><p><br></p><p>Regards.</p><p>Sarah Johnson</p><p>Course Coordinator</p>",
        "target_url": "",
        "shuffle": false
    }
},
{
    "model": "action.action",
    "pk": 71,
    "fields": {
        "workflow": 28,
        "name": "Email to students in FSCI",
        "description_text": "Message to students in program FSCI",
        "created": "2018-05-03T23:24:19.832Z",
        "modified": "2018-09-06T00:02:34.239Z",
        "last_executed_log": null,
        "action_type": "personalized_text",
        "serve_enabled": false,
        "active_from": null,
        "active_to": null,
        "text_content": "<p>Hello&nbsp;{{ GivenName }}</p><p>Welcome to the course. As you may know, there are several techniques and concepts in <b>FSCI</b> that are relevant to this course. For example one of them is ....</p><p><br></p><p>Regards.</p><p>Sarah Johnson</p><p>Course Coordinator</p>",
        "target_url": "",
        "shuffle": false
    }
},
{
    "model": "action.action",
    "pk": 72,
    "fields": {
        "workflow": 28,
        "name": "aaa",
        "description_text": "This is the description",
        "created": "2018-05-03T23:24:31.031Z",
        "modified": "2018-09-06T00:02:34.240Z",
        "last_executed_log": null,
        "action_type": "survey",
        "serve_enabled": false,
        "active_from": null,
        "active_to": null,
        "text_content": "",
        "target_url": "",
        "shuffle": false
    }
},
{
    "model": "action.condition",
    "pk": 199,
    "fields": {
        "action": 68,
        "name": "Students in SMED",
        "description_text": "",
        "formula": {
            "rules": [
                {
                    "id": "Program",
                    "type": "string",
                    "field": "Program",
                    "input": "text",
                    "value": "SMED",
                    "operator": "equal"
                }
            ],
            "valid": true,
            "condition": "AND"
        },
        "n_rows_selected": 129,
        "is_filter": true,
        "created": "2018-05-03T23:24:19.757Z",
        "modified": "2018-05-22T12:18:44.200Z",
        "columns": [
            950
        ]
    }
},
{
    "model": "action.condition",
    "pk": 200,
    "fields": {
        "action": 69,
        "name": "Students in FASS",
        "description_text": "",
        "formula": {
            "rules": [
                {
                    "id": "Program",
                    "type": "string",
                    "field": "Program",
                    "input": "text",
                    "value": "FASS",
                    "operator": "equal"
                }
            ],
            "valid": true,
            "condition": "AND"
        },
        "n_rows_selected": 124,
        "is_filter": true,
        "created": "2018-05-03T23:24:19.791Z",
        "modified": "2018-05-22T12:18:44.205Z",
        "columns": [
            950
        ]
    }
},
{
    "model": "action.condition",
    "pk": 201,
    "fields": {
        "action": 70,
        "name": "Students in FEIT",
        "description_text": "",
        "formula": {
            "rules": [
                {
                    "id": "Program",
                    "type": "string",
                    "field": "Program",
                    "input": "text",
                    "value": "FEIT",
                    "operator": "equal"
                }
            ],
            "valid": true,
            "condition": "AND"
        },
        "n_rows_selected": 126,
        "is_filter": true,
        "created": "2018-05-03T23:24:19.818Z",
        "modified": "2018-05-22T12:18:44.209Z",
        "columns": [
            950
        ]
    }
},
{
    "model": "action.condition",
    "pk": 202,
    "fields": {
        "action": 71,
        "name": "Students in FSCI",
        "description_text": "",
        "formula": {
            "rules": [
                {
                    "id": "Program",
                    "type": "string",
                    "field": "Program",
                    "input": "text",
                    "value": "FSCI",
                    "operator": "equal"
                }
            ],
            "valid": true,
            "condition": "AND"
        },
        "n_rows_selected": 121,
        "is_filter": true,
        "created": "2018-05-03T23:24:19.856Z",
        "modified": "2018-05-22T12:18:44.213Z",
        "columns": [
            950
        ]
    }
},
{
    "model": "action.condition",
    "pk": 203,
    "fields": {
        "action": 72,
        "name": "afaf",
        "description_text": "",
        "formula": {
            "rules": [
                {
                    "id": "SID",
                    "type": "integer",
                    "field": "SID",
                    "input": "number",
                    "value": "3",
                    "operator": "equal"
                }
            ],
            "valid": true,
            "condition": "AND"
        },
        "n_rows_selected": 0,
        "is_filter": true,
        "created": "2018-05-03T23:30:10.049Z",
        "modified": "2018-05-22T12:18:44.265Z",
        "columns": [
            943
        ]
    }
},
{
    "model": "action.actioncolumnconditiontuple",
    "pk": 1,
    "fields": {
        "action": 72,
        "column": 943,
        "condition": null
    }
},
{
    "model": "action.actioncolumnconditiontuple",
    "pk": 2,
    "fields": {
        "action": 72,
        "column": 945,
        "condition": null
    }
}
]
